,-14,-38,-17,-37,-21,-40,-23,-43,-25,-47,-27,-53,-25,-60,-26,-68,-25,-67,-25,-68,-25,-72,-22,-75,-17,-77,-18,-78,-20,-70,-20,-64,-20,-56,-22,-56,-30,-59,-34,-64,-33,-67,-34,-69,-34,-67]"
CSI_DATA,16151,1a:00:00:00:00:00,-1,11,1,0,0,1,1,0,0,0,0,-96,0,6,0,51526520,0,47,1,256,1,"[47,-16,2,0,5,93,11,103,14,102,13,90,13,92,13,98,12,93,12,77,21,71,34,81,35,83,34,87,34,94,34,98,29,95,27,87,32,93,25,88,17,74,19,72,19,62,17,46,22,44,29,41,24,33,4,7,0,0,0,0,0,0,0,0,0,0,0,0,0,0,0,0,0,0,-6,9,-13,35,-7,32,-17,44,-22,55,-12,46,-4,46,-4,53,-12,59,-21,67,-22,69,-19,77,-19,88,-19,86,-21,87,-26,91,-37,91,-39,77,-28,63,-28,73,-28,84,-23,81,-21,68,-12,67,-1,90,1,101,-5,93,-11,24,-27,82,-26,82,-21,85,-17,78,-15,71,-10,76,-8,82,-8,82,-10,83,-8,82,-6,79,-3,76,0,76,4,79,6,83,2,90,-4,87,-5,80,-5,71,-2,68,0,68,-3,61,-5,52,-2,49,-2,45,-6,44,-26,40,-29,40,-6,8,-3,2,-1,-1,1,-1,-1,-1,-3,0,-9,2,-45,16,-36,17,-19,25,-20,28,-27,34,-37,39,-37,39,-33,44,-28,49,-30,54,-37,60,-45,60,-49,57,-48,53,-47,51,-49,54,-51,57,-55,58,-56,59,-51,56,-46,57,-43,62,-42,65,-43,63,-40,61,-36,70,-35,75,-34,70]"
CSI_DATA,16152,1a:00:00:00:00:00,-1,11,1,0,0,1,1,0,0,0,0,-96,0,6,0,51526794,0,47,1,256,1,"[47,-16,2,0,-75,-55,-85,-58,-86,-56,-78,-51,-79,-47,-84,-47,-80,-44,-70,-37,-68,-43,-74,-53,-70,-53,-67,-53,-72,-55,-82,-55,-83,-54,-76,-55,-77,-56,-75,-50,-66,-42,-62,-41,-54,-38,-43,-38,-37,-38,-35,-30,-30,-23,-7,-6,0,0,0,0,0,0,0,0,0,0,0,0,0,0,0,0,0,0,-10,-8,-34,-23,-29,-16,-34,-27,-40,-35,-36,-28,-44,-20,-54,-15,-54,-19,-56,-34,-52,-52,-51,-67,-52,-73,-48,-69,-50,-64,-57,-66,-60,-75,-54,-70,-46,-58,-49,-59,-57,-58,-59,-52,-51,-50,-48,-53,-58,-64,-62,-71,-57,-71,-27,-6,-80,-19,-82,-20,-81,-21,-79,-19,-76,-18,-76,-17,-76,-17,-76,-16,-74,-9,-74,-6,-73,-5,-68,-2,-68,-2,-71,-2,-76,-3,-80,-3,-77,-7,-74,-13,-73,-16,-62,-13,-59,-12,-51,-12,-44,-9,-43,-10,-41,-13,-39,-15,-33,-2,-25,-4,-6,-1,-1,-1,0,0,1,0,0,-1,-3,-1,-7,0,-37,3,-30,9,-28,1,-33,1,-40,-7,-45,-17,-46,-17,-49,-16,-51,-18,-53,-21,-55,-26,-56,-31,-57,-32,-59,-31,-57,-33,-64,-38,-65,-42,-67,-47,-69,-47,-65,-41,-59,-39,-59,-38,-59,-35,-59,-29,-60,-28,-67,-30,-71,-29,-71,-27]"
CSI_DATA,16156,1a:00:00:00:00:00,0,11,1,0,0,1,1,0,0,0,0,-96,0,6,0,51540101,0,47,1,256,1,"[47,-16,2,0,56,-81,53,-76,56,-66,56,-61,53,-68,52,-75,44,-78,39,-84,47,-91,48,-89,39,-70,40,-53,45,-63,43,-87,38,-101,38,-100,38,-86,37,-72,37,-65,35,-63,33,-61,29,-60,24,-59,24,-46,31,-37,8,-10,0,0,0,0,0,0,0,0,0,0,0,0,0,0,0,0,0,0,5,-6,17,-20,19,-19,35,-30,41,-36,35,-35,34,-39,37,-45,33,-43,43,-47,66,-56,81,-52,84,-41,79,-38,69,-35,69,-37,78,-40,76,-40,68,-46,65,-47,64,-39,60,-39,60,-49,72,-56,77,-58,73,-55,66,-49,9,-22,36,-74,38,-79,37,-81,36,-82,32,-81,26,-81,22,-77,19,-76,19,-79,24,-78,25,-66,24,-65,26,-74,26,-80,23,-79,23,-79,23,-80,22,-81,20,-78,18,-73,20,-68,23,-58,23,-49,21,-48,21,-40,21,-28,14,-20,14,-13,2,-2,1,-1,-1,0,-1,0,0,-1,1,-2,5,-4,20,-23,12,-24,11,-26,16,-26,27,-32,31,-37,24,-41,20,-47,18,-50,19,-49,29,-51,46,-51,58,-53,57,-49,56,-48,56,-51,56,-50,60,-51,58,-54,53,-56,51,-56,47,-53,45,-55,44,-59,47,-61,52,-64,54,-66,52,-65]"
CSI_DATA,16165,1a:00:00:00:00:00,-1,11,1,0,0,1,1,0,0,0,0,-96,0,6,0,51558206,0,47,1,256,1,"[47,-16,2,0,37,-90,39,-97,39,-94,35,-83,32,-84,30,-89,25,-85,19,-74,10,-75,2,-89,0,-90,6,-90,17,-98,22,-103,18,-96,12,-85,9,-89,15,-84,19,-71,18,-71,13,-69,3,-56,-5,-48,-7,-46,-1,-44,0,-11,0,0,0,0,0,0,0,0,0,0,0,0,0,0,0,0,0,0,8,-8,24,-27,15,-24,27,-33,39,-41,30,-35,21,-36,25,-41,35,-44,44,-56,42,-65,39,-69,42,-75,44,-75,47,-71,58,-71,72,-69,66,-55,51,-48,54,-54,57,-60,51,-60,45,-54,35,-60,31,-83,35,-92,37,-84,18,-19,56,-66,59,-69,58,-72,53,-73,48,-71,43,-71,37,-69,37,-69,38,-70,36,-72,38,-72,38,-70,39,-71,39,-77,37,-82,37,-82,37,-75,37,-73,38,-69,33,-64,30,-61,30,-54,27,-46,23,-43,21,-37,24,-33,32,-7,33,0,7,0,2,0,-1,0,-2,0,0,0,2,0,7,-1,43,-6,35,-10,22,-25,25,-26,34,-29,43,-29,40,-28,37,-33,39,-38,45,-38,52,-41,59,-39,61,-38,61,-36,60,-36,66,-39,70,-40,75,-38,74,-37,66,-35,63,-39,60,-43,58,-45,57,-45,55,-46,56,-52,60,-56,60,-55]"
CSI_DATA,16166,1a:00:00:00:00:00,-1,11,1,0,0,1,1,0,0,0,0,-96,0,6,0,51558366,0,47,1,256,1,"[47,-16,2,0,-63,80,-50,78,-31,76,-31,74,-33,78,-28,83,-27,85,-30,89,-32,92,-28,88,-25,76,-22,71,-19,81,-23,88,-30,97,-37,100,-32,89,-22,78,-17,71,-15,70,-10,62,-8,61,-10,64,-12,48,-17,36,-6,9,0,0,0,0,0,0,0,0,0,0,0,0,0,0,0,0,0,0,-9,6,-27,20,-26,14,-41,21,-56,35,-53,35,-41,31,-34,43,-31,54,-40,58,-60,60,-79,51,-84,40,-78,34,-66,34,-61,42,-73,42,-78,31,-71,31,-62,43,-54,48,-54,46,-61,50,-67,54,-67,58,-61,64,-57,66,-22,22,-67,71,-68,71,-60,69,-53,68,-51,69,-50,72,-45,73,-43,74,-39,73,-38,76,-36,78,-32,73,-33,73,-34,79,-34,83,-38,85,-44,84,-43,78,-41,74,-34,61,-28,56,-24,50,-22,49,-20,49,-20,41,-20,35,-25,22,-21,15,-3,3,-1,0,0,-1,0,-1,-1,-1,-2,1,-4,4,-24,23,-20,23,-18,19,-20,17,-32,17,-45,21,-49,25,-51,30,-51,34,-50,38,-53,40,-60,42,-66,38,-68,35,-69,31,-75,33,-75,33,-80,34,-83,33,-75,34,-67,33,-62,36,-62,35,-65,37,-66,43,-65,52,-63,60,-62,65]"
CSI_DATA,16167,1a:00:00:00:00:00,0,11,1,0,0,1,1,0,0,0,0,-96,0,6,0,51572927,0,47,1,256,1,"[47,-16,2,0,46,-99,40,-90,25,-75,27,-82,31,-87,28,-80,24,-86,17,-83,10,-75,7,-79,9,-81,10,-87,12,-91,14,-25,10,22,11,-42,19,-87,21,-73,21,-66,21,-69,17,-59,2,-51,-6,-57,6,-51,18,-48,5,-13,0,0,0,0,0,0,0,0,0,0,0,0,0,0,0,0,0,0,4,-6,18,-23,21,-29,28,-37,32,-37,31,-36,34,-45,33,-54,29,-53,29,-53,29,-64,42,-74,55,-71,56,-69,57,-70,60,-66,63,-64,62,-66,52,-63,49,-57,50,-49,53,-47,51,-55,40,-57,37,-64,39,-81,40,-91,27,-16,61,-53,50,-51,36,-43,27,-37,30,-42,40,-46,52,-49,60,-52,54,-55,55,-57,53,-55,51,-48,52,-48,54,-56,54,-46,54,-38,46,-52,45,-63,43,-57,46,-51,47,-45,44,-37,33,-32,28,-34,26,-28,25,-22,24,-4,17,-7,3,-2,-1,-1,-2,-1,-2,-1,0,0,2,0,5,0,30,1,25,-3,16,-10,19,-9,27,-13,36,-14,39,-18,43,-25,47,-27,51,-23,54,-15,57,-13,63,-15,64,-10,64,-5,67,-7,72,-8,74,-12,76,-16,69,-18,65,-18,60,-19,63,-21,67,-27,70,-27,70,-26,70,-27,64,-29]"
CSI_DATA,16169,1a:00:00:00:00:00,0,11,1,0,0,1,1,0,0,0,0,-96,0,6,0,51615758,0,47,1,256,1,"[47,-16,2,0,-69,80,-77,76,-77,59,-69,48,-70,54,-72,62,-64,65,-54,63,-51,68,-47,77,-38,78,-48,74,-68,70,-73,75,-61,83,-50,82,-52,69,-60,54,-62,46,-61,51,-56,53,-38,52,-20,51,-25,44,-37,36,-11,8,0,0,0,0,0,0,0,0,0,0,0,0,0,0,0,0,0,0,-8,5,-24,16,-15,20,-21,32,-28,30,-29,27,-36,41,-40,47,-42,38,-53,44,-57,62,-57,70,-62,67,-60,64,-61,55,-76,45,-90,42,-80,47,-65,50,-65,40,-71,30,-69,32,-61,40,-58,52,-62,66,-64,70,-58,66,-16,-8,-57,-9,-64,-7,-67,-8,-68,-12,-66,-11,-62,-7,-58,-4,-56,-3,-58,-1,-63,2,-61,4,-57,3,-62,0,-70,-2,-69,2,-64,2,-55,-2,-54,-5,-55,-8,-56,-7,-54,-5,-45,-6,-33,-5,-29,0,-28,0,-26,-4,-6,-28,0,-31,0,-7,0,-3,0,0,0,0,-1,-1,-2,-2,-4,-5,-21,-22,-19,-16,-21,1,-22,-5,-28,-8,-30,-15,-30,-14,-34,-7,-38,-5,-40,-9,-46,-10,-50,-9,-53,-8,-51,-8,-51,-11,-55,-19,-57,-25,-57,-27,-53,-24,-48,-20,-47,-21,-49,-21,-51,-21,-54,-19,-56,-12,-59,-7,-61,-5,-60,-6]"
CSI_DATA,16170,1a:00:00:00:00:00,-1,11,1,0,0,1,1,0,0,0,0,-96,0,6,0,51615972,0,47,1,256,1,"[47,-16,2,0,-97,-18,-100,-7,-93,13,-85,9,-84,1,-84,6,-86,10,-83,5,-80,6,-87,16,-87,15,-90,7,-97,8,-96,15,-97,12,-95,4,-95,6,-85,6,-70,2,-71,2,-63,3,-54,0,-53,-3,-44,5,-37,7,-10,1,0,0,0,0,0,0,0,0,0,0,0,0,0,0,0,0,0,0,-10,0,-37,3,-32,0,-45,-13,-66,-19,-58,-13,-47,-4,-51,-2,-63,-3,-73,-2,-72,-12,-73,-28,-78,-37,-76,-39,-82,-38,-89,-34,-87,-35,-75,-45,-64,-42,-77,-34,-79,-24,-69,-18,-63,-22,-60,-21,-78,-15,-99,-18,-103,-28,-12,-17,-44,-47,-46,-49,-45,-45,-33,-42,-26,-46,-32,-45,-38,-43,-41,-42,-46,-42,-47,-43,-46,-39,-43,-36,-43,-45,-49,-34,-53,-21,-55,-14,-50,-15,-46,-17,-39,-25,-29,-35,-27,-43,-25,-34,-24,-33,-25,-31,-23,-25,-24,-21,-12,-38,-17,-34,-4,-6,-3,-2,-1,0,-1,1,0,-1,1,-4,1,-10,7,-51,1,-43,-13,-13,-12,-17,-13,-24,-16,-33,-18,-38,-20,-39,-22,-38,-24,-39,-28,-40,-29,-46,-25,-52,-23,-54,-19,-52,-20,-53,-21,-52,-21,-56,-20,-62,-19,-59,-20,-51,-22,-44,-18,-45,-19,-51,-23,-54,-32,-51,-38,-48,-39,-46]"
CSI_DATA,16171,1a:00:00:00:00:00,0,11,1,0,0,1,1,0,0,0,0,-96,0,6,0,51616132,0,47,1,256,1,"[47,-16,2,0,-105,-24,-95,-14,-81,-1,-92,-7,-99,-15,-89,-11,-89,-6,-88,-3,-83,1,-85,9,-85,11,-86,6,-88,4,-87,7,-103,15,-106,10,-89,0,-76,-3,-68,-5,-67,-6,-57,-3,-54,6,-59,10,-46,3,-41,-2,-12,-1,0,0,0,0,0,0,0,0,0,0,0,0,0,0,0,0,0,0,-7,-2,-28,-9,-32,-11,-43,-16,-50,-23,-48,-26,-52,-29,-56,-29,-55,-23,-56,-19,-65,-22,-76,-34,-78,-48,-73,-49,-72,-47,-75,-46,-78,-50,-76,-51,-69,-46,-66,-44,-58,-42,-51,-40,-59,-39,-64,-33,-75,-27,-89,-25,-96,-26,-25,-11,-81,-34,-80,-39,-75,-40,-69,-39,-74,-38,-76,-35,-76,-29,-78,-24,-82,-23,-84,-24,-81,-21,-74,-21,-74,-24,-81,-24,-77,-19,-78,-17,-81,-15,-82,-16,-76,-17,-70,-21,-63,-22,-57,-22,-51,-17,-52,-15,-41,-17,-31,-17,-19,-16,-12,-9,-2,-1,0,0,0,0,0,1,0,-1,-3,-2,-5,-5,-19,-25,-15,-20,-19,-14,-19,-18,-25,-25,-33,-30,-39,-30,-46,-31,-48,-34,-49,-38,-48,-42,-49,-48,-54,-57,-54,-59,-49,-61,-47,-62,-48,-65,-50,-65,-53,-65,-51,-60,-50,-57,-47,-52,-48,-53,-54,-53,-60,-53,-65,-52,-69,-53,-69,-48]"
CSI_DATA,16173,1a:00:00:00:00:00,-1,11,1,0,0,1,1,0,0,0,0,-96,0,6,0,51660586,0,47,1,256,1,"[47,-16,2,0,7,89,10,85,10,80,7,76,7,79,9,82,12,80,18,84,22,95,26,92,21,70,9,59,10,69,23,85,31,33,25,-23,16,31,10,80,7,71,9,68,11,62,14,62,19,65,12,53,-1,43,-2,10,0,0,0,0,0,0,0,0,0,0,0,0,0,0,0,0,0,0,0,9,4,31,4,28,-3,45,-5,57,-2,53,2,52,8,56,12,54,7,62,-3,85,-15,95,-24,88,-22,77,-16,68,-14,69,-20,79,-22,79,-19,76,-16,73,-17,65,-17,62,-13,72,-14,84,-11,85,-6,77,-6,72,1,31,1,79,1,70,0,57,-2,50,-3,51,-2,60,3,74,8,85,15,84,19,91,18,86,13,76,7,74,9,80,18,85,26,73,27,50,21,61,12,75,7,76,4,72,1,66,0,56,3,55,-1,46,-5,33,-4,21,0,13,0,1,0,-1,0,-2,0,-2,-1,0,0,2,0,6,0,32,2,26,3,23,-1,25,-8,34,-10,44,-4,48,-1,54,-2,58,-5,61,-11,65,-20,75,-27,80,-26,74,-27,70,-28,71,-30,74,-31,77,-29,81,-25,77,-22,71,-22,66,-22,69,-19,75,-17,83,-16,85,-18,83,-19,77]"
CSI_DATA,16174,1a:00:00:00:00:00,0,11,1,0,0,1,1,0,0,0,0,-96,0,6,0,51660760,0,47,1,256,1,"[47,-16,2,0,62,-81,58,-74,53,-68,58,-77,54,-82,45,-79,39,-80,36,-79,42,-73,51,-72,55,-66,54,-65,51,-72,48,-82,47,-102,47,-102,48,-79,43,-66,36,-62,36,-62,33,-52,27,-47,24,-48,31,-33,39,-29,10,-9,0,0,0,0,0,0,0,0,0,0,0,0,0,0,0,0,0,0,5,-5,22,-19,24,-24,32,-28,36,-30,32,-37,36,-49,37,-55,30,-53,36,-50,53,-50,74,-47,87,-41,84,-42,78,-42,75,-43,78,-45,74,-50,63,-55,60,-52,60,-44,58,-43,58,-50,64,-49,74,-47,80,-53,79,-60,8,-23,34,-77,34,-80,31,-78,29,-78,31,-82,28,-84,23,-79,22,-76,24,-75,26,-75,27,-72,26,-68,26,-73,22,-80,17,-87,18,-94,20,-89,22,-82,22,-76,22,-71,23,-63,22,-49,19,-43,17,-42,20,-33,24,-26,2,-23,-1,-17,-1,-2,-1,-1,0,0,-2,1,0,-1,1,-2,4,-5,20,-28,13,-25,16,-23,19,-25,24,-30,26,-37,21,-44,19,-51,21,-53,24,-52,33,-51,45,-49,56,-51,61,-49,60,-47,59,-52,56,-52,55,-53,54,-59,49,-60,47,-58,47,-53,48,-53,50,-57,53,-59,54,-60,55,-64,55,-66]"
CSI_DATA,16175,1a:00:00:00:00:00,-1,11,1,0,0,1,1,0,0,0,0,-96,0,6,0,51736009,0,47,1,256,1,"[47,-16,2,0,-1,95,7,42,15,-17,15,30,14,87,14,94,10,92,8,81,15,83,21,92,18,89,15,87,18,95,19,102,12,97,5,89,5,92,4,86,3,74,4,73,6,68,2,56,-3,49,2,41,4,31,0,6,0,0,0,0,0,0,0,0,0,0,0,0,0,0,0,0,0,0,-1,11,4,39,10,33,-1,46,-8,56,-3,45,4,42,6,51,5,60,2,74,-7,80,-14,85,-14,89,-14,84,-13,80,-12,89,-18,98,-23,85,-21,70,-19,76,-15,83,-13,77,-16,68,-12,71,-3,91,-3,100,-10,94,-9,28,-21,90,-18,92,-12,77,-6,53,-4,61,-3,81,-2,87,-4,87,-4,88,-1,89,0,89,1,83,1,81,4,84,5,89,2,94,-3,91,-6,89,-8,86,-4,74,-3,68,-5,62,-7,55,-7,51,-9,47,-11,45,-23,40,-25,40,-6,8,-2,2,0,-1,0,-2,-1,-1,-2,1,-4,5,-21,33,-16,31,0,32,-1,37,-9,45,-18,52,-18,52,-14,54,-12,55,-13,59,-16,65,-25,71,-31,72,-31,70,-32,66,-34,70,-35,73,-39,77,-41,77,-38,71,-33,69,-28,70,-27,71,-28,71,-26,72,-24,80,-23,85,-23,83]"
CSI_DATA,16176,1a:00:00:00:00:00,0,11,1,0,0,1,1,0,0,0,0,-96,0,6,0,51736297,0,47,1,256,1,"[47,-16,2,0,-66,-70,-71,-75,-69,-74,-66,-66,-69,-65,-68,-67,-62,-62,-54,-48,-54,-45,-61,-54,-63,-58,-67,-65,-69,-72,-73,-75,-78,-69,-70,-60,-61,-66,-55,-65,-50,-56,-49,-54,-40,-46,-33,-32,-34,-29,-34,-34,-31,-35,-8,-9,0,0,0,0,0,0,0,0,0,0,0,0,0,0,0,0,0,0,-6,-10,-23,-31,-23,-24,-25,-34,-23,-39,-23,-29,-39,-27,-48,-24,-45,-24,-44,-40,-44,-53,-48,-63,-51,-71,-49,-69,-49,-71,-47,-77,-43,-84,-43,-74,-40,-59,-35,-61,-37,-68,-42,-69,-39,-61,-40,-57,-52,-70,-59,-75,-59,-68,-2,-26,-15,-82,-12,-81,-11,-80,-12,-80,-15,-77,-16,-75,-16,-70,-15,-70,-18,-70,-25,-73,-31,-75,-32,-82,-34,-77,-33,-67,-32,-52,-30,-47,-24,-45,-22,-56,-20,-69,-20,-74,-17,-65,-11,-54,-10,-43,-14,-40,-11,-39,-5,-41,15,-32,16,-28,4,-6,1,-2,-1,0,-2,0,0,0,2,-2,5,-6,24,-32,13,-27,-8,-28,-4,-29,-1,-37,6,-41,6,-39,0,-40,-4,-45,-2,-47,1,-55,3,-60,-1,-66,-1,-66,2,-66,8,-73,11,-73,18,-73,19,-69,19,-62,16,-60,10,-62,2,-62,-1,-66,-6,-66,-9,-74,-11,-77,-11,-76]"
CSI_DATA,16177,1a:00:00:00:00:00,-1,11,1,0,0,1,1,0,0,0,0,-96,0,6,0,51781288,0,47,1,256,1,"[47,-16,2,0,101,17,92,5,82,-12,86,-7,92,1,91,0,91,-1,92,-3,92,-8,90,-16,82,-15,78,-7,84,-6,87,-15,101,-17,107,-6,91,-1,76,-1,67,0,67,-1,62,-3,63,-5,65,-6,46,-6,35,-1,9,0,0,0,0,0,0,0,0,0,0,0,0,0,0,0,0,0,0,0,10,0,36,-1,31,2,44,11,63,17,59,17,50,16,55,12,60,6,63,4,73,11,84,26,83,36,74,35,69,29,75,27,82,34,76,42,68,39,71,33,64,28,56,29,64,30,73,28,82,20,89,13,90,15,26,10,85,32,85,32,81,28,70,23,66,22,74,22,80,19,81,17,84,16,86,17,84,15,76,14,74,18,81,16,88,10,97,9,94,13,87,16,80,17,69,19,61,19,56,17,55,15,56,13,46,12,38,9,30,8,24,0,3,-2,0,-2,0,-1,-2,-1,0,0,3,1,7,4,35,24,29,19,22,8,23,10,29,18,42,25,49,25,53,23,53,23,54,23,54,27,60,35,64,45,64,48,59,48,60,50,61,50,65,51,67,54,64,50,61,46,58,41,56,42,61,43,67,43,72,40,76,39,75,36]"
CSI_DATA,16179,1a:00:00:00:00:00,0,11,1,0,0,1,1,0,0,0,0,-96,0,6,0,51782000,0,47,1,256,1,"[47,-16,2,0,-99,13,-98,10,-91,-2,-90,0,-93,10,-93,11,-90,13,-83,17,-84,14,-88,8,-85,3,-86,1,-92,4,-102,11,-110,24,-102,26,-90,10,-80,1,-73,2,-73,3,-65,0,-51,4,-48,13,-51,6,-55,-1,-15,-1,0,0,0,0,0,0,0,0,0,0,0,0,0,0,0,0,0,0,-9,-3,-31,-7,-33,0,-48,-1,-51,-4,-47,2,-58,12,-61,20,-54,19,-61,7,-74,-1,-84,-10,-88,-20,-86,-19,-83,-14,-85,-17,-91,-26,-88,-17,-79,-4,-74,-9,-75,-17,-75,-13,-76,-8,-80,-8,-90,-12,-94,-13,-94,-11,-27,-6,-90,-18,-89,-19,-87,-20,-85,-24,-83,-20,-82,-15,-78,-12,-77,-10,-78,-7,-82,-6,-82,-4,-80,-5,-85,-9,-91,-10,-87,-7,-82,-5,-77,-6,-77,-10,-74,-15,-69,-15,-65,-15,-55,-13,-47,-10,-46,-6,-42,-7,-37,-12,-21,-18,-13,-19,-1,-4,0,-2,0,0,0,0,-1,-1,-2,-2,-5,-5,-29,-25,-27,-21,-33,-10,-34,-11,-41,-15,-42,-20,-40,-16,-48,-11,-51,-9,-52,-11,-59,-16,-64,-20,-71,-25,-73,-24,-72,-26,-74,-33,-73,-39,-73,-43,-71,-40,-65,-34,-62,-35,-61,-36,-62,-36,-66,-32,-70,-27,-77,-24,-82,-23,-82,-21]"
CSI_DATA,16180,1a:00:00:00:00:00,0,11,1,0,0,1,1,0,0,0,0,-96,0,6,0,51797680,0,47,1,256,1,"[47,-16,2,0,-2,98,-5,99,-16,92,-12,95,-4,99,-3,93,-1,87,-1,77,-5,75,-7,84,-6,86,-8,90,-10,95,-10,37,-1,-16,3,40,-13,93,-21,86,-19,76,-15,72,-11,58,0,47,6,49,-5,51,-17,54,-5,14,0,0,0,0,0,0,0,0,0,0,0,0,0,0,0,0,0,0,-3,7,-5,29,4,32,5,44,-2,47,0,45,7,63,16,67,15,53,6,55,4,68,-6,84,-18,92,-16,85,-15,79,-24,81,-33,89,-22,92,-8,82,-15,76,-23,74,-21,70,-18,68,-17,70,-19,82,-15,93,-12,98,-15,9,-36,39,-22,36,-15,33,-21,31,-33,36,-45,40,-52,41,-46,41,-46,40,-47,42,-47,44,-57,41,-53,40,-42,42,-31,29,-29,14,-21,24,-31,41,-47,41,-56,38,-45,33,-36,23,-29,17,-26,19,-27,17,-29,14,-29,-10,-21,-14,-3,-4,0,-2,0,0,1,0,-1,-1,-2,-1,-7,-3,-39,-10,-34,-5,-18,16,-19,13,-22,14,-26,11,-26,13,-24,22,-26,25,-30,21,-35,22,-35,24,-42,30,-47,33,-49,28,-57,21,-60,18,-59,17,-52,18,-43,17,-44,18,-46,22,-49,21,-54,23,-53,28,-52,32,-51,36,-51,39]"
CSI_DATA,16181,1a:00:00:00:00:00,0,11,1,0,0,1,1,0,0,0,0,-96,0,6,0,51797849,0,47,1,256,1,"[47,-16,2,0,-91,-61,-83,-58,-71,-47,-65,-46,-66,-59,-68,-63,-73,-57,-80,-53,-84,-48,-85,-35,-82,-26,-78,-35,-78,-48,-83,-47,-95,-43,-94,-47,-71,-50,-56,-51,-52,-55,-54,-56,-50,-51,-53,-36,-61,-22,-48,-24,-32,-33,-8,-10,0,0,0,0,0,0,0,0,0,0,0,0,0,0,0,0,0,0,-8,-6,-29,-19,-32,-18,-42,-24,-43,-29,-42,-32,-50,-36,-53,-37,-47,-39,-49,-47,-64,-51,-73,-56,-70,-66,-67,-65,-62,-62,-53,-68,-52,-77,-59,-73,-57,-64,-45,-60,-32,-61,-34,-63,-48,-64,-57,-61,-67,-56,-76,-54,-77,-57,-22,-15,-74,-50,-76,-51,-72,-51,-70,-48,-70,-47,-71,-47,-70,-43,-70,-40,-71,-40,-73,-46,-70,-46,-64,-45,-67,-53,-76,-54,-83,-49,-88,-48,-82,-46,-72,-45,-68,-45,-61,-46,-55,-45,-43,-42,-36,-37,-37,-33,-29,-31,-19,-31,-20,-22,-19,-15,-4,-2,-1,0,0,0,0,0,-1,0,-1,-2,-3,-5,-21,-23,-20,-19,-27,-18,-28,-21,-34,-28,-37,-30,-40,-26,-48,-22,-51,-23,-48,-27,-48,-38,-50,-47,-51,-58,-49,-62,-48,-63,-50,-66,-50,-67,-52,-68,-56,-65,-55,-56,-49,-52,-45,-50,-46,-54,-52,-58,-56,-60,-58,-64,-60,-66,-58,-65]"
CSI_DATA,16182,1a:00:00:00:00:00,0,11,1,0,0,1,1,0,0,0,0,-96,0,6,1,-23,16,-63,59,-62,64,-60,70,-55,73,-54,67,-55,63,-57,60,-57,58,-55,62,-53,67,-52,69,-47,67,-46,66,-48,71,-49,75,-53,75,-57,65,,-55,62,-53,67,-52,69,-47,67,-46,66,-48,71,-49,75,-53,75,-57,65,-59,58,-60,51,-52,40,-48,37,-45,35,-41,33,-40,31,-37,27,-35,25,--59,58,-60,51,-52,40,-48,37,-45,35,-41,33,-40,31,-37,27,-35,25,--59,58,-60,51,-52,40,-48,37,-45,35,-41,33,-40,31,-37,27,-35,25,--59,58,-60,51,-52,40,-48,37,-45,35,-41,33,-40,31,-37,27,-35,25,--59,58,-60,51,-52,40,-48,37,-45,35,-41,33,-40,31,-37,27,-35,25,--59,58,-60,51,-52,40,-48,37,-45,35,-41,33,-40,31,-37,27,-35,25,--59,58,-60,51,-52,40,-48,37,-45,35,-41,33,-40,31,-37,27,-35,25,-2,33,-16,35,-26,37,-36,37,-38,36,-36,39,-34,38,-38,38,-46,42,-56,45,-60,48,-59,48,-58,44,-61,45,-63,47,-68,48,-70,46,-66,40,-63,36,-60,35,-60,37,-60,40,-59,43,-62,52,-64,60,-62,60]"
CSI_DATA,16263,1a:00:00:00:00:00,-1,11,1,0,0,1,1,0,0,0,0,-96,0,6,0,52534354,0,47,1,256,1,"[47,-16,2,0,-35,-100,-39,-94,-43,-74,-43,-76,-46,-77,-51,-67,-53,-67,-48,-67,-42,-68,-47,-72,-44,-69,-41,-71,-44,-78,-46,-75,-49,-82,-44,-90,-47,-83,-50,-67,-44,-54,-41,-55,-37,-49,-34,-48,-30,-54,-19,-43,-12,-39,-3,-11,0,0,0,0,0,0,0,0,0,0,0,0,0,0,0,0,0,0,-5,-8,-16,-28,-11,-24,-11,-37,-18,-60,-15,-61,-13,-51,-21,-49,-29,-50,-31,-56,-27,-67,-16,-85,-5,-93,3,-85,0,-82,-9,-86,-5,-90,6,-86,4,-78,-11,-81,-18,-72,-16,-61,-13,-65,-9,-66,-13,-73,-21,-84,-25,-90,10,-18,24,-61,23,-62,23,-57,24,-43,24,-41,19,-50,19,-59,17,-62,21,-66,24,-69,21,-62,19,-51,17,-48,14,-59,14,-68,14,-77,13,-75,14,-70,10,-60,12,-52,13,-45,16,-40,12,-36,10,-38,11,-33,9,-29,23,-28,20,-31,3,-7,0,-3,-1,-1,-2,-1,0,0,3,0,7,-1,38,-4,32,-6,6,-11,10,-11,14,-18,19,-27,22,-33,23,-37,20,-38,24,-34,27,-29,33,-30,39,-32,40,-30,44,-24,43,-27,42,-30,44,-35,49,-38,45,-38,38,-38,31,-39,33,-39,37,-44,45,-43,46,-40,41,-39,31,-38]"
CSI_DATA,16265,1a:00:00:00:00:00,0,11,1,0,0,1,1,0,0,0,0,-96,0,6,0,52590652,0,47,1,256,1,"[47,-16,2,0,-49,90,-49,88,-43,76,-44,77,-49,77,-49,70,-44,73,-34,73,-26,74,-23,83,-19,79,-21,76,-29,80,-30,85,-23,101,-25,102,-40,87,-49,74,-47,65,-42,65,-33,58,-16,54,-5,59,-13,51,-22,45,-6,12,0,0,0,0,0,0,0,0,0,0,0,0,0,0,0,0,0,0,-6,5,-19,21,-19,27,-26,36,-29,33,-28,34,-38,49,-43,56,-37,50,-39,49,-42,60,-53,71,-66,69,-62,63,-58,60,-64,54,-67,54,-61,65,-52,66,-56,55,-62,39,-62,36,-58,46,-52,54,-50,64,-50,76,-50,83,-21,13,-69,49,-72,51,-74,52,-74,52,-72,56,-70,58,-63,55,-59,54,-56,54,-59,55,-60,51,-59,44,-65,47,-68,54,-65,60,-65,66,-62,61,-64,55,-64,53,-59,49,-55,45,-48,35,-38,26,-32,28,-31,23,-28,15,-23,-4,-18,-5,-3,-1,-1,-1,0,0,1,-1,0,0,-2,-1,-6,-1,-31,2,-28,6,-26,15,-29,15,-37,19,-40,19,-39,24,-43,36,-45,40,-45,37,-53,32,-60,29,-71,28,-72,25,-72,21,-76,21,-78,20,-80,21,-77,28,-70,32,-70,29,-68,27,-69,27,-70,31,-70,34,-74,34,-79,37,-78,39]"
CSI_DATA,16266,1a:00:00:00:00:00,0,11,1,0,0,1,1,0,0,0,0,-96,0,6,0,52667992,0,47,1,256,1,"[47,-16,2,0,-47,-94,-44,-101,-32,-101,-32,-91,-40,-89,-41,-90,-41,-83,-39,-74,-39,-74,-43,-79,-44,-79,-43,-84,-42,-91,-47,-96,-59,-95,-58,-87,-43,-83,-32,-78,-30,-73,-30,-71,-28,-60,-29,-44,-34,-36,-26,-42,-15,-51,-4,-14,0,0,0,0,0,0,0,0,0,0,0,0,0,0,0,0,0,0,0,-12,-3,-40,-11,-34,-13,-41,-7,-44,-11,-41,-25,-53,-32,-56,-28,-49,-23,-59,-23,-73,-19,-85,-15,-94,-16,-92,-15,-86,-7,-90,-2,-98,-12,-93,-21,-79,-11,-77,-3,-81,-7,-80,-12,-75,-16,-78,-20,-91,-24,-98,-28,-96,-4,-35,-17,-87,-20,-78,-19,-66,-19,-55,-22,-48,-25,-63,-25,-77,-25,-86,-25,-79,-27,-83,-25,-83,-24,-83,-25,-89,-29,-92,-34,-83,-37,-75,-32,-74,-26,-78,-22,-76,-22,-74,-20,-70,-12,-61,-9,-51,-10,-48,-4,-44,4,-43,11,-25,12,-18,2,-3,1,-1,-1,0,-1,1,0,-1,0,-2,1,-6,4,-34,0,-29,-8,-32,-8,-36,-7,-45,-1,-48,-4,-45,-11,-50,-14,-54,-11,-58,-6,-69,0,-76,4,-82,5,-81,5,-80,6,-84,9,-87,13,-89,9,-87,5,-80,4,-77,5,-76,3,-78,0,-80,-2,-82,-2,-87,-3,-90,-4,-88]"
CSI_DATA,16267,1a:00:00:00:00:00,0,11,1,0,0,1,1,0,0,0,0,-96,0,6,0,52676871,0,47,1,256,1,"[47,-16,2,0,-75,-70,-65,-60,-58,-47,-61,-54,-69,-66,-71,-63,-73,-56,-80,-57,-86,-57,-87,-45,-77,-35,-63,-41,-62,-48,-73,-53,-95,-63,-95,-70,-67,-63,-49,-53,-46,-50,-46,-50,-40,-47,-47,-39,-62,-33,-49,-32,-32,-36,-8,-10,0,0,0,0,0,0,0,0,0,0,0,0,0,0,0,0,0,0,-9,-3,-30,-11,-29,-19,-39,-32,-43,-39,-40,-43,-48,-45,-58,-38,-51,-32,-46,-40,-63,-53,-74,-63,-66,-68,-58,-64,-47,-57,-39,-60,-42,-76,-47,-81,-45,-73,-36,-68,-27,-65,-30,-66,-45,-69,-56,-70,-63,-63,-65,-54,-61,-52,7,-20,14,-64,12,-65,16,-57,21,-44,19,-41,14,-48,8,-52,6,-53,0,-53,-6,-58,-6,-59,0,-54,10,-60,13,-65,6,-67,1,-67,1,-65,6,-64,11,-59,13,-52,14,-45,10,-40,4,-37,-4,-37,-2,-35,-2,-32,17,-16,10,-5,0,1,-2,1,-1,-1,-2,0,0,0,2,-2,6,-5,36,-21,29,-17,6,-11,6,-14,5,-21,8,-26,6,-31,4,-35,5,-34,11,-35,15,-40,12,-43,13,-49,15,-53,21,-52,31,-50,35,-48,32,-50,26,-51,20,-48,21,-44,21,-43,23,-42,21,-48,16,-55,12,-59,12,-59,11,-59]"
CSI_DATA,16268,1a:00:00:00:00:00,0,11,1,0,0,1,1,0,0,0,0,-96,0,6,0,52677040,0,47,1,256,1,"[47,-16,2,0,102,15,94,3,82,-15,85,-12,88,-4,87,-5,87,-5,85,-7,83,-15,84,-24,79,-26,78,-23,82,-19,85,-19,99,-19,102,-10,88,-4,77,-3,68,-1,67,-3,61,-7,57,-13,58,-12,43,-6,34,-1,9,0,0,0,0,0,0,0,0,0,0,0,0,0,0,0,0,0,0,0,9,-1,33,-4,33,-4,47,5,59,15,55,18,49,17,54,12,59,7,63,4,76,4,89,13,86,23,76,23,69,21,71,21,81,27,80,33,70,33,68,29,62,25,59,29,67,29,74,19,82,9,90,2,94,3,27,12,87,36,86,35,80,31,75,25,78,22,82,22,79,18,78,17,76,16,76,18,76,18,69,19,72,22,79,21,78,17,78,15,81,16,80,18,78,18,67,17,61,17,52,16,49,15,50,14,42,15,33,13,23,26,14,18,2,1,-1,-1,0,0,-2,-1,0,0,2,1,4,3,27,20,22,18,24,7,25,8,32,16,42,24,47,25,53,23,55,21,54,20,54,25,59,33,63,43,62,48,57,49,60,52,60,51,65,52,67,51,64,47,60,42,60,36,59,36,63,39,64,39,67,40,72,39,76,36]"
CSI_DATA,16269,1a:00:00:00:00:00,0,11,1,0,0,1,1,0,0,0,0,-96,0,6,0,52678183,0,47,1,256,1,"[47,-16,2,0,-40,-97,-35,-85,-23,-79,-25,-82,-41,-84,-51,-81,-58,-75,-59,-80,-49,-92,-42,-86,-36,-75,-29,-74,-34,-76,-52,-83,-71,-92,-70,-89,-48,-72,-39,-62,-41,-58,-44,-57,-38,-52,-34,-46,-37,-47,-27,-45,-18,-48,-5,-13,0,0,0,0,0,0,0,0,0,0,0,0,0,0,0,0,0,0,0,-7,1,-23,2,-28,0,-46,-6,-57,-10,-56,-12,-57,-20,-59,-24,-53,-19,-60,-7,-80,12,-90,25,-90,26,-88,19,-81,13,-78,18,-86,18,-90,8,-87,2,-80,3,-72,-4,-72,-10,-82,-1,-90,4,-93,1,-91,-2,-88,0,-27,-4,-92,-7,-94,-6,-88,-2,-84,-4,-84,-10,-83,-15,-79,-20,-77,-25,-80,-28,-85,-31,-81,-32,-75,-29,-82,-28,-88,-34,-91,-38,-93,-32,-86,-27,-77,-24,-73,-25,-70,-22,-67,-17,-57,-18,-50,-24,-48,-18,-45,-10,-39,1,-28,9,-19,3,-3,1,0,-1,0,-1,1,0,-1,1,-3,4,-6,25,-33,20,-27,10,-26,14,-30,19,-40,20,-45,16,-45,15,-48,15,-50,16,-50,18,-59,22,-70,25,-80,23,-80,24,-80,30,-81,34,-78,39,-76,39,-75,32,-70,29,-67,28,-65,24,-66,19,-75,14,-81,8,-85,4,-85,1,-84]"
CSI_DATA,16270,1a:00:00:00:00:00,0,11,1,0,0,1,1,0,0,0,0,-96,0,6,0,52678498,0,47,1,256,1,"[47,-16,2,0,57,81,57,89,58,90,54,76,56,72,61,75,60,67,57,56,60,60,65,67,61,65,58,65,63,74,68,79,70,69,66,58,61,59,57,60,52,57,51,57,52,55,43,43,28,30,20,27,18,26,4,6,0,0,0,0,0,0,0,0,0,0,0,0,0,0,0,0,0,0,4,8,18,25,19,19,18,32,14,38,16,32,27,35,28,43,26,50,31,63,33,74,28,80,27,83,27,78,26,73,25,21,26,-29,29,24,29,71,23,70,25,74,29,69,28,63,33,70,45,85,46,92,38,88,-11,15,-21,57,-20,64,-21,65,-19,61,-18,53,-16,53,-13,55,-15,55,-14,60,-7,67,-3,70,-3,67,-5,68,-6,72,-5,72,-9,67,-13,58,-12,55,-13,50,-10,46,-9,46,-10,42,-9,35,-7,31,-8,30,-10,29,-32,12,-35,11,-8,2,-4,0,0,0,1,-1,-1,-1,-2,0,-4,3,-22,22,-16,21,1,24,-8,25,-15,31,-23,33,-21,32,-16,34,-15,39,-18,43,-19,48,-22,54,-23,59,-22,58,-23,56,-29,56,-36,39,-42,21,-40,33,-35,43,-32,41,-28,43,-26,44,-26,49,-23,57,-18,67,-16,71,-16,71]"
CSI_DATA,16272,1a:00:00:00:00:00,-1,11,1,0,0,1,1,0,0,0,0,-96,0,6,0,52712097,0,47,1,256,1,"[47,-16,2,0,12,101,25,88,39,75,32,82,20,89,16,88,17,89,23,89,34,83,47,75,47,69,39,70,35,77,40,81,47,95,37,97,24,80,16,68,11,62,13,63,16,57,21,54,25,55,20,38,14,28,3,7,0,0,0,0,0,0,0,0,0,0,0,0,0,0,0,0,0,0,3,9,16,34,11,34,2,51,0,67,-1,59,-3,49,-1,51,2,54,5,56,7,69,3,84,-3,86,-5,81,-4,75,-3,79,-7,91,-16,87,-20,75,-16,73,-16,67,-20,63,-17,70,-3,75,15,82,22,89,17,88,-11,25,-28,82,-27,81,-23,75,-18,69,-19,73,-19,77,-18,78,-16,79,-16,82,-17,82,-15,75,-14,64,-16,70,-13,69,-8,66,-4,63,-7,57,-14,52,-15,59,-15,62,-14,66,-14,50,-14,47,-12,49,-12,42,-11,34,-19,38,-12,33,-2,6,0,1,0,0,1,-1,-1,-1,-4,1,-8,4,-40,21,-30,18,-7,21,-10,23,-18,33,-25,43,-28,46,-27,48,-25,48,-27,49,-32,47,-39,50,-46,52,-50,51,-50,45,-51,46,-50,48,-52,56,-55,61,-52,59,-46,57,-40,56,-40,55,-43,60,-45,61,-44,61,-42,62,-38,63]"
CSI_DATA,16273,1a:00:00:00:00:00,-1,11,1,0,0,1,1,0,0,0,0,-96,0,6,0,52712248,0,47,1,256,1,"[47,-16,2,0,-64,60,-66,70,-63,79,-57,70,-53,66,-52,72,-50,70,-44,62,-43,64,-44,76,-42,75,-47,70,-56,74,-58,80,-60,75,-60,67,-62,71,-57,63,-48,50,-47,53,-40,50,-34,40,-32,37,-21,37,-15,26,-4,4,0,0,0,0,0,0,0,0,0,0,0,0,0,0,0,0,0,0,-9,7,-26,30,-22,26,-39,26,-51,33,-39,31,-29,34,-31,38,-40,41,-49,48,-57,46,-67,42,-73,45,-70,43,-69,41,-71,43,-80,42,-79,28,-67,22,-69,35,-70,44,-63,41,-57,33,-54,36,-62,55,-73,63,-77,56,-25,10,-75,39,-76,39,-75,42,-64,45,-56,46,-58,46,-65,50,-66,51,-67,53,-67,54,-65,55,-58,53,-54,49,-59,52,-65,58,-70,58,-71,53,-72,50,-68,44,-57,40,-50,41,-46,37,-42,29,-40,29,-35,30,-33,28,-41,22,-44,25,-9,4,-4,2,0,0,1,-1,-1,-1,-3,-1,-8,0,-40,4,-36,6,-25,19,-30,19,-42,17,-53,16,-50,17,-47,21,-46,24,-51,23,-58,24,-69,22,-75,19,-73,18,-70,14,-72,14,-74,12,-78,10,-83,6,-76,7,-70,13,-68,20,-70,22,-73,21,-75,22,-76,29,-76,34,-74,35]"
CSI_DATA,16274,1a:00:00:00:00:00,-1,11,1,0,0,1,1,0,0,0,0,-96,0,6,0,52712408,0,47,1,256,1,"[47,-16,2,0,-96,-27,-90,-16,-81,-3,-86,-12,-89,-29,-85,-30,-84,-25,-87,-16,-89,-1,-89,15,-79,20,-75,12,-78,3,-84,5,-43,9,14,-2,-29,-16,-75,-24,-67,-27,-66,-23,-58,-17,-58,-2,-65,12,-50,8,-39,1,-11,-1,0,0,0,0,0,0,0,0,0,0,0,0,0,0,0,0,0,0,-10,-2,-36,-4,-40,-7,-50,-16,-52,-23,-46,-27,-52,-33,-59,-34,-57,-30,-57,-27,-71,-24,-86,-28,-85,-38,-75,-36,-67,-34,-65,-40,-74,-48,-79,-49,-69,-46,-58,-47,-47,-50,-43,-52,-54,-48,-68,-35,-81,-21,-87,-13,-88,-15,-8,-23,-34,-63,-33,-60,-28,-54,-22,-49,-26,-52,-30,-57,-32,-59,-34,-58,-35,-55,-32,-53,-26,-48,-19,-41,-19,-45,-28,-51,-37,-53,-30,-58,-13,-62,-24,-62,-37,-58,-31,-51,-25,-46,-19,-41,-17,-33,-20,-27,-14,-26,-12,-23,4,-37,-2,-32,-2,-6,-2,-1,-1,-1,-2,1,0,-1,1,-3,3,-6,22,-30,16,-24,-8,-13,-7,-18,-8,-26,-8,-35,-11,-41,-19,-46,-23,-47,-19,-49,-14,-48,-10,-48,-6,-48,-1,-49,3,-49,4,-53,3,-55,-2,-61,-7,-64,-9,-60,-8,-55,-9,-55,-8,-57,-9,-58,-10,-56,-9,-56,-8,-55,-10,-50]"
CSI_DATA,16275,1a:00:00:00:00:00,0,11,1,0,0,1,1,0,0,0,0,-96,0,6,0,52736326,0,47,1,256,1,"[47,-16,2,0,-70,-69,-77,-71,-74,-77,-67,-71,-65,-65,-65,-67,-62,-65,-59,-60,-64,-62,-68,-65,-59,-64,-53,-62,-61,-62,-75,-63,-83,-62,-79,-60,-64,-61,-54,-62,-51,-58,-48,-56,-47,-50,-46,-40,-38,-31,-27,-27,-25,-31,-7,-9,0,0,0,0,0,0,0,0,0,0,0,0,0,0,0,0,0,0,-3,-9,-13,-29,-18,-21,-22,-29,-24,-38,-32,-31,-40,-33,-41,-45,-40,-44,-45,-52,-44,-71,-35,-84,-28,-89,-29,-84,-31,-73,-34,-73,-38,-82,-41,-76,-44,-67,-41,-68,-32,-72,-29,-70,-30,-68,-35,-77,-44,-86,-48,-87,-45,-84,-20,-3,-63,-15,-70,-15,-72,-13,-68,-10,-64,-7,-60,-6,-61,-6,-61,-6,-66,-5,-70,-5,-68,-8,-62,-5,-59,-3,-60,2,-56,4,-54,4,-57,-1,-61,-3,-59,-5,-56,1,-51,2,-48,-1,-43,-5,-41,-5,-34,-10,-27,-18,-29,-2,-25,-6,-6,-2,-2,-2,0,-1,1,0,-1,-1,-2,-1,-6,-1,-32,-1,-28,4,-24,-2,-31,-3,-36,-8,-38,-14,-40,-15,-42,-13,-40,-13,-45,-13,-53,-19,-56,-31,-58,-38,-54,-39,-53,-37,-53,-33,-54,-33,-54,-36,-58,-32,-58,-29,-55,-28,-50,-29,-53,-28,-55,-27,-58,-28,-62,-32,-65,-34,-61,-34]"
CSI_DATA,16277,1a:00:00:00:00:00,0,11,1,0,0,1,1,0,0,0,0,-96,0,6,0,52736646,0,47,1,256,1,"[47,-16,2,0,-75,72,-67,73,-54,69,-60,68,-64,67,-58,63,-54,68,-49,72,-49,72,-47,76,-42,68,-45,62,-50,70,-45,81,-45,96,-52,95,-53,79,-50,66,-47,57,-47,56,-40,50,-32,51,-31,56,-31,41,-33,32,-9,8,0,0,0,0,0,0,0,0,0,0,0,0,0,0,0,0,0,0,-6,4,-22,17,-27,18,-39,24,-48,29,-47,30,-49,34,-50,38,-45,41,-49,45,-63,45,-80,39,-89,29,-86,25,-83,28,-82,30,-81,32,-80,35,-75,40,-74,41,-68,30,-62,26,-67,34,-69,36,-70,41,-74,50,-79,55,-11,21,-43,68,-45,70,-44,69,-43,66,-46,63,-44,60,-38,61,-34,65,-30,71,-28,75,-25,73,-22,67,-27,66,-30,73,-27,78,-27,84,-28,77,-27,71,-29,66,-31,62,-33,57,-30,52,-24,48,-22,49,-22,40,-20,29,-3,25,3,17,1,1,1,-1,0,-1,0,-2,-1,0,-1,3,-2,8,-10,41,-9,32,-14,18,-19,16,-27,18,-31,26,-29,33,-31,39,-36,39,-39,41,-43,44,-50,45,-56,46,-52,44,-52,42,-56,42,-59,42,-61,41,-62,45,-58,45,-56,43,-53,37,-53,40,-52,46,-50,52,-49,55,-50,56,-48,53]"
CSI_DATA,16278,1a:00:00:00:00:00,0,11,1,0,0,1,1,0,0,0,0,-96,0,6,0,52736806,0,47,1,256,1,"[47,-16,2,0,-24,-98,-23,-110,-12,-106,-13,-95,-20,-99,-19,-101,-18,-93,-18,-76,-30,-71,-49,-74,-55,-71,-51,-78,-43,-90,-43,-96,-47,-91,-47,-81,-41,-90,-28,-93,-22,-81,-27,-76,-28,-64,-31,-40,-39,-29,-39,-36,-30,-44,-7,-11,0,0,0,0,0,0,0,0,0,0,0,0,0,0,0,0,0,0,6,-9,18,-30,7,-31,4,-44,8,-46,9,-44,5,-62,1,-68,8,-59,13,-64,3,-77,-3,-90,-1,-96,-1,-90,4,-86,17,-89,30,-94,23,-86,13,-77,20,-80,29,-83,25,-78,14,-70,-1,-71,-14,-90,-20,-98,-23,-93,13,-16,38,-58,40,-60,42,-64,42,-66,38,-65,32,-67,27,-66,26,-64,27,-61,25,-62,21,-60,25,-56,27,-61,27,-69,20,-71,19,-69,16,-61,15,-64,15,-66,17,-63,17,-59,20,-50,17,-37,12,-32,8,-28,10,-25,24,4,20,9,3,1,1,1,-2,0,-2,-1,0,0,1,0,4,0,27,-3,25,-8,17,-19,21,-20,25,-23,31,-21,31,-21,27,-31,30,-37,39,-36,48,-33,49,-32,48,-34,43,-32,45,-29,51,-32,58,-37,60,-39,58,-37,50,-35,47,-39,44,-43,45,-45,45,-45,43,-45,44,-49,45,-52,40,-48]"
CSI_DATA,16279,1a:00:00:00:00:00,0,11,1,0,0,1,1,0,0,0,0,-96,0,6,0,52736957,0,47,1,256,1,"[47,-16,2,0,91,-62,81,-59,65,-52,73,-57,76,-57,70,-51,72,-57,66,-59,57,-55,61,-58,64,-58,66,-62,69,-65,71,-64,78,-79,75,-77,71,-55,67,-42,60,-36,61,-39,53,-34,39,-37,38,-45,41,-31,45,-24,12,-7,0,0,0,0,0,0,0,0,0,0,0,0,0,0,0,0,0,0,5,-3,25,-12,33,-18,42,-26,44,-27,43,-25,52,-29,56,-37,51,-41,51,-40,57,-42,75,-41,87,-31,86,-29,87,-32,88,-31,89,-27,90,-30,80,-34,74,-30,70,-18,69,-15,73,-24,67,-30,70,-36,81,-46,89,-54,26,-8,90,-24,91,-21,87,-17,79,-14,80,-15,78,-16,74,-16,73,-19,75,-23,75,-28,74,-30,74,-28,79,-28,84,-31,86,-36,88,-43,79,-40,75,-31,72,-24,73,-18,70,-14,61,-11,52,-13,50,-20,45,-14,37,-8,24,-1,16,-3,1,-1,-2,-1,-1,-1,-2,-1,0,0,3,-1,7,0,38,4,30,5,21,-3,24,-3,33,-5,41,-5,43,-7,51,-9,55,-8,57,-6,60,0,66,2,76,2,79,2,77,6,81,8,84,11,84,10,85,7,78,4,72,3,66,4,68,5,74,0,79,-3,81,-5,84,-9,83,-13]"
CSI_DATA,16280,1a:00:00:00:00:00,-1,11,1,0,0,1,1,0,0,0,0,-96,0,6,0,52752927,0,47,1,256,1,"[47,-16,2,0,21,94,25,88,31,80,31,88,32,89,36,78,39,74,38,75,35,80,39,84,32,75,24,70,27,76,38,82,47,92,40,93,34,82,34,69,29,58,27,57,26,49,24,47,21,52,13,41,8,38,1,11,0,0,0,0,0,0,0,0,0,0,0,0,0,0,0,0,0,0,2,5,9,19,6,21,7,40,10,61,7,58,5,50,9,51,15,50,19,54,14,69,1,84,-10,87,-13,79,-11,75,-5,82,-6,91,-14,88,-13,81,-3,83,3,74,4,60,1,63,-3,70,1,80,8,90,10,95,13,21,38,75,38,77,38,76,38,75,37,78,36,76,38,70,42,66,50,66,56,65,55,60,49,53,44,56,44,61,51,63,59,70,55,67,53,63,49,62,41,62,32,59,29,53,29,44,31,42,27,37,22,31,22,14,17,5,2,0,0,-2,-1,-1,-2,-2,-1,0,3,2,7,6,34,34,28,26,16,18,10,19,5,28,10,40,18,43,23,45,22,48,23,51,23,56,22,65,21,72,22,66,20,65,16,68,13,74,12,77,12,80,13,75,13,74,13,69,17,69,21,68,24,70,29,72,30,75,29,71]"
CSI_DATA,16282,1a:00:00:00:00:00,-1,11,1,0,0,1,1,0,0,0,0,-96,0,6,0,52758818,0,47,1,256,1,"[47,-16,2,0,77,57,85,47,88,31,81,33,77,38,78,36,80,33,75,31,74,22,88,11,90,11,89,18,92,25,94,22,97,25,90,28,88,24,78,24,62,25,65,24,60,18,51,14,47,12,39,0,34,-6,9,-1,0,0,0,0,0,0,0,0,0,0,0,0,0,0,0,0,0,0,6,5,27,17,23,17,30,37,43,55,36,47,30,32,36,31,46,39,54,43,52,47,49,56,52,61,53,60,54,63,58,68,55,77,40,80,31,71,44,69,52,62,47,52,40,50,43,44,67,43,83,51,78,59,12,25,46,74,45,74,47,69,50,60,50,59,48,59,46,61,48,62,54,63,59,58,62,50,62,43,60,41,64,45,67,49,70,55,62,56,55,55,49,56,41,49,38,42,35,39,34,34,34,31,33,24,34,20,19,35,20,34,3,6,1,2,0,-1,0,-2,-1,0,-2,2,-1,6,0,35,5,33,19,24,19,30,18,40,17,51,15,50,17,47,21,47,22,52,22,57,21,64,22,68,23,68,19,66,19,70,17,72,15,77,11,82,9,75,13,68,18,63,19,62,22,65,24,65,34,65,44,68,49,67]"
CSI_DATA,16284,1a:00:00:00:00:00,-1,11,1,0,0,1,1,0,0,0,0,-96,0,6,0,52762247,0,47,1,256,1,"[47,-16,2,0,-21,-94,-29,-100,-44,-95,-43,-83,-40,-77,-44,-78,-42,-75,-38,-71,-34,-80,-34,-89,-28,-80,-25,-74,-33,-82,-41,-87,-37,-87,-23,-89,-25,-89,-34,-79,-35,-68,-32,-66,-30,-63,-21,-59,-6,-55,-2,-44,-4,-35,-1,-9,0,0,0,0,0,0,0,0,0,0,0,0,0,0,0,0,0,0,-4,-12,-18,-38,-16,-30,-9,-43,-6,-58,-7,-50,-13,-44,-21,-49,-25,-54,-28,-65,-15,-79,4,-89,12,-90,13,-83,8,-77,-3,-82,-6,-91,2,-84,6,-73,-2,-78,-14,-77,-17,-69,-10,-68,-5,-74,-6,-86,-8,-93,-3,-91,8,-27,16,-85,13,-88,8,-89,2,-82,3,-73,5,-76,3,-78,2,-77,-4,-76,-11,-82,-15,-88,-14,-82,-13,-79,-15,-83,-18,-88,-15,-91,-7,-91,-2,-86,0,-79,-1,-66,-4,-62,-3,-57,-2,-53,0,-51,0,-47,0,-45,11,-38,11,-32,2,-8,0,-2,-1,0,-2,0,0,0,2,-2,4,-6,27,-30,16,-33,-6,-33,-3,-33,6,-40,16,-47,21,-47,19,-46,18,-46,18,-49,18,-53,21,-62,25,-68,28,-69,31,-65,35,-70,34,-69,38,-71,42,-72,40,-68,32,-62,25,-60,21,-57,20,-62,18,-68,15,-79,15,-85,14,-86]"
CSI_DATA,16285,1a:00:00:00:00:00,-1,11,1,0,0,1,1,0,0,0,0,-96,0,6,0,52773297,0,47,1,256,1,"[47,-16,2,0,68,76,72,64,68,50,67,52,75,53,77,50,76,50,74,53,69,62,67,64,55,58,48,54,61,53,76,50,86,58,85,67,78,58,70,44,60,38,58,38,56,33,53,38,50,47,36,37,25,31,6,8,0,0,0,0,0,0,0,0,0,0,0,0,0,0,0,0,0,0,6,7,21,25,17,21,24,35,37,53,35,53,30,45,40,40,48,38,48,46,40,67,26,88,15,94,10,86,19,75,35,72,34,79,24,81,29,76,41,74,41,64,38,54,37,63,29,74,30,78,37,78,35,79,12,25,40,78,44,74,44,75,41,69,39,64,40,68,40,69,42,67,46,66,51,68,54,67,48,60,45,61,51,64,60,64,65,69,61,74,56,74,50,70,39,63,34,56,31,47,32,44,34,46,27,40,22,31,17,22,16,11,2,0,1,-2,0,-1,-1,-3,-1,0,0,3,2,8,8,44,9,35,9,21,9,22,10,34,14,48,17,52,19,53,20,53,21,56,18,61,16,69,13,79,13,81,10,79,9,81,10,80,11,82,10,85,13,79,14,76,13,72,11,70,15,74,18,79,23,80,28,80,31,78]"
CSI_DATA,16286,1a:00:00:00:00:00,0,11,1,0,0,1,1,0,0,0,0,-96,0,6,0,52773475,0,47,1,256,1,"[47,-16,2,0,23,-93,28,-103,33,-97,25,-88,20,-93,22,-96,20,-89,15,-74,10,-70,5,-81,1,-87,6,-95,12,-100,15,-102,8,-103,3,-93,15,-90,23,-83,20,-73,17,-73,13,-62,3,-45,-7,-42,-4,-49,5,-51,2,-13,0,0,0,0,0,0,0,0,0,0,0,0,0,0,0,0,0,0,8,-9,26,-32,14,-33,20,-41,27,-39,20,-34,14,-53,7,-62,10,-54,21,-55,24,-63,29,-73,36,-81,37,-80,39,-77,47,-75,56,-74,47,-70,34,-62,41,-62,49,-66,47,-66,38,-59,28,-61,30,-80,30,-91,26,-91,21,-11,64,-46,64,-47,64,-48,63,-48,60,-47,57,-48,54,-47,54,-46,53,-45,50,-52,50,-57,49,-58,53,-63,55,-66,54,-66,52,-65,48,-58,49,-55,52,-52,47,-47,46,-43,41,-33,34,-27,26,-28,26,-27,29,-23,33,-1,29,3,5,1,1,0,-1,-1,-2,-1,0,0,1,0,6,1,35,3,27,-1,23,-18,27,-15,35,-16,41,-11,39,-11,37,-19,38,-24,43,-21,52,-19,56,-19,59,-25,61,-27,62,-26,70,-25,73,-21,73,-16,69,-15,61,-12,58,-14,58,-18,58,-23,59,-27,57,-31,61,-39,64,-41,63,-39]"
CSI_DATA,16289,1a:00:00:00:00:00,0,11,1,0,0,1,1,0,0,0,0,-96,0,6,0,52792359,0,47,1,256,1,"[47,-16,2,0,41,-99,24,-94,2,-90,9,-81,24,-78,30,-83,32,-87,28,-94,17,-100,7,-97,6,-84,8,-80,9,-87,6,-94,11,-104,27,-103,32,-86,31,-72,31,-65,31,-65,26,-63,17,-63,15,-63,13,-46,11,-31,3,-8,0,0,0,0,0,0,0,0,0,0,0,0,0,0,0,0,0,0,1,-13,2,-44,6,-39,19,-50,26,-60,25,-54,21,-50,18,-57,16,-62,17,-68,26,-79,38,-85,47,-81,48,-74,43,-67,39,-68,43,-77,46,-73,43,-62,40,-59,41,-54,48,-52,52,-63,44,-74,33,-83,29,-89,30,-87,20,-24,60,-76,59,-76,50,-72,43,-68,43,-67,45,-69,44,-73,44,-75,42,-75,44,-72,44,-67,43,-57,46,-58,47,-67,43,-77,44,-83,47,-79,48,-70,47,-65,41,-54,40,-49,37,-45,36,-42,34,-41,31,-33,27,-28,35,-15,27,-14,3,-4,-1,-1,0,-1,-2,0,0,0,1,-2,4,-5,27,-22,22,-19,11,-25,14,-25,24,-30,33,-36,35,-42,35,-48,34,-50,33,-51,36,-51,44,-53,55,-50,61,-47,64,-43,68,-45,67,-45,68,-50,69,-53,62,-51,53,-46,50,-47,54,-46,59,-48,59,-52,58,-56,59,-57,59,-57]"
CSI_DATA,16290,1a:00:00:00:00:00,0,11,1,0,0,1,1,0,0,0,0,-96,0,6,0,52805906,0,47,1,256,1,"[47,-16,2,0,-98,-15,-107,-18,-102,-23,-87,-20,-89,-16,-95,-15,-91,-12,-78,-7,-77,4,-88,15,-88,19,-90,14,-100,0,-106,-5,-98,-3,-89,2,-91,5,-84,-2,-72,-7,-74,-6,-69,-2,-54,6,-47,14,-48,15,-47,8,-12,0,0,0,0,0,0,0,0,0,0,0,0,0,0,0,0,0,0,0,-10,-8,-32,-23,-27,-12,-38,-19,-46,-27,-42,-21,-45,-14,-49,-15,-51,-24,-62,-32,-72,-29,-78,-24,-87,-23,-87,-22,-82,-26,-82,-41,-83,-56,-71,-51,-61,-37,-66,-41,-72,-46,-72,-39,-65,-33,-68,-21,-89,-12,-97,-13,-88,-14,-23,-13,-80,-39,-86,-41,-89,-41,-88,-38,-86,-32,-84,-25,-80,-20,-80,-21,-81,-25,-81,-24,-81,-25,-81,-26,-83,-25,-82,-24,-78,-21,-85,-20,-84,-19,-81,-19,-78,-20,-74,-16,-71,-14,-62,-17,-53,-16,-48,-14,-43,-15,-39,-19,-14,-31,-8,-31,-1,-7,0,-3,0,0,0,1,0,-1,-1,-3,-3,-8,-19,-42,-22,-34,-32,-20,-33,-22,-37,-26,-39,-32,-38,-30,-44,-27,-48,-28,-48,-34,-52,-44,-51,-52,-53,-55,-53,-56,-53,-55,-57,-56,-60,-60,-60,-65,-59,-63,-55,-56,-57,-51,-60,-49,-61,-47,-61,-47,-61,-45,-65,-46,-69,-48,-68,-49]"
CSI_DATA,16291,1a:00:00:00:00:00,-1,11,1,0,0,1,1,0,0,0,0,-96,0,6,0,52835146,0,47,1,256,1,"[47,-16,2,0,69,-77,61,-90,42,-98,32,-81,33,-74,41,-79,47,-74,46,-71,45,-78,46,-85,46,-76,41,-73,36,-86,38,-94,43,-85,51,-73,50,-73,43,-71,38,-63,39,-60,35,-63,34,-58,39,-43,29,-30,16,-24,3,-6,0,0,0,0,0,0,0,0,0,0,0,0,0,0,0,0,0,0,9,-10,25,-38,13,-33,30,-34,47,-38,43,-32,32,-32,31,-44,36,-55,43,-63,57,-61,72,-55,76,-50,70,-42,60,-43,58,-60,70,-66,68,-49,61,-38,59,-48,54,-56,55,-49,61,-41,63,-47,64,-61,66,-66,68,-61,21,2,67,-7,69,-10,65,-12,57,-13,57,-9,56,-7,58,-7,62,-6,67,-10,68,-16,67,-19,63,-18,57,-17,56,-21,59,-24,65,-19,65,-12,62,-7,55,-4,47,-2,44,-3,42,-2,41,-2,41,-4,38,-4,35,-7,46,19,51,16,10,3,4,0,0,-1,-2,-1,-1,0,2,2,7,4,40,21,39,16,25,-12,26,-9,33,-5,43,0,46,3,46,2,46,-1,50,-2,52,-2,60,-1,66,0,65,3,59,8,56,10,54,7,60,7,64,14,60,16,52,12,47,6,51,8,60,8,67,5,68,-2,67,-8,65,-11]"
CSI_DATA,16293,1a:00:00:00:00:00,-1,11,1,0,0,1,1,0,0,0,0,-96,0,6,0,52867217,0,47,1,256,1,"[47,-16,2,0,25,96,33,80,40,69,36,75,32,82,32,84,32,84,36,87,43,87,48,79,42,67,32,64,34,69,46,78,55,93,46,97,31,77,23,64,19,60,21,60,24,55,26,55,28,58,22,42,13,31,2,8,0,0,0,0,0,0,0,0,0,0,0,0,0,0,0,0,0,0,5,9,20,30,13,30,10,50,13,66,12,59,8,48,13,48,19,50,20,53,20,72,13,89,4,89,2,81,4,70,9,72,6,86,-6,87,-10,80,-4,75,-3,67,-7,65,-4,75,4,83,15,84,21,83,19,80,3,26,11,79,11,75,12,75,13,77,14,80,18,82,21,80,23,78,24,83,22,87,19,81,13,71,10,69,19,75,31,84,40,94,37,91,28,82,22,76,16,69,13,63,10,54,8,50,9,53,6,46,4,36,10,35,14,30,3,5,1,0,0,-1,0,-2,-1,0,-2,3,-3,7,-17,36,-12,28,3,24,1,26,-2,37,-1,51,1,55,3,57,5,55,4,57,-2,58,-11,67,-19,74,-23,74,-26,68,-24,68,-22,70,-20,78,-21,84,-19,81,-14,76,-9,71,-10,69,-11,76,-14,82,-15,82,-14,82,-11,80]"
CSI_DATA,16294,1a:00:00:00:00:00,-1,11,1,0,0,1,1,0,0,0,0,-96,0,6,0,52867386,0,47,1,256,1,"[47,-16,2,0,-99,-13,-98,-1,-88,16,-85,9,-87,1,-85,3,-87,7,-87,7,-82,14,-85,28,-85,27,-88,17,-95,14,-96,19,-102,18,-97,11,-89,12,-79,10,-68,5,-69,5,-62,6,-55,6,-54,5,-39,10,-31,13,-9,3,0,0,0,0,0,0,0,0,0,0,0,0,0,0,0,0,0,0,-10,1,-36,6,-30,0,-46,-12,-69,-18,-61,-16,-47,-10,-51,-6,-62,-4,-66,-3,-67,-9,-74,-19,-78,-24,-77,-26,-80,-29,-86,-29,-89,-34,-81,-45,-69,-43,-76,-36,-75,-26,-64,-21,-61,-26,-62,-20,-78,-6,-96,-4,-100,-12,-23,-17,-75,-45,-75,-45,-73,-39,-64,-31,-58,-32,-63,-34,-67,-36,-70,-37,-77,-36,-80,-32,-78,-24,-73,-18,-72,-16,-78,-17,-82,-18,-87,-21,-79,-26,-72,-30,-66,-33,-55,-32,-51,-28,-49,-27,-47,-24,-47,-21,-42,-17,-39,-13,-35,-32,-36,-28,-7,-6,-3,-2,-1,0,0,1,0,-1,0,-3,-3,-8,-18,-43,-22,-38,-29,-13,-30,-18,-34,-27,-41,-35,-40,-37,-41,-35,-44,-33,-45,-37,-46,-40,-49,-48,-52,-53,-51,-54,-46,-55,-47,-58,-48,-58,-50,-62,-49,-67,-45,-62,-44,-55,-43,-49,-43,-49,-48,-52,-50,-52,-57,-47,-66,-43,-70,-39]"
CSI_DATA,16295,1a:00:00:00:00:00,-1,11,1,0,0,1,1,0,0,0,0,-96,0,6,0,52867609,0,47,1,256,1,"[47,-16,2,0,84,44,88,35,97,22,90,23,83,28,88,29,87,28,86,24,93,23,94,20,77,20,67,24,78,22,94,13,104,16,103,31,91,33,78,26,69,24,66,24,62,21,60,21,58,20,43,12,30,12,6,3,0,0,0,0,0,0,0,0,0,0,0,0,0,0,0,0,0,0,10,4,41,13,38,14,41,29,44,35,42,28,47,24,54,27,54,28,60,32,65,50,63,67,59,72,53,66,50,58,57,56,68,61,63,60,54,54,55,52,55,51,53,49,55,51,61,53,71,52,76,53,72,56,15,-9,50,-16,53,-16,54,-19,50,-22,47,-25,50,-22,58,-25,56,-27,58,-30,59,-28,57,-26,47,-26,40,-28,41,-19,49,-13,53,-3,53,7,55,5,54,-3,47,-12,40,-22,36,-17,32,-16,32,-16,30,-17,27,-18,16,-45,12,-50,2,-11,-1,-5,-1,-1,-2,0,0,0,2,-1,7,-4,40,-20,36,-22,27,-7,29,-10,30,-7,37,-5,40,-7,42,-9,41,-7,45,-8,49,-3,56,2,59,6,56,6,52,9,49,8,52,8,56,9,59,6,56,3,51,5,49,6,53,4,56,2,60,0,60,0,59,-2,54,-2]"
CSI_DATA,16298,1a:00:00:00:00:00,-1,11,1,0,0,1,1,0,0,0,0,-96,0,6,0,52892715,0,47,1,256,1,"[47,-16,2,0,-34,96,-29,43,-28,-19,-23,27,-25,82,-34,88,-37,84,-35,77,-28,83,-22,91,-22,87,-24,84,-23,94,-24,102,-27,94,-28,84,-28,79,-32,74,-36,67,-37,65,-30,68,-20,62,-17,45,-16,34,-15,31,-4,7,0,0,0,0,0,0,0,0,0,0,0,0,0,0,0,0,0,0,-5,11,-10,39,-2,30,-11,39,-23,49,-17,43,-12,40,-16,48,-21,56,-24,71,-32,80,-42,79,-44,79,-43,76,-38,72,-38,81,-46,89,-44,73,-37,61,-36,65,-40,68,-43,63,-45,60,-45,70,-39,88,-38,93,-40,83,-9,27,-26,85,-24,90,-19,74,-16,58,-16,69,-18,85,-19,82,-19,81,-13,81,-6,84,-1,86,0,89,-2,79,-3,71,-3,52,-5,41,-9,44,-10,59,-14,73,-15,74,-15,61,-15,54,-12,49,-10,44,-14,37,-19,35,-13,34,-13,31,-4,6,-1,1,0,-1,0,-2,-1,-1,-2,2,-3,7,-10,39,-2,31,1,33,-4,34,-13,42,-23,46,-24,48,-20,49,-20,48,-21,51,-23,61,-28,68,-29,70,-29,71,-30,68,-35,72,-42,73,-51,76,-52,72,-47,69,-43,65,-41,64,-39,63,-36,65,-31,68,-28,79,-28,86,-28,86]"
CSI_DATA,16299,1a:00:00:00:00:00,-1,11,1,0,0,1,1,0,0,0,0,-96,0,6,0,52892875,0,47,1,256,1,"[47,-16,2,0,18,-103,8,-104,-9,-93,-8,-85,-7,-86,-12,-84,-13,-86,-9,-84,-2,-82,0,-88,4,-85,8,-87,2,-95,-7,-93,-4,-96,5,-97,0,-96,-7,-86,-6,-72,-3,-71,-2,-64,3,-59,11,-59,8,-47,5,-37,1,-10,0,0,0,0,0,0,0,0,0,0,0,0,0,0,0,0,0,0,0,-11,0,-37,2,-30,7,-42,8,-63,7,-60,2,-49,-6,-53,-10,-62,-8,-69,9,-70,32,-74,44,-78,48,-74,44,-76,31,-84,30,-86,40,-77,38,-70,28,-80,16,-79,11,-71,18,-70,25,-64,27,-73,28,-89,33,-94,11,-26,34,-85,33,-87,30,-84,28,-72,28,-65,27,-70,24,-72,23,-73,18,-75,15,-79,11,-82,9,-79,14,-81,16,-85,14,-86,20,-90,27,-88,26,-86,25,-80,29,-67,27,-59,21,-54,17,-53,14,-54,14,-47,10,-39,13,-28,9,-21,0,-3,-1,-1,-1,-1,-1,1,0,0,1,-3,1,-7,14,-35,11,-31,5,-26,10,-25,17,-28,23,-38,23,-45,22,-49,24,-48,24,-51,25,-57,30,-62,39,-66,40,-67,44,-64,50,-65,49,-64,50,-65,53,-65,48,-61,45,-59,41,-56,43,-53,43,-56,40,-61,34,-71,31,-79,30,-81]"
CSI_DATA,16300,1a:00:00:00:00:00,-1,11,1,0,0,1,1,0,0,0,0,-96,0,6,0,52911415,0,47,1,256,1,"[47,-16,2,0,28,-105,17,-96,1,-84,7,-94,17,-99,13,-91,7,-91,5,-92,2,-90,-6,-93,-7,-88,1,-85,3,-89,-5,-89,-9,-104,1,-109,6,-92,3,-77,2,-68,4,-69,3,-62,-1,-61,-2,-65,1,-47,6,-39,2,-12,0,0,0,0,0,0,0,0,0,0,0,0,0,0,0,0,0,0,1,-8,5,-29,8,-27,15,-39,24,-54,26,-53,26,-51,25,-56,20,-58,17,-61,24,-68,38,-78,50,-78,48,-72,46,-72,47,-77,52,-78,54,-74,48,-69,44,-72,39,-64,34,-54,35,-60,35,-64,31,-76,27,-91,30,-97,11,-25,40,-82,44,-82,43,-75,39,-67,41,-71,38,-74,31,-77,27,-79,25,-83,24,-87,22,-84,22,-75,28,-71,31,-77,26,-84,23,-91,24,-89,25,-85,23,-75,25,-67,26,-62,24,-55,20,-52,18,-55,17,-44,17,-34,13,-22,8,-16,1,-3,-1,0,-1,-1,-2,1,0,-1,1,-3,4,-8,23,-34,20,-27,12,-21,14,-21,20,-27,26,-37,27,-42,27,-46,30,-46,35,-48,41,-48,48,-50,56,-57,56,-58,57,-53,59,-51,64,-51,65,-50,67,-52,58,-52,53,-53,48,-52,48,-51,49,-59,52,-65,51,-68,50,-71,46,-72]"
CSI_DATA,16301,1a:00:00:00:00:00,-1,11,1,0,0,1,1,0,0,0,0,-96,0,6,0,52911739,0,47,1,256,1,"[47,-16,2,0,94,15,96,3,96,-15,85,-15,82,-14,87,-17,87,-13,87,-10,94,-9,95,-7,80,-2,69,-2,79,-14,89,-23,94,-16,101,-2,97,-3,83,-13,72,-15,70,-14,68,-17,68,-11,66,1,49,2,34,3,8,1,0,0,0,0,0,0,0,0,0,0,0,0,0,0,0,0,0,0,12,3,41,5,32,1,41,15,57,24,54,20,46,13,54,5,64,-1,74,3,84,23,87,47,80,54,67,47,61,33,72,24,83,30,72,38,65,37,72,27,73,16,67,15,68,24,76,31,83,31,84,25,81,24,27,5,87,15,90,12,90,5,84,-1,77,-1,80,-1,82,-2,81,-2,79,-6,83,-10,85,-13,76,-14,73,-13,78,-18,84,-22,90,-18,93,-10,90,-5,84,-3,69,-1,62,-3,57,-5,55,-5,53,-4,45,-3,40,-2,32,2,27,1,5,-1,1,-1,-1,-1,-2,-1,-1,0,2,1,6,2,35,15,34,7,29,0,28,0,35,9,46,19,49,21,52,19,53,19,56,18,61,19,68,24,72,31,70,32,63,34,67,35,69,35,73,37,75,40,71,37,66,32,65,27,62,27,66,28,72,26,79,21,82,18,82,15]"
CSI_DATA,16302,1a:00:00:00:00:00,-1,11,1,0,0,1,1,0,0,0,0,-96,0,6,0,52943404,0,47,1,256,1,"[47,-16,2,0,-93,-49,-92,-34,-90,-14,-89,-20,-88,-30,-86,-29,-87,-28,-89,-27,-91,-22,-93,-14,-85,-14,-80,-19,-85,-20,-91,-14,-102,-20,-103,-32,-90,-29,-77,-22,-66,-21,-65,-22,-61,-19,-62,-17,-64,-19,-46,-11,-33,-6,-9,-2,0,0,0,0,0,0,0,0,0,0,0,0,0,0,0,0,0,0,-11,-3,-38,-9,-30,-14,-41,-28,-59,-38,-54,-36,-44,-29,-51,-23,-60,-20,-65,-22,-68,-37,-70,-55,-68,-63,-61,-60,-59,-55,-67,-51,-72,-59,-62,-66,-53,-62,-60,-55,-60,-47,-53,-45,-56,-50,-62,-51,-74,-46,-85,-43,-85,-47,-23,-20,-73,-59,-73,-60,-70,-55,-67,-49,-68,-50,-70,-50,-70,-47,-73,-46,-77,-44,-79,-44,-78,-41,-71,-37,-68,-40,-74,-40,-82,-38,-89,-42,-84,-47,-77,-47,-71,-46,-58,-43,-52,-40,-48,-36,-47,-34,-49,-32,-41,-27,-35,-21,-29,-23,-25,-16,-5,-2,-2,0,-1,0,0,1,0,-1,-2,-3,-6,-6,-25,-35,-23,-29,-24,-14,-22,-18,-25,-28,-34,-40,-40,-43,-44,-42,-46,-42,-47,-43,-47,-46,-48,-55,-48,-64,-47,-67,-42,-67,-42,-69,-43,-70,-46,-73,-46,-77,-45,-71,-43,-66,-43,-60,-42,-60,-45,-64,-50,-65,-56,-63,-61,-62,-63,-60]"
CSI_DATA,16303,1a:00:00:00:00:00,-1,11,1,0,0,1,1,0,0,0,0,-96,0,6,0,52943923,0,47,1,256,1,"[47,-16,2,0,99,-46,81,-50,58,-55,70,-55,85,-48,79,-46,78,-51,74,-55,60,-57,51,-65,49,-67,58,-67,64,-65,62,-64,71,-78,75,-75,65,-54,58,-43,55,-36,56,-37,48,-34,37,-42,32,-50,24,-34,24,-24,7,-7,0,0,0,0,0,0,0,0,0,0,0,0,0,0,0,0,0,0,6,-3,26,-11,32,-14,45,-14,54,-12,54,-8,58,-7,62,-11,59,-14,56,-16,61,-23,76,-27,84,-19,80,-16,78,-17,84,-14,94,-9,93,-7,80,-6,74,-6,66,-3,63,1,69,-6,66,-19,69,-34,80,-46,89,-48,25,3,84,7,83,8,76,8,63,9,65,5,77,1,78,-4,75,-7,72,-9,69,-6,66,-6,61,-3,68,1,74,1,77,-4,83,-7,82,-6,79,-1,75,0,66,2,59,3,50,3,44,0,41,-5,34,0,29,1,20,16,13,11,1,1,-1,-1,0,-1,-2,-1,0,-1,1,0,4,2,23,16,20,14,17,6,22,7,31,12,40,15,47,12,54,9,57,8,57,9,57,14,58,16,63,22,66,25,63,28,66,32,68,33,71,33,73,33,68,28,64,27,61,23,61,25,67,26,70,23,73,18,77,15,78,12]"
CSI_DATA,16304,1a:00:00:00:00:00,0,11,1,0,0,1,1,0,0,0,0,-96,0,6,0,52944104,0,47,1,256,1,"[47,-16,2,0,-1,-96,-10,-105,-13,-110,-6,-98,-2,-90,-1,-93,0,-90,-2,-79,-23,-77,-47,-83,-48,-81,-44,-80,-40,-91,-35,-102,-28,-99,-25,-86,-25,-87,-16,-86,-7,-76,-9,-73,-15,-63,-19,-47,-18,-37,-19,-28,-15,-27,-3,-8,0,0,0,0,0,0,0,0,0,0,0,0,0,0,0,0,0,0,4,-10,12,-35,7,-31,20,-41,31,-54,23,-45,12,-43,17,-51,27,-58,27,-70,22,-77,19,-83,16,-89,15,-85,16,-80,23,-87,37,-93,41,-77,34,-63,35,-73,38,-79,36,-70,32,-61,16,-68,-4,-92,-10,-102,-2,-95,17,-6,51,-30,53,-31,51,-33,47,-38,47,-41,46,-42,43,-43,42,-43,43,-38,37,-32,32,-28,33,-26,33,-31,30,-40,27,-47,34,-46,38,-39,39,-37,41,-38,38,-39,33,-38,30,-29,30,-19,26,-16,22,-13,21,-13,40,20,38,25,7,5,2,2,-1,0,-2,-2,0,0,1,2,5,6,35,33,32,26,18,-7,22,-6,30,-8,39,-7,39,-5,38,-9,42,-18,47,-20,49,-18,49,-11,45,-4,38,2,38,4,45,1,47,-7,50,-8,56,-7,53,-5,51,-11,51,-19,52,-21,51,-17,44,-16,40,-19,40,-20,41,-19]"
CSI_DATA,16305,1a:00:00:00:00:00,-1,11,1,0,0,1,1,0,0,0,0,-96,0,6,0,52949293,0,47,1,256,1,"[47,-16,2,0,50,75,61,75,65,81,58,76,52,72,53,77,47,75,43,67,47,69,48,75,45,71,43,67,48,69,62,72,67,74,56,76,44,75,40,70,37,65,34,63,33,56,29,49,23,43,17,34,12,30,2,7,0,0,0,0,0,0,0,0,0,0,0,0,0,0,0,0,0,0,5,9,22,28,20,21,18,36,21,48,27,35,31,29,34,36,36,39,40,53,36,72,29,84,24,87,22,79,23,69,29,71,35,79,30,72,26,64,27,66,26,69,22,69,21,70,25,79,33,90,37,89,33,83,18,9,58,34,66,33,71,31,71,30,67,28,63,24,60,22,60,20,64,19,67,22,65,27,59,26,56,26,56,24,56,22,57,23,62,26,66,26,64,25,54,19,47,17,43,20,39,20,38,21,34,24,29,28,37,17,33,18,7,3,2,1,-1,-1,-2,-1,0,0,2,1,8,2,46,14,38,9,25,9,28,10,31,16,35,24,39,21,43,16,41,16,44,18,49,23,50,35,49,44,47,46,43,44,46,45,46,48,49,53,55,50,55,45,49,41,46,40,44,38,44,37,45,40,52,45,56,46,54,44]"
CSI_DATA,16306,1a:00:00:00:00:00,0,11,1,0,0,1,1,0,0,0,0,-96,0,6,0,53006711,0,47,1,256,1,"[47,-16,2,0,-40,-92,-37,-100,-25,-104,-25,-94,-33,-91,-36,-93,-37,-85,-34,-75,-35,-78,-39,-84,-40,-82,-39,-87,-38,-95,-42,-100,-51,-96,-51,-85,-40,-84,-30,-83,-26,-77,-28,-74,-28,-64,-28,-48,-30,-39,-23,-44,-15,-49,-4,-13,0,0,0,0,0,0,0,0,0,0,0,0,0,0,0,0,0,0,1,-11,-1,-37,-9,-33,-10,-43,-6,-46,-10,-40,-21,-52,-25,-59,-20,-55,-15,-65,-15,-78,-12,-88,-7,-95,-7,-92,-6,-87,1,-92,6,-101,-3,-94,-12,-79,-4,-78,1,-83,-3,-82,-7,-76,-11,-78,-16,-94,-19,-101,-19,-97,0,-26,-6,-89,-7,-93,-7,-95,-7,-90,-10,-81,-13,-82,-14,-83,-15,-79,-16,-80,-20,-84,-22,-84,-22,-83,-22,-90,-23,-94,-25,-86,-26,-78,-21,-78,-16,-82,-12,-80,-13,-75,-12,-71,-8,-60,-7,-50,-10,-45,-5,-42,3,-42,14,-27,18,-25,4,-5,1,-2,-1,0,-1,1,0,-1,1,-2,3,-6,12,-36,6,-30,-5,-32,-3,-36,1,-46,8,-50,6,-47,0,-52,-3,-57,2,-60,6,-67,11,-73,12,-79,12,-79,12,-78,15,-82,20,-84,25,-85,23,-83,20,-76,19,-74,18,-74,14,-75,11,-77,7,-78,5,-85,4,-90,4,-90]"
CSI_DATA,16307,1a:00:00:00:00:00,-1,11,1,0,0,1,1,0,0,0,0,-96,0,6,0,53076955,0,47,1,256,1,"[47,-16,2,0,-43,88,-31,93,-15,97,-20,89,-27,81,-25,81,-26,83,-27,83,-23,89,-15,95,-13,85,-18,76,-23,84,-22,94,-29,97,-41,92,-39,86,-31,77,-27,64,-28,62,-24,59,-26,56,-30,54,-18,41,-10,31,-3,7,0,0,0,0,0,0,0,0,0,0,0,0,0,0,0,0,0,0,0,11,3,41,-3,33,-21,45,-29,64,-22,56,-13,44,-10,51,-10,61,-12,69,-25,75,-42,78,-49,77,-48,71,-44,67,-42,72,-48,78,-56,66,-54,55,-47,66,-38,68,-37,59,-43,57,-41,63,-37,77,-37,87,-42,85,-19,23,-55,74,-55,73,-50,72,-43,71,-44,70,-43,71,-41,73,-42,76,-43,79,-44,81,-41,80,-36,70,-36,73,-37,68,-37,64,-41,57,-46,48,-47,46,-45,54,-39,54,-35,58,-33,47,-33,44,-34,43,-30,36,-25,35,-27,31,-19,32,-3,6,0,2,0,0,1,-1,-1,-1,-4,1,-7,5,-39,27,-32,24,-10,26,-14,26,-25,30,-37,39,-40,42,-38,44,-35,45,-37,48,-40,50,-49,53,-58,52,-60,48,-61,41,-64,42,-65,44,-70,48,-74,48,-69,46,-61,45,-55,47,-56,46,-59,49,-60,52,-59,58,-59,62,-57,62]"
CSI_DATA,16308,1a:00:00:00:00:00,0,11,1,0,0,1,1,0,0,0,0,-96,0,6,0,53094080,0,47,1,256,1,"[47,-16,2,0,-76,-78,-71,-67,-62,-56,-66,-63,-73,-68,-71,-62,-75,-56,-79,-55,-78,-59,-77,-55,-70,-48,-64,-50,-67,-53,-79,-52,-102,-56,-102,-60,-75,-57,-59,-50,-54,-46,-55,-47,-48,-41,-49,-33,-56,-32,-43,-33,-34,-38,-9,-11,0,0,0,0,0,0,0,0,0,0,0,0,0,0,0,0,0,0,-5,-6,-17,-22,-20,-27,-29,-39,-33,-46,-32,-48,-37,-54,-45,-53,-45,-44,-44,-47,-49,-63,-47,-81,-35,-90,-30,-87,-30,-80,-31,-79,-32,-86,-36,-87,-39,-80,-35,-75,-26,-69,-26,-66,-36,-71,-39,-76,-44,-77,-51,-76,-56,-77,-19,-21,-60,-70,-59,-74,-55,-72,-50,-70,-53,-73,-56,-72,-57,-66,-59,-61,-63,-60,-66,-64,-64,-62,-57,-58,-56,-63,-63,-66,-72,-64,-81,-66,-77,-65,-68,-62,-61,-58,-53,-57,-48,-55,-40,-48,-37,-42,-41,-40,-34,-38,-24,-34,-18,-23,-13,-16,-2,-2,0,0,-1,0,0,1,-1,-1,-2,-3,-4,-6,-14,-31,-11,-26,-11,-22,-11,-26,-14,-35,-19,-42,-26,-43,-34,-47,-35,-51,-34,-52,-31,-58,-29,-68,-27,-79,-26,-81,-22,-80,-22,-82,-21,-84,-23,-84,-27,-85,-29,-79,-28,-74,-26,-69,-25,-70,-31,-75,-35,-79,-37,-82,-40,-82,-42,-79]"
CSI_DATA,16309,1a:00:00:00:00:00,-1,11,1,0,0,1,1,0,0,0,0,-96,0,6,0,53094258,0,47,1,256,1,"[47,-16,2,0,-31,89,-36,101,-32,109,-21,99,-16,97,-17,102,-16,92,-12,75,-15,77,-18,89,-19,89,-22,91,-25,97,-26,99,-23,95,-21,86,-26,89,-23,84,-17,73,-18,74,-16,67,-12,49,-14,38,-15,35,-13,30,-3,6,0,0,0,0,0,0,0,0,0,0,0,0,0,0,0,0,0,0,-4,8,-7,34,-2,33,-16,41,-24,41,-14,35,-6,46,-6,55,-10,55,-17,62,-27,66,-40,72,-44,77,-41,73,-42,71,-49,77,-56,83,-48,74,-38,62,-41,64,-39,74,-33,73,-30,61,-30,63,-38,86,-43,95,-41,85,-18,1,-56,19,-61,19,-62,23,-59,29,-56,29,-53,29,-47,27,-47,22,-49,21,-51,25,-51,26,-52,26,-56,28,-58,31,-55,33,-55,31,-52,23,-51,22,-50,20,-46,19,-43,17,-36,12,-33,7,-32,9,-27,9,-27,6,-21,-25,-15,-30,-3,-7,-1,-3,0,0,1,0,-1,-1,-2,-2,-5,-3,-32,-13,-28,-7,-14,13,-20,10,-29,11,-36,5,-35,3,-33,10,-35,16,-37,12,-42,11,-47,9,-51,11,-49,9,-50,6,-57,4,-59,7,-57,6,-55,3,-52,0,-50,3,-47,10,-48,12,-52,11,-51,10,-53,15,-57,19,-58,18]"
CSI_DATA,16310,1a:00:00:00:00:00,0,11,1,0,0,1,1,0,0,0,0,-96,0,6,0,53094463,0,47,1,256,1,"[47,-16,2,0,55,75,58,80,51,84,45,77,48,74,50,76,49,72,45,65,51,64,63,65,62,61,56,64,57,73,62,81,68,80,64,75,52,76,38,74,32,66,34,64,35,58,35,43,36,34,31,34,25,38,5,10,0,0,0,0,0,0,0,0,0,0,0,0,0,0,0,0,0,0,3,9,15,31,19,24,24,34,22,43,21,39,30,41,36,46,33,46,35,56,40,68,42,77,42,83,39,79,34,74,29,79,24,91,23,85,26,72,25,72,22,76,20,74,20,69,30,71,44,78,50,82,48,80,21,9,68,33,71,35,72,34,69,30,64,25,63,21,62,19,61,17,63,14,69,15,70,17,67,16,69,19,70,22,63,22,60,21,61,21,61,21,60,20,57,14,52,15,45,18,41,17,40,16,30,18,22,24,27,12,23,17,4,4,1,2,-1,-1,-2,-1,0,0,1,1,6,2,37,10,31,3,23,7,30,10,38,18,38,26,37,23,42,21,43,19,44,21,49,28,50,37,53,42,52,42,54,41,57,44,54,47,52,53,53,52,52,47,51,43,49,42,50,39,52,36,54,35,61,42,65,46,63,44]"
CSI_DATA,16311,1a:00:00:00:00:00,-1,11,1,0,0,1,1,0,0,0,0,-96,0,6,0,53094623,0,47,1,256,1,"[47,-16,2,0,-92,-43,-98,-35,-102,-23,-95,-24,-89,-28,-89,-29,-86,-30,-83,-26,-88,-18,-97,-11,-92,-12,-85,-17,-91,-22,-99,-23,-100,-27,-91,-30,-85,-27,-78,-24,-68,-23,-66,-25,-64,-23,-57,-22,-47,-24,-34,-13,-29,-5,-8,-2,0,0,0,0,0,0,0,0,0,0,0,0,0,0,0,0,0,0,-11,-2,-37,0,-32,-3,-45,-21,-58,-31,-50,-26,-43,-22,-50,-22,-58,-22,-65,-23,-73,-33,-77,-42,-77,-42,-72,-39,-68,-37,-77,-43,-85,-56,-73,-58,-60,-53,-63,-50,-66,-43,-62,-39,-58,-44,-66,-43,-86,-35,-96,-33,-90,-38,-27,-7,-84,-20,-88,-21,-88,-18,-88,-12,-84,-11,-80,-9,-78,-7,-79,-7,-83,-4,-87,-2,-88,-3,-84,-3,-78,-4,-79,-4,-84,-1,-87,-1,-84,-5,-81,-6,-79,-6,-68,-4,-61,-3,-57,-7,-52,-8,-50,-8,-46,-7,-45,-6,-38,-9,-33,-12,-7,-3,-2,-2,0,0,1,0,-1,-1,-2,-3,-7,-4,-37,-18,-34,-11,-33,-1,-38,-4,-46,-12,-52,-21,-51,-20,-51,-16,-51,-14,-54,-15,-59,-19,-65,-30,-69,-37,-69,-40,-66,-41,-69,-41,-70,-44,-72,-48,-72,-47,-67,-41,-65,-36,-66,-30,-66,-28,-67,-30,-69,-31,-75,-31,-81,-30,-81,-29]"
CSI_DATA,16312,1a:00:00:00:00:00,0,11,1,0,0,1,1,0,0,0,0,-96,0,6,0,53108309,0,47,1,256,1,"[47,-16,2,0,-1,102,-3,99,-11,93,-7,93,3,96,6,95,11,91,12,87,2,89,-3,89,-4,83,-6,81,-5,86,-1,95,11,107,12,105,1,90,0,77,1,72,0,72,-1,63,0,57,1,55,-7,47,-13,45,-3,11,0,0,0,0,0,0,0,0,0,0,0,0,0,0,0,0,0,0,-3,8,-8,30,-2,32,-4,42,-9,46,-7,44,-1,55,5,62,8,57,2,61,-9,72,-26,82,-38,85,-35,81,-31,76,-33,78,-39,83,-32,85,-19,79,-20,75,-23,71,-18,68,-16,71,-23,75,-29,84,-27,90,-24,88,3,24,10,84,12,89,12,88,13,80,18,74,22,78,22,78,23,76,23,76,20,80,16,80,14,76,14,82,17,85,22,80,24,78,20,79,18,80,17,76,15,70,11,64,4,53,1,46,0,45,-7,38,-13,34,-3,26,-3,22,-2,3,-1,0,0,-1,-1,-2,-1,0,-1,2,-1,7,3,40,7,32,7,31,6,34,3,42,1,45,6,43,11,47,14,49,12,51,8,59,-2,66,-10,74,-14,75,-14,74,-14,77,-16,77,-19,78,-15,80,-9,77,-7,73,-8,70,-6,72,-5,75,-6,77,-7,82,-7,85,-6,84]"
CSI_DATA,16313,1a:00:00:00:00:00,0,11,1,0,0,1,1,0,0,0,0,-96,0,6,0,53154090,0,47,1,256,1,"[47,-16,2,0,49,89,45,97,34,100,35,91,42,88,44,87,44,79,40,70,39,71,43,78,44,77,43,81,42,90,46,94,57,91,56,82,43,81,34,78,30,73,30,69,29,59,29,44,30,36,22,41,14,48,3,12,0,0,0,0,0,0,0,0,0,0,0,0,0,0,0,0,0,0,1,9,8,33,15,27,16,37,10,42,15,38,30,49,35,52,29,46,26,56,27,70,24,83,21,92,22,88,19,83,11,90,6,99,17,91,25,77,17,76,10,80,14,77,18,71,20,75,24,90,29,96,31,92,3,34,18,85,19,75,18,64,18,53,21,47,24,62,25,75,24,84,25,77,27,81,27,81,26,81,26,87,29,92,32,92,34,91,30,82,26,78,23,76,23,73,19,69,12,59,9,49,10,45,4,41,-5,39,-13,23,-16,18,-4,3,-2,0,-1,-1,0,-2,-1,0,-2,1,-3,6,-10,34,-4,30,8,30,8,34,7,43,1,46,3,44,10,49,13,54,9,57,6,66,1,73,-1,79,-1,79,-1,79,-4,84,-8,88,-12,89,-8,86,-4,79,-4,76,-4,76,-2,77,1,78,4,80,4,86,5,89,6,87]"
CSI_DATA,16315,1a:00:00:00:00:00,-1,11,1,0,0,1,1,0,0,0,0,-96,0,6,0,53156507,0,47,1,256,1,"[47,-16,2,0,98,7,106,0,107,-15,91,-18,84,-20,88,-24,84,-22,81,-19,89,-14,96,-11,85,-7,78,-6,87,-12,95,-15,92,-8,91,1,92,-1,86,-12,74,-17,71,-15,70,-14,65,-5,56,8,41,7,30,4,6,1,0,0,0,0,0,0,0,0,0,0,0,0,0,0,0,0,0,0,11,-2,37,-10,31,-10,45,2,58,10,51,7,47,0,54,-8,61,-12,71,-9,84,6,88,25,85,33,75,31,70,24,80,17,91,21,81,27,70,25,76,18,79,5,72,1,69,10,77,16,89,16,95,14,91,15,28,0,88,-1,91,-3,92,-7,86,-13,77,-15,79,-15,82,-15,82,-15,80,-18,83,-20,85,-20,77,-19,74,-18,78,-21,82,-24,86,-23,86,-17,84,-14,82,-13,68,-12,63,-12,58,-9,53,-7,49,-4,45,-1,43,1,36,2,30,4,6,1,1,0,-1,-1,-2,-1,-1,0,3,0,7,0,41,4,34,-2,29,-12,31,-11,40,-4,50,5,52,6,54,3,55,3,56,3,61,4,68,10,72,16,71,17,69,19,76,20,79,22,83,25,83,26,77,23,72,19,72,13,69,10,70,11,72,11,81,8,86,5,85,5]"
CSI_DATA,16316,1a:00:00:00:00:00,0,11,1,0,0,1,1,0,0,0,0,-96,0,6,0,53156676,0,47,1,256,1,"[47,-16,2,0,-47,-86,-57,-90,-57,-93,-48,-83,-40,-81,-37,-89,-32,-87,-30,-76,-42,-74,-55,-75,-53,-71,-49,-71,-53,-77,-58,-82,-53,-80,-45,-78,-39,-81,-29,-80,-21,-73,-21,-70,-26,-62,-27,-50,-22,-39,-19,-31,-14,-30,-3,-8,0,0,0,0,0,0,0,0,0,0,0,0,0,0,0,0,0,0,-4,-10,-16,-31,-19,-22,-19,-37,-20,-52,-23,-41,-25,-35,-23,-45,-22,-55,-27,-68,-30,-79,-29,-84,-27,-86,-25,-83,-25,-78,-28,-82,-28,-91,-20,-81,-17,-70,-19,-76,-15,-83,-10,-80,-7,-73,-17,-77,-37,-91,-42,-95,-32,-88,-2,-26,-12,-82,-20,-85,-27,-87,-31,-80,-30,-71,-28,-72,-27,-81,-27,-81,-26,-83,-29,-82,-29,-80,-27,-74,-27,-70,-35,-70,-42,-74,-42,-80,-35,-79,-31,-80,-26,-78,-24,-69,-23,-62,-20,-60,-16,-54,-16,-49,-12,-46,-7,-47,-4,-43,-2,-45,-1,-9,0,-4,0,-1,-1,1,-1,-1,1,-2,3,-6,17,-34,14,-34,-7,-29,-6,-35,-4,-44,1,-52,0,-50,-6,-49,-8,-51,-9,-57,-9,-66,-2,-77,6,-80,10,-75,11,-73,9,-74,7,-77,6,-79,4,-78,2,-73,0,-72,0,-73,1,-78,2,-78,0,-79,-5,-84,-6,-85,-3,-79]"
CSI_DATA,16317,1a:00:00:00:00:00,-1,11,1,0,0,1,1,0,0,0,0,-96,0,6,0,53157112,0,47,1,256,1,"[47,-16,2,0,40,90,48,82,57,63,53,67,48,71,48,66,52,66,52,65,55,57,70,52,72,50,64,58,62,68,65,67,70,72,62,71,57,63,51,56,41,50,41,50,40,43,36,36,35,37,30,25,28,17,7,5,0,0,0,0,0,0,0,0,0,0,0,0,0,0,0,0,0,0,4,7,20,26,15,26,11,46,13,67,11,58,9,45,13,45,18,50,22,54,23,61,20,71,16,76,13,76,11,79,14,84,11,91,-2,89,-6,78,4,80,12,73,12,61,9,63,15,61,34,67,45,80,40,86,-6,23,-8,76,-8,76,-6,70,-4,57,-4,54,-4,62,-5,70,-1,74,-1,78,0,76,4,67,6,58,6,63,11,61,14,56,16,51,13,45,7,44,5,49,1,54,0,59,-1,48,0,44,2,42,3,36,9,34,-8,42,-3,42,-1,7,0,2,0,0,2,-1,-1,-1,-5,0,-11,3,-51,16,-41,16,-5,18,-8,22,-13,31,-20,42,-22,45,-19,46,-14,49,-20,50,-26,48,-32,51,-37,52,-38,48,-40,45,-37,49,-35,53,-37,58,-42,60,-41,56,-35,53,-26,52,-26,54,-29,60,-32,60,-28,61,-22,61,-15,58]"
CSI_DATA,16319,1a:00:00:00:00:00,-1,11,1,0,0,1,1,0,0,0,0,-96,0,6,0,53157546,0,47,1,256,1,"[47,-16,2,0,-62,91,-49,86,-25,79,-33,85,-46,84,-42,76,-38,81,-30,83,-14,81,-2,89,3,87,-4,86,-15,89,-17,88,-17,102,-25,101,-29,85,-26,75,-23,65,-24,64,-21,56,-9,54,-3,62,-5,49,-7,40,-2,11,0,0,0,0,0,0,0,0,0,0,0,0,0,0,0,0,0,0,-3,7,-11,29,-23,27,-40,33,-48,37,-45,32,-48,34,-47,41,-42,45,-40,48,-41,58,-52,70,-61,68,-60,62,-63,57,-70,54,-74,57,-74,55,-70,47,-67,47,-60,39,-59,34,-59,44,-43,55,-36,68,-39,84,-42,93,-24,4,-72,23,-72,20,-66,16,-57,12,-58,16,-62,20,-64,20,-64,22,-65,26,-63,29,-57,31,-50,27,-57,26,-53,30,-43,33,-31,37,-24,35,-29,29,-39,27,-47,22,-55,17,-46,13,-39,13,-35,18,-33,14,-27,13,-37,-3,-34,4,-6,1,-2,1,-1,0,1,0,0,-1,-4,-2,-10,-5,-45,-22,-36,-18,-18,4,-20,3,-30,1,-40,-2,-44,-3,-49,1,-50,3,-50,0,-50,-4,-55,-5,-62,-3,-62,-2,-58,-6,-60,-10,-61,-14,-64,-15,-66,-15,-64,-13,-60,-11,-57,-6,-58,-5,-63,1,-63,2,-63,5,-63,11,-60,20]"
CSI_DATA,16320,1a:00:00:00:00:00,0,11,1,0,0,1,1,0,0,0,0,-96,0,6,0,53157892,0,47,1,256,1,"[47,-16,2,0,-82,62,-65,63,-47,59,-52,58,-59,65,-58,68,-58,71,-61,77,-64,78,-59,75,-51,62,-44,56,-42,66,-48,78,-58,90,-64,91,-56,77,-47,63,-41,55,-39,56,-32,52,-31,52,-36,60,-32,48,-31,35,-9,8,0,0,0,0,0,0,0,0,0,0,0,0,0,0,0,0,0,0,-10,4,-34,16,-32,10,-51,12,-67,23,-62,22,-50,19,-45,30,-44,41,-51,42,-72,40,-91,28,-94,12,-87,8,-76,13,-72,23,-81,20,-84,9,-79,13,-74,25,-67,26,-66,25,-74,27,-81,27,-82,31,-78,37,-75,38,-15,-10,-52,-22,-53,-22,-46,-25,-33,-28,-31,-28,-38,-22,-46,-16,-49,-14,-51,-12,-57,-11,-56,-11,-48,-14,-44,-17,-47,-15,-54,-10,-59,-9,-60,-9,-57,-15,-49,-16,-41,-18,-34,-16,-30,-16,-31,-12,-33,-6,-28,-4,-24,1,-17,-17,-15,-7,-3,-1,-1,1,-1,0,0,1,0,-1,-2,-4,-3,-10,-13,-45,-12,-35,-14,-7,-17,-8,-25,-11,-31,-16,-33,-20,-32,-22,-31,-21,-31,-26,-30,-30,-35,-30,-42,-36,-42,-40,-35,-43,-32,-42,-30,-41,-34,-43,-39,-47,-38,-42,-34,-36,-34,-29,-35,-30,-43,-32,-50,-35,-51,-35,-46,-34,-44,-30]"
CSI_DATA,16321,1a:00:00:00:00:00,-1,11,1,0,0,1,1,0,0,0,0,-96,0,6,0,53158079,0,47,1,256,1,"[47,-16,2,0,91,-31,83,-43,70,-52,64,-47,67,-45,73,-49,74,-43,71,-41,73,-47,71,-49,63,-44,59,-43,63,-50,67,-57,76,-54,88,-45,82,-41,68,-40,60,-38,57,-39,52,-40,51,-41,55,-36,41,-27,28,-18,6,-4,0,0,0,0,0,0,0,0,0,0,0,0,0,0,0,0,0,0,13,-4,43,-14,31,-13,44,-8,64,-8,57,-7,42,-6,44,-16,51,-27,61,-29,79,-20,92,-6,91,3,80,7,66,1,68,-12,81,-10,78,4,70,6,69,-8,67,-15,68,-9,75,-4,81,-7,83,-17,79,-23,74,-21,18,18,62,43,62,38,57,31,53,27,54,26,57,25,58,19,59,20,59,14,59,12,59,15,55,19,55,22,59,20,62,15,65,15,65,20,62,22,60,22,50,13,46,10,40,9,37,12,38,11,32,12,27,11,11,36,4,28,1,4,-1,0,-1,-1,-1,-2,-1,0,0,2,3,5,15,32,14,26,17,4,16,7,21,16,26,23,28,27,31,29,33,26,34,24,38,23,43,28,45,35,42,42,36,45,33,53,31,48,35,49,39,52,40,47,38,36,40,31,41,29,45,32,48,32,52,32,54,35,57,37]"
CSI_DATA,16322,1a:00:00:00:00:00,0,11,1,0,0,1,1,0,0,0,0,-96,0,6,0,53158257,0,47,1,256,1,"[47,-16,2,0,-63,-85,-65,-81,-56,-71,-57,-71,-60,-79,-55,-81,-54,-76,-54,-69,-55,-68,-60,-67,-57,-61,-55,-65,-60,-71,-67,-71,-76,-76,-72,-80,-58,-77,-46,-69,-39,-63,-39,-62,-36,-52,-37,-46,-42,-49,-34,-49,-22,-49,-5,-13,0,0,0,0,0,0,0,0,0,0,0,0,0,0,0,0,0,0,-5,-10,-20,-34,-22,-30,-27,-39,-32,-48,-30,-47,-33,-49,-40,-48,-39,-43,-38,-49,-42,-63,-43,-82,-36,-93,-31,-88,-31,-83,-32,-84,-29,-88,-29,-83,-32,-76,-31,-76,-23,-73,-21,-72,-25,-72,-26,-71,-33,-76,-42,-78,-45,-78,-21,-15,-66,-53,-66,-56,-63,-57,-61,-54,-64,-52,-67,-51,-62,-48,-61,-45,-60,-42,-62,-42,-65,-38,-71,-34,-65,-40,-56,-45,-46,-47,-43,-52,-39,-51,-47,-47,-59,-45,-63,-43,-47,-42,-39,-35,-39,-31,-41,-30,-33,-28,-23,-30,-24,-14,-14,-14,-1,-3,0,-1,-1,-1,1,0,-1,-1,-3,-2,-6,-5,-35,-25,-30,-19,-26,-22,-26,-25,-29,-34,-32,-39,-35,-34,-40,-33,-42,-32,-41,-33,-44,-37,-44,-45,-49,-55,-49,-55,-46,-55,-48,-61,-44,-64,-41,-69,-41,-69,-40,-64,-39,-62,-37,-58,-38,-57,-42,-57,-44,-53,-50,-53,-57,-52,-59,-49]"
CSI_DATA,16323,1a:00:00:00:00:00,0,11,1,0,0,1,1,0,0,0,0,-96,0,6,0,53158426,0,47,1,256,1,"[47,-16,2,0,96,11,90,-1,82,-14,78,-11,82,-9,88,-11,88,-9,88,-8,93,-9,89,-12,76,-10,70,-8,76,-13,85,-20,32,-19,-22,-8,32,-4,79,-7,70,-8,67,-10,62,-12,64,-11,69,-9,51,-6,38,-1,9,0,0,0,0,0,0,0,0,0,0,0,0,0,0,0,0,0,0,0,12,2,41,6,34,3,45,12,61,19,56,17,47,13,54,5,60,-4,67,0,81,17,88,37,83,45,71,42,61,30,65,21,75,29,70,40,66,37,68,26,66,19,64,22,71,27,79,30,81,25,79,17,76,16,22,18,74,51,74,50,70,43,67,38,68,36,71,34,72,29,70,29,68,24,71,25,71,25,63,25,65,30,71,31,77,28,63,32,45,37,58,37,71,34,59,28,53,23,46,18,45,19,48,18,40,18,31,16,17,29,10,21,2,2,-1,-1,-1,0,-1,-1,-1,0,1,1,3,3,22,23,21,21,23,11,21,12,27,22,33,29,37,31,43,33,46,33,47,31,48,33,52,41,54,50,55,55,50,56,49,61,46,59,49,62,50,63,49,57,48,48,49,42,47,42,51,46,56,48,60,48,64,48,70,46]"
CSI_DATA,16324,1a:00:00:00:00:00,-1,11,1,0,0,1,1,0,0,0,0,-96,0,6,0,53158595,0,47,1,256,1,"[47,-16,2,0,-53,75,-45,84,-36,90,-43,86,-50,80,-47,77,-45,75,-40,68,-34,73,-29,90,-27,87,-32,77,-38,80,-36,90,-41,94,-48,87,-46,85,-44,74,-41,58,-41,56,-36,52,-35,46,-34,47,-18,37,-11,27,-4,6,0,0,0,0,0,0,0,0,0,0,0,0,0,0,0,0,0,0,-5,9,-13,36,-13,26,-30,34,-42,52,-35,44,-24,38,-27,44,-32,51,-37,58,-48,56,-59,56,-62,62,-58,59,-56,55,-59,62,-68,65,-74,50,-69,40,-69,53,-62,59,-50,51,-48,42,-47,45,-48,67,-54,78,-62,70,-16,24,-49,76,-47,78,-42,81,-37,81,-35,79,-30,77,-25,75,-24,77,-25,79,-28,80,-29,82,-28,77,-30,74,-30,76,-27,82,-29,91,-31,88,-29,86,-27,83,-22,68,-23,60,-25,53,-27,48,-27,48,-25,43,-22,40,-24,36,-23,32,-4,6,-2,1,-1,-1,1,-2,-1,-1,-3,2,-6,6,-34,36,-26,29,-13,26,-16,27,-25,31,-36,40,-36,45,-31,50,-27,51,-27,52,-31,56,-44,57,-55,53,-59,51,-59,49,-63,52,-63,53,-67,54,-68,55,-62,54,-55,56,-48,59,-44,60,-44,57,-46,55,-50,63,-56,67,-56,64]"
CSI_DATA,16326,1a:00:00:00:00:00,0,11,1,0,0,1,1,0,0,0,0,-96,0,6,0,53201779,0,47,1,256,1,"[47,-16,2,0,59,85,57,80,53,63,54,67,50,82,42,82,44,74,53,67,65,62,78,53,76,41,65,44,59,56,63,61,86,72,90,82,63,79,39,72,29,68,31,67,30,58,43,44,61,36,46,35,28,35,6,8,0,0,0,0,0,0,0,0,0,0,0,0,0,0,0,0,0,0,6,6,25,22,28,26,33,38,26,41,21,46,31,63,39,64,33,53,29,54,48,65,59,77,50,82,44,73,38,67,23,73,21,88,33,91,33,83,20,78,4,74,3,72,18,74,35,73,51,69,58,64,56,67,-11,20,-20,67,-18,64,-21,58,-26,45,-23,43,-18,57,-17,67,-15,66,-13,65,-14,62,-15,54,-18,42,-23,45,-23,56,-17,56,-11,56,-8,62,-12,68,-13,65,-15,57,-16,52,-16,45,-11,34,-5,29,-8,25,-9,22,-29,10,-25,11,-4,2,-1,0,0,0,1,-1,-1,0,-3,1,-5,3,-27,15,-21,12,-3,12,-6,14,-10,22,-17,29,-17,37,-12,48,-11,51,-18,49,-23,45,-23,42,-26,42,-29,42,-33,37,-39,38,-44,41,-44,48,-38,51,-34,51,-35,49,-34,51,-35,51,-34,53,-33,52,-32,50,-31,46,-27,43]"
CSI_DATA,16327,1a:00:00:00:00:00,-1,11,1,0,0,1,1,0,0,0,0,-96,0,6,0,53201957,0,47,1,256,1,"[47,-16,2,0,-31,-95,-29,-104,-23,-108,-26,-95,-35,-91,-39,-94,-38,-86,-36,-75,-31,-76,-28,-85,-29,-88,-28,-93,-27,-99,-30,-105,-41,-103,-40,-91,-27,-85,-23,-78,-26,-73,-25,-73,-21,-66,-18,-51,-16,-41,-10,-43,-7,-48,-2,-12,0,0,0,0,0,0,0,0,0,0,0,0,0,0,0,0,0,0,-1,-12,-7,-40,-13,-34,-9,-44,-2,-45,-9,-36,-25,-46,-34,-51,-33,-49,-27,-61,-20,-73,-12,-84,-7,-93,-7,-92,-6,-90,1,-95,5,-102,-5,-93,-11,-76,-3,-74,-3,-82,-11,-83,-14,-74,-14,-76,-13,-95,-13,-103,-16,-96,8,-23,16,-80,17,-84,14,-89,10,-90,7,-85,5,-81,7,-77,10,-72,10,-75,8,-79,6,-79,3,-80,1,-84,1,-88,-2,-81,-2,-73,3,-70,11,-71,15,-70,11,-67,12,-62,14,-55,12,-48,10,-45,10,-40,14,-37,29,-19,30,-12,6,-2,2,0,-1,0,-1,0,0,-1,0,-1,3,-4,14,-27,10,-27,-2,-33,3,-39,8,-46,15,-47,13,-43,5,-46,1,-48,6,-49,13,-58,19,-66,20,-71,20,-69,23,-68,26,-71,29,-74,32,-75,30,-72,28,-63,30,-60,27,-61,26,-64,26,-65,25,-66,23,-73,20,-80,17,-79]"
CSI_DATA,16328,1a:00:00:00:00:00,-1,11,1,0,0,1,1,0,0,0,0,-96,0,6,0,53215830,0,47,1,256,1,"[47,-16,2,0,27,-100,11,-102,-6,-103,0,-92,14,-82,19,-86,25,-89,24,-90,8,-94,-7,-97,-7,-91,-1,-86,6,-93,13,-103,26,-102,35,-92,34,-83,32,-76,29,-65,29,-64,24,-63,20,-60,22,-54,11,-36,1,-24,0,-6,0,0,0,0,0,0,0,0,0,0,0,0,0,0,0,0,0,0,-4,-13,-17,-41,-9,-34,4,-54,7,-75,3,-62,-3,-45,-4,-51,-6,-64,-9,-74,-4,-84,5,-91,6,-92,6,-86,8,-78,11,-80,21,-90,33,-78,34,-65,25,-70,22,-72,34,-67,39,-70,23,-81,6,-95,2,-99,8,-93,23,-11,64,-44,61,-49,54,-48,48,-47,49,-45,53,-42,52,-40,55,-42,52,-49,46,-56,43,-60,40,-57,42,-54,47,-58,50,-63,56,-62,61,-52,59,-43,59,-36,52,-28,48,-27,44,-25,39,-25,36,-26,30,-19,26,-16,32,0,26,1,4,-1,0,-1,-1,-1,-2,-1,0,1,2,0,5,-2,32,-8,26,-15,3,-25,10,-23,22,-26,31,-28,35,-26,35,-22,34,-22,35,-28,34,-35,36,-41,40,-44,41,-41,43,-33,50,-30,52,-27,58,-29,64,-27,60,-24,51,-21,46,-20,49,-20,54,-26,52,-36,48,-47,48,-52,49,-51]"
CSI_DATA,16329,1a:00:00:00:00:00,-1,11,1,0,0,1,1,0,0,0,0,-96,0,6,0,53258046,0,47,1,256,1,"[47,-16,2,0,88,8,98,10,100,10,91,4,95,0,101,0,94,0,76,1,72,0,84,-7,87,-12,97,-9,104,-3,102,0,97,1,86,1,93,4,89,7,75,4,77,1,65,0,44,-2,42,-7,51,-13,47,-8,10,-1,0,0,0,0,0,0,0,0,0,0,0,0,0,0,0,0,0,0,10,5,38,11,36,3,47,13,51,19,42,11,52,2,58,-3,55,3,60,12,64,13,77,16,88,22,84,23,85,27,88,34,85,42,73,38,59,26,66,30,77,32,78,28,65,24,61,15,83,13,95,15,90,15,16,17,59,50,60,52,64,50,68,45,67,42,65,39,61,39,58,41,57,44,61,42,62,38,64,34,69,34,73,35,74,36,72,38,62,37,58,39,54,39,50,34,47,32,40,31,32,28,32,22,32,18,31,20,1,28,-4,29,-2,6,-2,2,-1,-1,-1,-2,-1,0,-1,1,1,5,12,28,15,23,27,11,29,17,34,27,34,35,31,33,37,27,41,24,38,30,38,39,40,46,45,49,47,48,45,50,48,54,49,57,45,59,41,59,36,53,38,50,41,47,45,48,44,50,43,50,50,50,58,51,59,49]"
CSI_DATA,16330,1a:00:00:00:00:00,0,11,1,0,0,1,1,0,0,0,0,-96,0,6,0,53258313,0,47,1,256,1,"[47,-16,2,0,68,85,65,74,59,58,67,69,71,75,64,65,67,63,64,58,56,53,59,58,61,60,63,64,64,68,63,66,77,74,75,75,60,68,51,56,44,49,43,50,38,42,42,37,44,42,28,40,23,43,7,12,0,0,0,0,0,0,0,0,0,0,0,0,0,0,0,0,0,0,5,5,22,23,24,23,30,31,33,40,31,41,34,47,44,46,47,37,44,37,46,47,50,69,44,84,38,82,39,79,42,82,40,87,37,85,38,75,41,71,34,65,27,61,31,63,32,59,37,66,51,76,61,81,14,24,46,82,43,82,38,78,35,75,40,78,43,80,40,74,41,72,41,68,42,68,47,68,45,66,47,74,50,78,51,78,53,81,49,78,44,75,41,72,34,67,27,62,22,49,24,46,29,45,21,41,14,38,7,24,2,15,-1,0,-1,-1,0,0,-1,-2,0,0,0,2,0,7,7,40,7,34,13,28,12,30,13,38,16,45,20,45,26,48,29,50,29,50,27,54,26,59,28,71,28,77,23,78,21,84,20,84,17,84,15,83,17,76,17,74,17,70,15,70,18,74,22,74,27,77,35,79,42,78]"
CSI_DATA,16331,1a:00:00:00:00:00,0,11,1,0,0,1,1,0,0,0,0,-96,0,6,0,53261901,0,47,1,256,1,"[47,-16,2,0,67,77,64,75,52,68,51,66,63,72,66,73,64,65,63,59,65,63,68,61,63,55,56,59,59,66,70,70,83,72,82,70,65,68,49,63,44,57,45,56,40,48,39,37,45,33,41,36,33,43,7,11,0,0,0,0,0,0,0,0,0,0,0,0,0,0,0,0,0,0,4,7,16,26,21,24,31,35,32,41,30,40,37,46,46,43,41,35,38,44,48,61,52,76,46,83,41,78,37,71,34,75,30,87,30,82,34,72,31,71,26,71,28,69,34,68,40,72,48,78,52,76,51,69,19,16,64,60,66,62,67,62,64,59,63,56,63,57,60,55,59,49,64,46,71,44,72,37,69,32,71,38,74,45,77,49,81,53,73,51,65,48,61,48,58,44,52,43,45,38,41,31,43,26,35,25,23,27,15,19,7,21,0,4,-1,1,-1,-1,-1,-2,0,0,1,1,3,4,23,27,19,22,20,19,22,25,28,35,29,41,30,38,35,41,38,42,37,41,39,46,44,57,51,62,51,59,50,57,49,61,43,67,37,73,37,73,37,69,36,68,34,65,37,64,43,62,48,60,55,59,60,58,60,54]"
CSI_DATA,16332,1a:00:00:00:00:00,0,11,1,0,0,1,1,0,0,0,0,-96,0,6,0,53262070,0,47,1,256,1,"[47,-16,2,0,-96,-44,-94,-36,-85,-24,-86,-32,-84,-47,-77,-50,-77,-45,-79,-34,-83,-23,-91,-10,-86,-2,-82,-10,-83,-18,-87,-12,-108,-10,-112,-22,-92,-33,-72,-38,-62,-41,-62,-38,-57,-30,-59,-18,-66,-9,-51,-10,-41,-14,-11,-4,0,0,0,0,0,0,0,0,0,0,0,0,0,0,0,0,0,0,-10,-4,-36,-13,-39,-16,-46,-23,-43,-28,-39,-33,-48,-42,-54,-46,-50,-41,-49,-39,-62,-43,-75,-53,-74,-62,-67,-60,-63,-58,-60,-61,-66,-63,-71,-60,-66,-56,-56,-59,-40,-61,-34,-60,-47,-58,-57,-50,-70,-42,-81,-38,-83,-41,-22,-19,-70,-57,-70,-57,-66,-56,-63,-54,-65,-56,-68,-56,-69,-52,-70,-47,-71,-45,-72,-50,-68,-50,-58,-48,-59,-53,-69,-52,-78,-44,-89,-43,-87,-45,-78,-46,-70,-45,-59,-43,-53,-43,-45,-39,-40,-32,-41,-28,-33,-27,-26,-24,-20,-27,-21,-25,-5,-4,-2,-1,-1,0,0,1,-1,-1,-2,-3,-3,-6,-12,-29,-11,-24,-18,-18,-18,-23,-22,-31,-27,-37,-34,-38,-47,-40,-50,-42,-46,-46,-39,-51,-36,-58,-34,-68,-32,-72,-29,-72,-32,-74,-33,-75,-39,-75,-46,-74,-46,-69,-42,-66,-39,-63,-38,-65,-42,-67,-45,-68,-46,-72,-47,-73,-45,-70]"
CSI_DATA,16333,1a:00:00:00:00:00,-1,11,1,0,0,1,1,0,0,0,0,-96,0,6,0,53293917,0,47,1,256,1,"[47,-16,2,0,108,-27,93,-28,69,-34,78,-37,87,-34,77,-32,78,-39,75,-43,64,-44,63,-51,62,-51,67,-52,74,-54,72,-53,82,-64,86,-60,75,-45,64,-37,56,-34,60,-36,52,-32,40,-37,39,-44,36,-30,40,-20,12,-6,0,0,0,0,0,0,0,0,0,0,0,0,0,0,0,0,0,0,6,-2,28,-4,32,-2,43,3,54,7,53,6,55,4,59,3,59,-1,57,-6,63,-12,80,-7,88,5,87,7,90,7,92,9,89,15,86,15,77,9,76,5,68,9,64,11,70,3,64,-5,68,-12,85,-20,97,-24,13,13,49,34,47,34,37,35,22,35,20,33,31,30,40,32,42,31,45,32,46,33,42,28,35,25,33,21,42,21,50,24,56,23,55,20,51,24,45,21,38,22,33,22,28,25,24,19,24,13,21,12,21,9,13,29,18,23,3,4,2,0,0,-1,0,-2,-1,0,-1,3,-2,7,-6,37,-3,30,8,9,8,11,11,17,14,26,17,30,23,31,24,32,20,36,14,38,13,40,16,42,17,42,11,42,14,43,14,45,16,49,17,52,17,47,18,42,20,38,21,40,27,43,25,48,24,47,25,42,27,31]"
CSI_DATA,16334,1a:00:00:00:00:00,0,11,1,0,0,1,1,0,0,0,0,-96,0,6,0,53358761,0,47,1,256,1,"[47,-16,2,0,89,-54,88,-49,84,-35,86,-34,88,-42,84,-46,78,-51,72,-51,74,-49,79,-50,74,-47,74,-41,81,-42,88,-54,92,-74,85,-72,81,-48,78,-33,72,-31,69,-34,62,-29,50,-30,42,-39,45,-31,53,-22,14,-6,0,0,0,0,0,0,0,0,0,0,0,0,0,0,0,0,0,0,7,-1,27,-3,28,-12,41,-21,43,-21,40,-25,53,-36,56,-43,47,-37,56,-30,75,-33,88,-31,94,-21,91,-19,85,-21,87,-15,93,-9,91,-19,82,-30,79,-23,77,-10,75,-11,76,-20,81,-24,89,-25,93,-29,91,-34,33,-3,84,-13,74,-11,59,-9,48,-5,46,-8,64,-12,78,-15,86,-17,77,-18,81,-21,81,-21,79,-17,85,-14,91,-16,85,-23,78,-30,76,-27,81,-21,79,-16,77,-14,72,-12,60,-7,49,-6,45,-11,40,-6,38,1,21,11,15,10,1,2,-1,0,-1,-1,-2,-1,0,0,1,0,4,3,27,11,26,7,28,-2,31,-2,40,-2,43,0,42,-4,49,-9,55,-11,57,-7,63,0,69,4,77,6,77,8,77,11,81,14,84,18,84,20,83,15,76,8,73,8,70,10,71,10,76,6,81,3,86,4,88,3,86,-1]"
CSI_DATA,16335,1a:00:00:00:00:00,-1,11,1,0,0,1,1,0,0,0,0,-96,0,6,0,53361369,0,47,1,256,1,"[47,-16,2,0,16,-90,11,-97,4,-104,5,-96,6,-92,4,-96,4,-94,5,-84,5,-85,0,-95,-2,-92,5,-91,7,-97,0,-103,0,-105,7,-97,12,-93,12,-83,11,-72,9,-74,8,-66,12,-52,12,-49,3,-45,2,-40,1,-10,0,0,0,0,0,0,0,0,0,0,0,0,0,0,0,0,0,0,2,-12,1,-41,-1,-37,12,-49,19,-58,9,-45,-1,-45,-3,-54,1,-59,6,-66,17,-68,29,-74,34,-83,34,-81,36,-82,38,-88,40,-91,40,-80,36,-65,35,-71,30,-77,24,-75,24,-67,23,-64,24,-82,27,-94,33,-90,0,-29,1,-88,-3,-86,-7,-85,-12,-78,-13,-71,-9,-75,-7,-85,-7,-86,-11,-86,-16,-85,-20,-82,-24,-75,-22,-71,-22,-78,-23,-84,-21,-90,-14,-88,-6,-84,1,-77,0,-67,0,-64,0,-60,-1,-51,-1,-49,-1,-47,1,-47,-5,-39,-7,-38,-2,-8,-1,-3,-1,0,0,0,0,-1,0,-2,-3,-5,-15,-24,-18,-23,-15,-29,-16,-36,-8,-46,0,-54,-1,-51,-6,-50,-5,-52,-3,-58,0,-63,3,-67,3,-71,2,-71,5,-69,9,-72,12,-75,15,-79,18,-80,17,-72,19,-68,19,-68,16,-71,10,-72,6,-74,3,-80,-1,-81,-3,-77]"
CSI_DATA,16336,1a:00:00:00:00:00,-1,11,1,0,0,1,1,0,0,0,0,-96,0,6,0,53361538,0,47,1,256,1,"[47,-16,2,0,14,95,17,40,18,-15,21,35,25,90,26,93,25,88,25,78,16,81,5,91,0,90,0,89,8,95,21,101,30,100,21,95,9,88,12,79,18,74,15,73,11,69,5,56,-3,44,-7,40,-4,40,-1,10,0,0,0,0,0,0,0,0,0,0,0,0,0,0,0,0,0,0,-1,11,3,39,10,31,0,40,-9,44,2,39,15,48,21,54,22,52,17,66,-3,78,-24,83,-31,88,-29,84,-23,81,-18,89,-13,97,-4,89,0,76,-5,75,-4,79,0,78,-1,74,-10,78,-19,92,-19,99,-16,93,4,23,18,79,23,84,28,70,34,48,35,54,35,69,35,69,34,69,34,72,30,77,21,80,16,77,17,74,22,75,30,79,35,83,31,81,27,78,28,75,30,66,27,61,18,57,11,51,7,47,0,45,-6,44,-6,35,-9,31,-3,6,-1,2,0,-1,0,-2,-1,0,-1,2,-1,6,3,39,5,33,13,29,14,32,11,38,7,42,13,42,21,47,23,50,22,52,19,60,6,69,-5,75,-10,76,-9,72,-5,75,-5,79,-5,84,0,86,2,81,3,75,5,73,7,71,7,71,4,72,1,78,1,83,0,82]"
CSI_DATA,16337,1a:00:00:00:00:00,0,11,1,0,0,1,1,0,0,0,0,-96,0,6,0,53361689,0,47,1,256,1,"[47,-16,2,0,-63,76,-62,73,-67,64,-64,59,-59,66,-58,71,-52,73,-48,76,-57,83,-58,81,-51,65,-50,51,-53,59,-53,80,-46,96,-41,97,-42,78,-45,64,-44,58,-41,58,-40,55,-34,53,-25,48,-23,35,-26,29,-7,7,0,0,0,0,0,0,0,0,0,0,0,0,0,0,0,0,0,0,-7,2,-22,9,-21,15,-33,22,-39,24,-36,30,-39,39,-44,41,-41,37,-52,39,-74,40,-86,33,-88,28,-84,27,-74,26,-75,27,-85,28,-80,31,-70,42,-67,38,-70,28,-64,33,-65,42,-81,47,-90,49,-86,47,-79,43,-12,28,-42,68,-44,62,-43,50,-40,44,-36,44,-32,55,-29,69,-26,80,-27,78,-30,84,-31,86,-29,68,-28,53,-26,46,-22,40,-21,42,-21,54,-21,67,-22,75,-19,69,-18,69,-22,63,-24,51,-22,48,-23,39,-26,26,-17,18,-13,11,-3,1,-1,-1,0,-2,1,-1,-1,0,-2,0,-6,2,-24,18,-17,21,-17,22,-21,26,-29,29,-33,29,-30,31,-31,38,-33,42,-36,44,-47,47,-62,46,-71,45,-69,39,-68,40,-65,43,-65,47,-67,46,-64,51,-58,51,-54,48,-53,44,-53,48,-53,53,-58,57,-63,59,-65,60,-63,56]"
CSI_DATA,16338,1a:00:00:00:00:00,-1,11,1,0,0,1,1,0,0,0,0,-96,0,6,0,53361849,0,47,1,256,1,"[47,-16,2,0,75,-52,74,-59,79,-67,75,-60,70,-53,71,-56,69,-52,65,-49,68,-55,69,-59,65,-53,64,-44,69,-49,74,-66,77,-73,76,-63,72,-48,67,-40,62,-38,60,-37,54,-35,48,-29,42,-22,31,-16,27,-13,7,-4,0,0,0,0,0,0,0,0,0,0,0,0,0,0,0,0,0,0,8,-7,25,-25,21,-24,38,-22,49,-24,34,-30,28,-37,36,-39,41,-39,50,-43,67,-39,82,-31,85,-28,79,-28,71,-26,72,-28,83,-34,78,-33,68,-28,68,-28,69,-28,67,-25,66,-25,74,-30,86,-38,88,-40,82,-37,13,-22,42,-66,38,-71,33,-75,32,-74,33,-71,36,-68,38,-70,36,-69,31,-71,26,-74,23,-71,17,-64,18,-61,19,-65,20,-66,24,-65,30,-66,34,-66,40,-61,37,-51,34,-46,31,-43,25,-40,23,-38,23,-33,26,-30,11,-37,11,-35,2,-8,0,-3,-1,0,-1,1,0,0,0,-2,0,-6,-2,-31,-6,-32,3,-29,5,-35,13,-38,23,-39,25,-43,24,-46,28,-43,31,-47,35,-52,40,-55,43,-54,41,-52,40,-50,42,-51,46,-51,52,-53,52,-57,49,-55,49,-47,52,-42,53,-43,49,-47,45,-52,44,-59,43,-63,40,-61]"
CSI_DATA,16339,1a:00:00:00:00:00,-1,11,1,0,0,1,1,0,0,0,0,-96,0,6,0,53362027,0,47,1,256,1,"[47,-16,2,0,-100,29,-94,35,-74,42,-68,39,-69,45,-65,51,-66,52,-71,47,-75,38,-76,39,-70,34,-71,34,-77,44,-77,47,-82,46,-87,42,-81,44,-67,45,-57,41,-58,41,-51,38,-49,32,-57,27,-50,18,-43,10,-12,1,0,0,0,0,0,0,0,0,0,0,0,0,0,0,0,0,0,0,-9,3,-32,14,-28,9,-42,6,-63,12,-61,12,-48,12,-46,22,-52,32,-60,33,-72,24,-86,6,-91,-8,-86,-15,-85,-9,-85,4,-85,2,-81,-10,-74,-5,-77,11,-68,19,-62,19,-69,13,-71,4,-76,4,-84,10,-88,14,-17,-14,-57,-32,-62,-31,-58,-27,-44,-26,-37,-26,-41,-23,-45,-23,-46,-25,-52,-25,-59,-25,-61,-23,-56,-19,-54,-17,-61,-14,-66,-17,-69,-21,-65,-22,-57,-24,-47,-24,-37,-23,-34,-20,-32,-22,-34,-21,-36,-19,-33,-15,-31,-9,-26,-32,-31,-24,-7,-4,-4,-1,-1,0,0,1,0,-1,-1,-4,-3,-9,-12,-46,-16,-40,-20,-8,-20,-11,-24,-16,-31,-22,-33,-25,-32,-27,-31,-26,-30,-28,-31,-31,-37,-34,-43,-40,-44,-46,-37,-48,-38,-48,-37,-44,-39,-47,-41,-52,-38,-47,-33,-37,-29,-30,-28,-31,-37,-35,-43,-40,-48,-40,-50,-36,-52,-30]"
CSI_DATA,16340,1a:00:00:00:00:00,0,11,1,0,0,1,1,0,0,0,0,-96,0,6,0,53365831,0,47,1,256,1,"[47,-16,2,0,-67,60,-65,69,-63,73,-64,63,-67,57,-68,57,-67,56,-57,50,-48,58,-48,76,-47,74,-51,67,-59,69,-61,79,-62,79,-63,72,-60,72,-59,59,-57,45,-55,48,-46,45,-39,38,-36,41,-23,42,-16,33,-5,6,0,0,0,0,0,0,0,0,0,0,0,0,0,0,0,0,0,0,-11,4,-32,19,-21,16,-35,20,-55,31,-46,28,-34,25,-39,27,-50,28,-61,31,-65,31,-71,35,-77,44,-75,42,-72,38,-76,41,-86,39,-83,25,-70,18,-75,25,-80,30,-71,28,-62,23,-57,30,-66,52,-75,58,-76,45,-23,17,-70,57,-70,59,-68,63,-65,65,-61,63,-55,64,-48,64,-48,65,-50,66,-51,66,-54,66,-53,62,-53,60,-52,62,-52,60,-57,60,-57,64,-54,71,-52,70,-43,62,-39,56,-38,48,-38,39,-38,39,-37,34,-38,30,-42,18,-40,15,-8,2,-3,0,0,-1,1,-1,-1,-1,-4,1,-9,3,-46,21,-36,17,-26,18,-26,19,-34,22,-48,25,-50,28,-47,34,-44,37,-47,37,-54,39,-64,35,-70,30,-73,28,-72,25,-77,26,-79,27,-83,26,-83,27,-76,29,-72,33,-70,37,-66,40,-63,38,-61,36,-68,42,-76,43,-75,40]"
CSI_DATA,16341,1a:00:00:00:00:00,-1,11,1,0,0,1,1,0,0,0,0,-96,0,6,0,53401689,0,47,1,256,1,"[47,-16,2,0,2,91,14,86,26,87,21,85,13,86,14,89,14,86,16,81,23,87,25,88,18,76,9,70,14,77,34,83,38,94,23,105,14,96,11,78,6,69,6,67,8,60,8,61,12,62,14,44,8,32,1,8,0,0,0,0,0,0,0,0,0,0,0,0,0,0,0,0,0,0,-1,10,3,38,6,34,-1,47,-5,58,-2,51,3,49,4,55,5,58,3,66,-10,80,-25,88,-31,86,-28,77,-21,67,-15,71,-16,83,-22,80,-23,73,-19,74,-16,73,-15,67,-17,69,-18,77,-11,86,-7,87,-13,82,12,14,32,50,37,50,42,49,43,46,44,44,48,47,40,51,30,47,24,46,20,49,19,50,25,44,39,45,43,44,32,43,24,46,13,48,15,48,22,46,28,44,35,41,29,39,30,37,31,38,29,32,25,26,40,1,39,-6,7,-2,2,-2,-1,-1,-2,-2,-1,0,2,3,6,7,35,37,31,29,10,22,13,23,11,28,14,36,22,39,27,37,24,35,27,38,27,47,23,58,19,64,16,60,13,57,12,55,14,58,14,61,18,62,19,57,16,55,14,55,17,58,19,58,23,61,27,64,25,66,18,62]"
CSI_DATA,16342,1a:00:00:00:00:00,0,11,1,0,0,1,1,0,0,0,0,-96,0,6,0,53401867,0,47,1,256,1,"[47,-16,2,0,-21,-102,-17,-101,-7,-88,-11,-91,-16,-98,-12,-93,-14,-91,-17,-81,-18,-73,-21,-79,-23,-82,-24,-92,-21,-98,-15,-33,-25,22,-26,-39,-7,-96,1,-89,0,-80,-2,-77,-4,-62,-15,-48,-23,-51,-9,-56,1,-61,0,-16,0,0,0,0,0,0,0,0,0,0,0,0,0,0,0,0,0,0,-1,-10,-4,-37,-11,-38,-13,-45,-6,-46,-5,-45,-12,-62,-21,-67,-21,-59,-15,-61,-20,-65,-19,-82,-10,-98,-7,-94,-4,-93,6,-93,15,-92,5,-93,-6,-83,3,-77,12,-76,14,-76,9,-75,3,-69,-2,-78,-10,-92,-18,-100,23,-15,41,-53,29,-50,18,-46,15,-42,14,-45,24,-47,35,-45,45,-44,38,-45,38,-51,37,-54,39,-53,43,-56,47,-58,51,-43,49,-29,39,-41,38,-57,38,-53,39,-48,39,-41,37,-33,31,-29,25,-34,23,-32,23,-25,24,4,15,8,2,2,-1,1,-1,-1,-2,0,0,0,1,-2,5,-3,32,-11,26,-10,9,-18,11,-15,15,-19,21,-20,20,-22,19,-29,22,-29,29,-26,38,-27,41,-30,42,-39,49,-45,41,-41,34,-40,27,-38,23,-36,21,-34,26,-31,37,-31,46,-32,41,-33,44,-37,48,-39,50,-43,48,-48,40,-52]"
CSI_DATA,16343,1a:00:00:00:00:00,0,11,1,0,0,1,1,0,0,0,0,-96,0,6,0,53402027,0,47,1,256,1,"[47,-16,2,0,48,-74,47,-84,55,-92,56,-86,50,-77,49,-77,48,-73,43,-68,43,-74,44,-81,41,-76,41,-69,45,-73,46,-88,47,-95,48,-86,50,-76,51,-68,47,-59,43,-56,37,-52,32,-44,27,-35,20,-25,19,-20,5,-5,0,0,0,0,0,0,0,0,0,0,0,0,0,0,0,0,0,0,5,-8,15,-30,13,-27,30,-34,41,-43,28,-42,20,-44,24,-49,26,-50,35,-56,51,-57,64,-54,68,-55,61,-53,54,-47,57,-50,66,-58,64,-54,56,-48,57,-50,58,-50,56,-46,56,-45,61,-54,66,-68,64,-70,61,-64,3,-25,14,-75,16,-78,15,-80,15,-80,17,-77,16,-76,15,-76,13,-76,6,-75,-2,-77,-6,-75,-7,-68,-5,-66,-5,-69,-5,-75,-4,-83,1,-79,5,-66,9,-57,11,-53,11,-56,11,-51,7,-45,6,-43,7,-39,11,-37,-3,-34,-4,-26,-1,-6,-1,-2,-1,0,-1,1,0,-1,1,-3,-1,-6,-2,-32,-8,-27,-4,-28,-2,-34,7,-42,18,-47,17,-49,14,-51,15,-51,16,-53,21,-56,27,-59,26,-60,24,-61,25,-60,27,-63,33,-63,39,-67,39,-67,36,-64,36,-60,35,-57,34,-56,29,-58,26,-61,25,-69,23,-73,19,-71]"
CSI_DATA,16344,1a:00:00:00:00:00,0,11,1,0,0,1,1,0,0,0,0,-96,0,6,0,53402196,0,47,1,256,1,"[47,-16,2,0,-101,0,-109,3,-103,-3,-95,-3,-96,1,-96,-3,-91,-6,-76,0,-74,11,-85,20,-86,21,-86,19,-95,15,-101,13,-104,16,-100,17,-101,9,-92,-1,-77,-4,-75,-2,-65,3,-52,12,-52,17,-54,14,-51,9,-13,2,0,0,0,0,0,0,0,0,0,0,0,0,0,0,0,0,0,0,-11,-5,-39,-14,-35,-5,-44,-9,-50,-15,-46,-10,-54,-6,-60,-6,-60,-7,-68,-10,-77,-12,-88,-15,-96,-18,-90,-17,-86,-16,-88,-22,-90,-32,-84,-28,-75,-19,-76,-24,-78,-31,-75,-31,-70,-28,-72,-20,-88,-9,-97,-2,-93,-1,-19,8,-66,24,-70,30,-71,33,-61,36,-50,38,-50,35,-52,34,-50,34,-50,41,-54,47,-56,44,-52,41,-52,40,-56,42,-56,42,-59,43,-57,38,-55,34,-50,32,-43,37,-41,35,-40,29,-37,23,-39,22,-39,12,-37,2,-25,7,-22,4,-5,1,-2,-1,0,-2,1,-1,-1,0,-2,0,-5,1,-24,11,-20,14,-25,7,-32,9,-39,6,-43,2,-40,5,-42,9,-44,10,-49,12,-56,12,-63,9,-71,7,-69,6,-68,8,-68,7,-69,5,-69,1,-69,6,-65,10,-61,9,-59,5,-62,7,-63,12,-66,18,-73,19,-75,19,-70,18]"
CSI_DATA,16345,1a:00:00:00:00:00,0,11,1,0,0,1,1,0,0,0,0,-96,0,6,0,53402401,0,47,1,256,1,"[47,-16,2,0,-103,3,-96,5,-87,-3,-92,-5,-93,5,-87,9,-88,14,-90,14,-90,1,-89,-8,-81,-13,-78,-12,-85,0,-95,10,-108,19,-107,18,-93,7,-81,5,-74,8,-73,7,-62,4,-55,3,-56,2,-48,-8,-49,-17,-14,-5,0,0,0,0,0,0,0,0,0,0,0,0,0,0,0,0,0,0,-7,-3,-24,-11,-28,-9,-42,-9,-55,-7,-56,-1,-59,2,-63,5,-59,9,-61,3,-69,-14,-76,-38,-77,-53,-75,-50,-74,-39,-76,-32,-80,-34,-82,-30,-80,-18,-77,-17,-70,-22,-66,-18,-72,-17,-76,-28,-80,-37,-87,-36,-91,-32,-28,-1,-94,-6,-98,-6,-94,-5,-89,-9,-88,-11,-86,-9,-81,-8,-80,-5,-82,-2,-84,0,-81,6,-77,10,-82,11,-91,11,-96,13,-98,14,-92,9,-86,5,-80,2,-76,0,-71,-4,-57,-3,-50,3,-50,8,-46,0,-38,-9,-22,1,-12,-5,-1,-3,1,-1,-1,-1,1,0,-1,-1,-3,0,-8,-2,-41,-12,-34,-11,-29,-12,-31,-13,-39,-16,-47,-16,-50,-11,-54,-13,-55,-17,-56,-19,-62,-21,-67,-27,-74,-30,-75,-27,-75,-27,-78,-30,-77,-33,-75,-37,-77,-36,-73,-32,-71,-33,-65,-36,-65,-36,-71,-31,-76,-27,-80,-22,-84,-18,-84,-14]"
CSI_DATA,16346,1a:00:00:00:00:00,0,11,1,0,0,1,1,0,0,0,0,-96,0,6,0,53402552,0,47,1,256,1,"[47,-16,2,0,-75,-68,-76,-54,-74,-39,-70,-41,-74,-46,-82,-47,-82,-47,-82,-48,-85,-50,-84,-43,-73,-37,-66,-37,-73,-35,-87,-34,-98,-43,-99,-56,-86,-51,-73,-38,-66,-33,-65,-30,-60,-27,-61,-28,-66,-31,-50,-26,-35,-24,-9,-7,0,0,0,0,0,0,0,0,0,0,0,0,0,0,0,0,0,0,-8,-9,-28,-29,-23,-27,-28,-42,-36,-56,-33,-53,-32,-46,-45,-42,-53,-39,-54,-48,-54,-71,-48,-88,-39,-90,-32,-81,-31,-67,-37,-63,-39,-74,-31,-78,-30,-74,-37,-66,-38,-58,-37,-60,-43,-68,-47,-75,-51,-72,-54,-63,-53,-60,-4,-27,-20,-82,-23,-81,-22,-72,-21,-62,-23,-57,-26,-64,-31,-66,-33,-64,-35,-59,-36,-60,-35,-62,-29,-65,-26,-59,-30,-49,-37,-35,-40,-34,-38,-41,-33,-54,-30,-63,-25,-64,-22,-50,-21,-44,-22,-43,-25,-42,-20,-37,-16,-32,4,-29,2,-18,-1,-2,-1,0,0,-1,-1,1,0,-1,0,-3,0,-5,8,-33,6,-29,-6,-23,-4,-25,-3,-36,-5,-45,-8,-48,-12,-51,-15,-51,-16,-52,-14,-56,-13,-64,-8,-72,-3,-75,2,-74,6,-76,5,-72,4,-75,4,-78,0,-73,-3,-65,-7,-62,-6,-62,-7,-67,-10,-71,-13,-74,-15,-74,-17,-73]"
CSI_DATA,16349,1a:00:00:00:00:00,-1,11,1,0,0,1,1,0,0,0,0,-96,0,6,0,53420769,0,47,1,256,1,"[47,-16,2,0,46,89,57,81,69,70,60,66,48,69,46,75,41,78,40,74,50,68,60,65,57,65,50,66,53,70,61,72,56,78,42,81,33,72,30,65,28,61,28,61,31,61,28,57,19,50,15,32,19,22,5,5,0,0,0,0,0,0,0,0,0,0,0,0,0,0,0,0,0,0,7,6,28,21,27,16,29,32,33,50,29,41,22,31,23,37,32,46,42,53,43,65,39,75,37,77,36,72,35,66,41,70,43,81,31,78,21,68,24,64,25,62,18,63,17,69,27,72,45,75,52,79,44,78,-17,20,-35,69,-30,69,-23,63,-18,52,-17,47,-17,58,-14,65,-16,68,-15,67,-14,63,-16,60,-17,57,-20,58,-19,63,-14,66,-14,70,-19,68,-23,64,-25,64,-16,58,-12,54,-13,47,-18,40,-19,37,-19,28,-15,24,-41,10,-34,3,-6,1,-2,-1,-1,-1,1,-1,-1,-1,-4,1,-7,4,-38,25,-28,20,0,15,-4,15,-10,23,-17,32,-19,35,-18,38,-15,41,-13,42,-13,45,-18,48,-24,47,-31,43,-35,37,-41,39,-38,39,-38,41,-40,46,-37,44,-29,43,-24,47,-23,50,-26,52,-24,52,-24,52,-26,54,-28,56]"
CSI_DATA,16350,1a:00:00:00:00:00,0,11,1,0,0,1,1,0,0,0,0,-96,0,6,0,53420956,0,47,1,256,1,"[47,-16,2,0,-1,-94,-11,-97,-12,-103,-4,-93,8,-89,13,-95,15,-92,12,-85,-3,-90,-18,-95,-19,-86,-13,-81,-8,-90,-9,-102,-4,-104,4,-97,10,-92,19,-83,24,-71,22,-69,14,-63,7,-55,3,-52,-1,-44,4,-38,2,-10,0,0,0,0,0,0,0,0,0,0,0,0,0,0,0,0,0,0,-3,-12,-12,-38,-12,-33,-6,-50,-3,-65,-6,-55,-10,-47,-7,-53,-1,-59,-2,-70,-4,-85,-3,-95,-2,-96,-1,-86,1,-75,4,-79,9,-90,15,-81,16,-72,16,-77,22,-78,29,-72,27,-69,13,-78,-2,-94,-4,-96,3,-87,-13,-18,-32,-58,-34,-64,-37,-66,-39,-60,-40,-50,-37,-48,-36,-50,-37,-48,-38,-52,-39,-61,-40,-65,-39,-59,-35,-54,-34,-54,-38,-59,-43,-61,-42,-59,-39,-56,-35,-52,-29,-40,-26,-34,-21,-33,-20,-33,-20,-36,-18,-39,-16,-40,-36,-33,-35,-30,-8,-6,-3,-2,0,-1,1,1,0,-1,-3,-3,-7,-6,-36,-32,-29,-24,-18,-20,-23,-21,-22,-31,-23,-43,-26,-45,-30,-42,-26,-40,-23,-41,-20,-46,-18,-59,-16,-70,-17,-73,-14,-70,-15,-70,-14,-70,-14,-75,-18,-75,-20,-70,-20,-63,-20,-57,-19,-55,-20,-58,-20,-64,-21,-71,-22,-73,-23,-68]"
CSI_DATA,16353,1a:00:00:00:00:00,0,11,1,0,0,1,1,0,0,0,0,-96,0,6,0,53461132,0,47,1,256,1,"[47,-16,2,0,84,-64,81,-59,69,-52,71,-53,77,-54,73,-52,67,-58,63,-63,61,-66,61,-69,58,-64,61,-59,69,-58,73,-65,76,-83,77,-79,75,-54,70,-42,64,-42,62,-42,57,-35,46,-39,38,-47,36,-33,37,-22,9,-6,0,0,0,0,0,0,0,0,0,0,0,0,0,0,0,0,0,0,6,-6,25,-21,28,-25,38,-30,41,-28,39,-29,46,-38,46,-44,42,-41,50,-37,61,-46,72,-51,80,-46,79,-45,77,-40,81,-30,89,-28,87,-38,75,-40,71,-29,73,-19,73,-20,73,-31,73,-41,77,-49,80,-56,79,-59,19,-15,70,-50,78,-50,79,-48,74,-51,73,-55,69,-57,60,-55,57,-53,60,-54,64,-56,64,-53,64,-48,69,-49,71,-54,71,-60,73,-66,70,-61,68,-52,63,-48,58,-46,54,-41,47,-30,42,-24,41,-26,38,-18,37,-9,19,-6,13,-4,1,-1,0,-1,-1,0,-2,0,0,-1,1,-1,5,-2,28,-13,21,-14,23,-20,27,-20,35,-23,39,-23,37,-27,39,-35,39,-38,41,-35,51,-31,61,-27,72,-29,75,-27,75,-24,76,-24,77,-21,80,-20,81,-25,75,-29,71,-29,66,-27,66,-29,70,-34,74,-35,79,-34,82,-36,81,-40]"
CSI_DATA,16355,1a:00:00:00:00:00,0,11,1,0,0,1,1,0,0,0,0,-96,0,6,0,53476110,0,47,1,256,1,"[47,-16,2,0,-98,32,-93,30,-83,23,-87,24,-92,31,-90,32,-86,36,-81,36,-80,33,-84,32,-83,28,-84,26,-87,26,-95,29,-106,46,-101,46,-91,23,-83,12,-75,12,-74,14,-64,12,-51,16,-49,24,-53,14,-59,5,-16,1,0,0,0,0,0,0,0,0,0,0,0,0,0,0,0,0,0,0,-8,0,-29,3,-33,11,-45,16,-48,15,-47,18,-58,28,-59,38,-50,37,-57,29,-72,29,-88,23,-96,11,-91,9,-85,10,-85,6,-92,1,-92,8,-83,15,-77,8,-74,1,-74,4,-79,9,-83,9,-90,11,-95,16,-94,23,-28,4,-96,13,-96,9,-92,7,-82,5,-77,8,-83,9,-85,9,-83,12,-82,17,-83,24,-82,29,-79,29,-86,29,-91,26,-86,26,-83,28,-82,23,-83,16,-83,12,-78,11,-71,7,-59,5,-53,10,-50,17,-44,11,-41,1,-26,-3,-19,-10,-3,-4,0,-2,0,0,1,0,-1,-1,-3,-1,-8,-3,-42,-11,-36,-9,-32,0,-37,-1,-48,-3,-52,-6,-50,-3,-54,2,-59,5,-61,2,-67,-1,-72,-3,-80,0,-81,0,-81,-2,-84,-8,-83,-14,-85,-20,-85,-18,-79,-16,-75,-19,-72,-18,-74,-14,-78,-8,-80,-2,-86,1,-89,5,-86,9]"
CSI_DATA,16356,1a:00:00:00:00:00,0,11,1,0,0,1,1,0,0,0,0,-96,0,6,0,53476286,0,47,1,256,1,"[47,-16,2,0,88,-42,97,-45,97,-45,86,-41,86,-40,90,-42,82,-42,64,-42,65,-44,77,-45,78,-43,81,-43,89,-43,91,-50,83,-52,76,-45,83,-40,80,-36,69,-32,66,-31,60,-30,47,-25,41,-22,42,-22,42,-18,10,-4,0,0,0,0,0,0,0,0,0,0,0,0,0,0,0,0,0,0,10,-3,35,-14,28,-15,42,-12,48,-10,39,-14,40,-24,44,-30,47,-26,64,-23,78,-21,87,-19,91,-19,85,-19,83,-19,91,-17,98,-12,84,-12,71,-12,75,-10,80,-12,78,-16,71,-16,73,-18,90,-27,97,-31,89,-27,23,-9,79,-32,84,-34,87,-35,85,-37,80,-38,74,-41,67,-42,66,-43,68,-45,72,-44,77,-37,74,-31,74,-31,75,-36,77,-43,80,-46,78,-41,79,-39,76,-38,65,-38,59,-35,53,-26,48,-20,47,-18,46,-12,45,-4,31,7,25,11,5,3,1,1,-1,-1,-2,0,0,0,2,0,6,-1,39,-5,32,-6,29,-18,32,-16,41,-15,46,-12,43,-16,45,-23,47,-25,51,-23,60,-21,71,-13,79,-8,80,-5,76,-4,80,-6,83,-4,86,-1,85,-4,79,-5,76,-8,74,-11,72,-15,71,-16,72,-15,80,-15,86,-16,85,-14]"
CSI_DATA,16357,1a:00:00:00:00:00,-1,11,1,0,0,1,1,0,0,0,0,-96,0,6,0,53492570,0,47,1,256,1,"[47,-16,2,0,-100,-7,-102,-1,-93,16,-86,16,-84,14,-83,21,-85,24,-84,18,-83,11,-90,14,-86,11,-87,3,-94,7,-93,14,-95,9,-95,-1,-94,3,-86,11,-72,11,-71,9,-63,8,-55,1,-55,-8,-45,-4,-37,-4,-10,-2,0,0,0,0,0,0,0,0,0,0,0,0,0,0,0,0,0,0,-9,2,-33,10,-30,7,-44,0,-63,0,-57,2,-48,7,-50,10,-58,12,-66,14,-71,3,-79,-16,-84,-27,-82,-30,-86,-29,-90,-21,-88,-20,-81,-29,-72,-29,-81,-19,-79,-7,-69,-2,-68,-8,-65,-13,-78,-11,-96,-12,-100,-17,-27,-3,-87,-7,-87,-5,-86,-2,-74,0,-69,-1,-81,0,-78,3,-67,7,-57,8,-53,4,-53,2,-58,1,-69,-4,-87,0,-83,7,-89,5,-88,-2,-86,-4,-77,-4,-67,-8,-62,-9,-59,-8,-55,-8,-54,-9,-48,-8,-44,-4,-40,3,-41,10,-8,2,-3,2,-1,0,1,0,-1,-1,-4,-2,-10,-4,-47,-18,-40,-14,-27,-1,-28,-4,-35,-9,-49,-12,-54,-9,-56,-4,-54,-3,-59,-4,-65,-6,-72,-14,-75,-27,-73,-31,-68,-34,-69,-33,-71,-31,-73,-30,-75,-33,-71,-30,-69,-26,-66,-22,-67,-24,-70,-27,-74,-27,-80,-22,-82,-22,-77,-23]"
CSI_DATA,16360,1a:00:00:00:00:00,0,11,1,0,0,1,1,0,0,0,0,-96,0,6,0,53614720,0,47,1,256,1,"[47,-16,2,0,68,84,64,75,54,63,57,69,64,75,62,71,64,66,66,63,63,66,65,64,62,58,56,59,58,62,68,64,90,72,90,74,65,68,47,61,40,56,43,57,40,49,43,40,50,39,36,41,27,44,7,11,0,0,0,0,0,0,0,0,0,0,0,0,0,0,0,0,0,0,4,6,16,23,20,26,29,37,30,43,28,46,35,56,44,55,44,43,41,47,46,63,44,81,33,91,29,87,30,80,28,80,26,88,30,89,36,81,31,76,20,71,20,68,30,72,33,76,38,78,46,79,50,80,13,23,44,81,44,84,41,81,36,78,39,80,42,80,42,75,44,71,47,70,49,72,48,70,43,67,43,74,47,78,55,78,63,82,59,78,51,73,44,70,38,67,33,63,27,53,25,46,29,45,22,43,13,38,7,26,3,18,0,1,-1,-1,0,-1,-1,-2,-1,0,1,2,1,6,6,33,4,28,9,24,8,28,11,37,13,43,19,44,26,50,28,54,26,55,22,60,19,68,18,80,17,81,14,81,12,84,10,86,10,87,13,87,17,80,15,76,14,71,14,72,19,77,22,82,25,84,27,85,30,83]"
CSI_DATA,16361,1a:00:00:00:00:00,-1,11,1,0,0,1,1,0,0,0,0,-96,0,6,0,53614985,0,47,1,256,1,"[47,-16,2,0,16,90,22,99,33,99,32,87,30,87,34,93,32,87,26,68,26,66,32,80,32,84,33,91,34,98,35,95,31,88,24,81,28,89,27,84,21,69,22,69,21,60,11,46,10,45,18,44,14,37,2,8,0,0,0,0,0,0,0,0,0,0,0,0,0,0,0,0,0,0,1,11,10,38,10,32,0,47,-2,58,4,43,12,38,13,46,10,57,10,67,5,68,-1,77,-1,87,0,87,0,89,-2,96,-9,98,-15,85,-15,67,-10,74,1,86,4,84,-1,71,3,64,14,86,14,99,5,93,-15,10,-39,44,-43,44,-40,45,-36,40,-36,34,-33,38,-28,42,-31,41,-36,42,-36,46,-35,48,-33,49,-32,50,-31,54,-30,54,-33,51,-35,45,-33,43,-34,39,-30,38,-27,38,-25,29,-26,22,-23,24,-18,24,-17,22,-34,-8,-28,-14,-6,-4,-2,-2,0,-1,1,0,-1,-1,-3,-2,-7,-1,-39,0,-32,6,-9,20,-16,18,-25,21,-30,19,-31,17,-28,21,-28,28,-30,30,-33,30,-39,28,-42,30,-41,27,-42,25,-47,29,-47,31,-47,28,-50,23,-48,18,-42,21,-36,29,-36,33,-42,33,-42,32,-40,36,-40,41,-43,42]"
CSI_DATA,16362,1a:00:00:00:00:00,-1,11,1,0,0,1,1,0,0,0,0,-96,0,6,0,53626921,0,47,1,256,1,"[47,-16,2,0,70,53,79,56,86,50,78,43,76,42,82,40,81,38,71,35,71,35,83,34,80,32,76,39,81,45,86,44,83,48,76,50,82,51,75,47,61,40,62,39,56,33,43,29,43,30,43,19,32,12,6,3,0,0,0,0,0,0,0,0,0,0,0,0,0,0,0,0,0,0,8,6,34,19,31,16,35,31,42,41,37,30,41,20,48,21,51,29,57,38,54,44,54,54,59,63,56,62,56,62,60,65,59,72,45,71,37,60,48,61,57,60,54,52,44,49,43,45,62,53,73,63,69,69,17,22,59,65,58,64,60,63,62,58,61,56,62,54,64,56,65,57,67,59,68,57,68,53,65,45,62,43,66,45,70,49,71,56,64,59,62,60,58,59,50,50,48,43,45,40,39,36,38,33,35,30,32,30,26,37,29,40,5,8,2,3,0,-1,-1,-2,-1,0,0,2,2,6,14,33,16,30,27,18,28,24,28,35,29,45,30,44,34,41,36,39,38,44,41,50,42,60,40,67,38,67,33,65,34,67,35,70,33,76,30,79,27,72,27,68,32,64,35,65,36,68,38,68,47,68,54,68,55,65]"
CSI_DATA,16363,1a:00:00:00:00:00,0,11,1,0,0,1,1,0,0,0,0,-96,0,6,0,53632093,0,47,1,256,1,"[47,-16,2,0,-36,95,-29,96,-22,87,-26,87,-26,87,-23,80,-19,81,-16,83,-20,84,-20,88,-18,77,-19,71,-17,80,-9,89,-5,102,-12,104,-19,94,-20,82,-21,70,-18,68,-13,62,-11,58,-12,62,-16,52,-19,43,-5,11,0,0,0,0,0,0,0,0,0,0,0,0,0,0,0,0,0,0,-4,7,-14,26,-17,26,-26,36,-31,46,-27,47,-27,51,-28,56,-20,55,-21,59,-38,65,-59,68,-73,64,-71,56,-64,55,-57,60,-54,64,-53,65,-49,68,-49,70,-48,57,-44,49,-44,57,-49,59,-52,63,-52,72,-52,76,2,24,0,81,-2,85,-3,87,-4,83,-4,80,-4,78,-3,75,0,74,3,76,8,76,14,72,20,68,20,72,19,81,20,78,20,75,15,73,13,74,10,72,7,72,3,67,4,58,7,52,9,52,4,45,-4,33,10,22,8,10,0,0,0,-3,0,-1,-1,-2,-1,0,1,2,3,7,14,41,9,35,-3,25,-8,25,-15,30,-16,38,-11,42,-12,48,-15,51,-14,54,-14,59,-20,63,-25,68,-21,74,-21,61,-24,51,-26,41,-29,37,-30,42,-29,52,-31,62,-31,67,-28,60,-23,64,-18,66,-14,69,-12,73,-10,71]"
CSI_DATA,16364,1a:00:00:00:00:00,-1,11,1,0,0,1,1,0,0,0,0,-96,0,6,0,53632274,0,47,1,256,1,"[47,-16,2,0,90,31,99,23,99,12,88,11,86,13,92,12,88,11,74,10,73,6,88,0,90,2,93,6,98,8,98,6,95,9,89,14,94,12,85,11,67,11,67,10,62,7,51,9,49,7,44,-5,36,-8,8,-1,0,0,0,0,0,0,0,0,0,0,0,0,0,0,0,0,0,0,10,4,39,10,32,6,41,20,55,31,46,23,39,11,46,10,57,19,67,25,64,30,64,40,70,44,71,44,74,45,80,47,79,54,63,58,51,51,64,48,74,41,71,34,59,36,57,31,80,27,93,32,85,41,18,17,64,50,66,51,68,48,61,41,53,42,55,41,62,44,64,46,66,48,68,45,69,39,67,33,65,28,71,27,77,30,80,37,74,42,69,45,60,44,50,38,48,32,46,31,41,29,41,25,40,20,40,18,29,33,32,33,6,6,2,2,0,-1,-1,-2,-1,0,-1,3,0,9,7,47,10,42,24,18,26,21,30,29,33,40,32,40,34,37,38,37,41,44,42,49,41,57,39,62,37,60,33,59,37,61,40,62,40,65,37,70,33,64,34,57,38,52,40,53,41,57,42,59,50,57,56,54,55,51]"
CSI_DATA,16365,1a:00:00:00:00:00,-1,11,1,0,0,1,1,0,0,0,0,-96,0,6,0,53632518,0,47,1,256,1,"[47,-16,2,0,-76,-65,-85,-51,-88,-36,-77,-32,-75,-33,-83,-35,-79,-39,-78,-41,-85,-43,-85,-41,-73,-39,-68,-36,-78,-34,-89,-34,-89,-44,-84,-57,-82,-52,-76,-40,-66,-32,-66,-30,-66,-27,-63,-31,-57,-38,-39,-25,-27,-12,-6,-3,0,0,0,0,0,0,0,0,0,0,0,0,0,0,0,0,0,0,-12,-9,-41,-26,-30,-21,-33,-38,-44,-53,-39,-49,-31,-35,-45,-29,-60,-29,-67,-37,-64,-58,-55,-78,-48,-82,-39,-73,-37,-61,-50,-57,-55,-69,-40,-74,-33,-68,-45,-58,-53,-49,-50,-53,-49,-64,-53,-69,-60,-67,-63,-61,-60,-59,-23,-19,-72,-57,-76,-58,-77,-52,-77,-45,-74,-43,-76,-41,-77,-39,-77,-40,-80,-40,-83,-41,-81,-40,-74,-36,-69,-33,-75,-31,-83,-30,-88,-34,-84,-40,-80,-40,-77,-39,-64,-34,-58,-29,-53,-27,-51,-29,-50,-31,-44,-28,-38,-21,-35,-23,-29,-18,-6,-4,-2,-1,0,0,0,1,0,-1,-1,-4,-5,-7,-24,-40,-24,-32,-27,-23,-30,-24,-32,-34,-37,-45,-38,-47,-40,-43,-43,-40,-47,-40,-49,-45,-48,-57,-43,-68,-41,-72,-35,-71,-36,-71,-40,-69,-43,-74,-43,-76,-42,-70,-43,-63,-46,-58,-46,-59,-47,-63,-49,-64,-53,-63,-57,-62,-60,-60]"
CSI_DATA,16366,1a:00:00:00:00:00,-1,11,1,0,0,1,1,0,0,0,0,-96,0,6,0,53675545,0,47,1,256,1,"[47,-16,2,0,97,7,106,-4,110,-15,95,-13,89,-9,95,-7,91,-1,79,-2,81,-10,94,-15,93,-12,90,-9,97,-10,102,-13,98,-8,91,2,93,0,87,-1,73,1,71,1,67,-1,58,4,52,10,40,2,30,-4,6,-1,0,0,0,0,0,0,0,0,0,0,0,0,0,0,0,0,0,0,12,-1,40,-8,31,-10,46,2,61,7,49,3,41,-2,50,-4,63,-4,76,-1,81,11,84,19,88,17,83,15,80,13,88,12,96,18,82,26,68,27,77,23,83,16,77,14,68,19,71,17,91,7,99,5,91,12,26,11,86,29,88,27,90,21,84,14,75,13,78,11,84,11,85,14,87,13,88,10,88,10,84,9,80,8,84,6,88,4,94,8,91,15,88,17,85,17,73,13,65,11,59,12,53,14,50,14,45,14,44,13,38,26,37,27,7,5,2,1,-1,-1,-2,-2,-1,0,1,2,6,5,36,31,33,23,32,3,35,5,43,13,51,22,52,22,53,17,56,13,60,14,66,18,71,28,71,34,67,35,63,37,65,39,67,39,71,43,69,47,65,44,64,39,67,32,68,30,68,32,69,32,77,30,82,29,80,27]"
CSI_DATA,16367,1a:00:00:00:00:00,-1,11,1,0,0,1,1,0,0,0,0,-96,0,6,0,53701939,0,47,1,256,1,"[47,-16,2,0,-93,-52,-85,-40,-75,-27,-81,-34,-88,-40,-85,-36,-87,-30,-93,-29,-94,-30,-91,-24,-81,-20,-74,-24,-79,-25,-89,-20,-46,-20,15,-28,-25,-30,-70,-25,-63,-23,-64,-24,-59,-19,-60,-13,-65,-13,-49,-16,-39,-22,-11,-6,0,0,0,0,0,0,0,0,0,0,0,0,0,0,0,0,0,0,-8,-4,-27,-13,-28,-18,-39,-28,-46,-38,-43,-42,-46,-41,-53,-36,-53,-31,-53,-33,-64,-44,-69,-62,-61,-72,-54,-69,-53,-63,-54,-62,-57,-69,-59,-72,-58,-64,-55,-59,-45,-56,-42,-53,-54,-56,-60,-58,-67,-56,-74,-52,-77,-52,-22,-18,-72,-60,-72,-61,-66,-58,-61,-56,-64,-58,-67,-57,-67,-51,-69,-46,-73,-45,-76,-49,-74,-47,-65,-44,-64,-49,-72,-50,-81,-46,-73,-46,-52,-45,-60,-45,-69,-43,-60,-43,-54,-43,-47,-38,-44,-32,-47,-30,-38,-28,-30,-25,-20,-22,-14,-16,-2,-2,-1,0,-1,0,0,1,-1,-1,-2,-3,-5,-6,-19,-32,-15,-27,-16,-19,-15,-22,-20,-31,-28,-39,-35,-40,-43,-40,-45,-41,-43,-42,-41,-48,-42,-59,-42,-71,-41,-73,-36,-73,-36,-75,-36,-76,-39,-77,-43,-77,-44,-71,-42,-67,-38,-62,-38,-64,-44,-67,-49,-71,-52,-72,-55,-72,-55,-68]"
CSI_DATA,16368,1a:00:00:00:00:00,0,11,1,0,0,1,1,0,0,0,0,-96,0,6,0,53719541,0,47,1,256,1,"[47,-16,2,0,91,-33,101,-36,106,-31,95,-29,92,-31,96,-34,88,-35,71,-33,71,-35,83,-38,84,-38,86,-38,92,-38,97,-43,90,-48,81,-44,85,-39,82,-34,72,-29,69,-29,64,-28,51,-26,41,-24,39,-19,39,-15,9,-4,0,0,0,0,0,0,0,0,0,0,0,0,0,0,0,0,0,0,9,0,33,-5,28,-10,41,-6,47,-2,38,-7,42,-15,49,-18,52,-17,68,-13,80,-7,86,-4,91,-4,89,-5,87,-5,94,0,101,5,88,1,74,-4,76,0,83,0,82,-5,74,-6,77,-10,96,-17,102,-17,90,-16,25,2,86,0,91,-1,94,-3,89,-7,79,-9,80,-11,82,-11,80,-11,80,-11,83,-13,84,-11,82,-11,84,-12,87,-17,89,-21,91,-22,85,-17,83,-12,81,-8,73,-11,68,-10,61,-5,52,-2,48,-3,45,0,42,6,24,21,16,24,3,5,0,2,-1,-1,-2,-1,0,0,1,1,5,3,33,14,30,9,32,-4,37,-2,46,2,50,9,47,7,51,2,55,0,58,3,67,8,73,16,76,20,75,22,74,22,78,24,81,26,81,29,79,26,73,23,72,20,73,17,75,14,75,13,75,12,83,12,89,12,86,12]"
CSI_DATA,16369,1a:00:00:00:00:00,-1,11,1,0,0,1,1,0,0,0,0,-96,0,6,0,53719839,0,47,1,256,1,"[47,-16,2,0,-81,38,-72,47,-69,58,-70,49,-72,38,-73,41,-73,42,-72,46,-70,58,-64,69,-54,61,-53,49,-64,51,-72,61,-81,63,-85,54,-80,45,-71,35,-62,26,-60,28,-53,29,-48,31,-47,34,-31,29,-20,19,-6,3,0,0,0,0,0,0,0,0,0,0,0,0,0,0,0,0,0,0,-9,8,-28,31,-25,21,-44,18,-61,26,-52,25,-37,23,-38,26,-46,31,-54,39,-67,40,-80,36,-82,34,-76,30,-69,25,-71,27,-86,26,-85,11,-74,6,-73,14,-72,17,-67,12,-69,12,-71,24,-74,40,-78,46,-80,41,-23,13,-74,40,-74,41,-70,44,-62,48,-56,47,-56,47,-62,53,-62,57,-66,61,-69,62,-67,60,-58,52,-56,45,-58,49,-62,58,-67,64,-68,59,-67,54,-61,49,-52,43,-46,39,-44,34,-43,30,-42,29,-38,27,-35,26,-28,38,-25,42,-5,8,-2,3,-1,0,1,-1,0,-1,-4,0,-10,2,-49,12,-41,11,-26,17,-28,16,-39,13,-53,15,-55,19,-52,25,-48,26,-51,27,-57,28,-70,26,-80,19,-78,15,-73,13,-72,13,-74,12,-80,13,-85,12,-80,14,-74,17,-70,21,-71,23,-74,24,-79,25,-80,30,-81,28,-77,24]"
CSI_DATA,16370,1a:00:00:00:00:00,0,11,1,0,0,1,1,0,0,0,0,-96,0,6,0,53720035,0,47,1,256,1,"[47,-16,2,0,35,100,29,96,21,81,19,79,20,88,24,88,31,84,35,80,38,78,46,74,50,68,43,73,34,83,38,87,58,95,57,95,32,85,16,77,13,74,15,75,13,68,23,54,37,46,28,46,17,50,4,13,0,0,0,0,0,0,0,0,0,0,0,0,0,0,0,0,0,0,0,7,5,25,12,29,17,43,12,44,9,47,17,66,25,70,21,59,14,63,22,74,25,83,14,89,11,88,8,83,-6,81,-12,89,0,93,6,86,-3,78,-12,73,-11,72,0,77,10,81,20,84,27,86,29,88,-7,20,-18,74,-21,79,-24,79,-27,76,-27,76,-25,77,-20,70,-18,66,-17,67,-14,70,-13,67,-14,65,-17,72,-16,79,-9,84,-2,89,-2,83,-11,78,-17,74,-18,69,-17,62,-15,51,-10,43,-4,42,-6,37,-12,34,-17,17,-13,14,-2,1,0,0,0,-1,1,-1,-1,0,-2,1,-5,2,-27,16,-20,14,-7,19,-9,21,-11,30,-16,34,-15,40,-12,51,-14,51,-21,46,-29,45,-32,47,-34,52,-37,53,-40,52,-43,55,-47,58,-46,62,-41,64,-37,60,-38,57,-37,54,-39,54,-38,57,-36,60,-35,62,-34,66,-31,68]"
CSI_DATA,16371,1a:00:00:00:00:00,-1,11,1,0,0,1,1,0,0,0,0,-96,0,6,0,53720195,0,47,1,256,1,"[47,-16,2,0,-17,99,-22,42,-27,-20,-21,32,-13,90,-10,94,-7,90,-3,83,-4,89,-9,96,-12,90,-14,83,-17,90,-16,102,-7,100,-4,91,-8,87,-10,85,-8,77,-9,73,-11,73,-8,64,-9,46,-11,34,-9,34,-2,8,0,0,0,0,0,0,0,0,0,0,0,0,0,0,0,0,0,0,-4,9,-10,32,-3,28,-10,39,-16,43,-9,39,-4,46,-6,56,-6,59,-13,70,-27,80,-37,82,-38,82,-34,78,-31,72,-39,77,-49,87,-40,80,-30,71,-32,68,-31,72,-23,73,-22,71,-28,80,-31,94,-30,96,-27,86,-9,24,-25,85,-27,90,-28,73,-27,50,-23,57,-17,78,-14,79,-12,79,-8,81,-5,86,-7,88,-9,84,-12,85,-13,89,-11,86,-9,81,-10,83,-12,85,-14,83,-11,75,-12,70,-15,60,-13,52,-12,47,-16,42,-21,39,-21,29,-24,24,-6,4,-2,1,0,-1,1,-2,-1,-1,-3,1,-6,5,-25,35,-15,31,-5,34,-9,35,-16,42,-24,45,-22,45,-18,50,-18,55,-19,57,-24,63,-34,67,-38,70,-39,68,-39,66,-46,70,-51,70,-57,70,-54,68,-49,65,-44,63,-41,65,-35,67,-32,69,-31,72,-33,81,-36,84,-36,81]"
CSI_DATA,16372,1a:00:00:00:00:00,0,11,1,0,0,1,1,0,0,0,0,-96,0,6,0,53720364,0,47,1,256,1,"[47,-16,2,0,32,-88,36,-96,39,-91,36,-87,38,-87,42,-84,39,-79,26,-67,19,-69,20,-82,19,-83,20,-85,22,-88,21,-90,17,-99,17,-98,29,-93,38,-82,36,-69,30,-66,21,-57,8,-48,0,-50,8,-51,18,-47,5,-12,0,0,0,0,0,0,0,0,0,0,0,0,0,0,0,0,0,0,6,-6,23,-24,20,-28,25,-35,26,-33,21,-35,27,-51,27,-57,22,-48,30,-48,38,-59,49,-72,60,-74,55,-66,53,-64,58,-66,60,-67,48,-68,37,-64,46,-59,53,-52,51,-50,48,-51,45,-57,48,-72,46,-82,41,-86,10,-30,35,-72,33,-66,33,-60,29,-57,26,-56,26,-63,28,-74,26,-82,22,-79,19,-76,20,-67,18,-71,18,-79,15,-83,10,-77,9,-76,11,-75,18,-78,23,-75,19,-74,16,-70,17,-62,16,-50,14,-49,17,-42,23,-29,21,-16,21,-10,4,-3,2,0,-1,1,-1,1,0,-1,0,-1,2,-5,12,-26,7,-26,11,-27,16,-31,24,-37,28,-37,26,-37,26,-46,27,-49,28,-50,37,-54,49,-60,57,-65,56,-60,53,-59,52,-60,54,-63,54,-63,49,-67,44,-64,45,-59,46,-55,49,-58,47,-60,46,-65,48,-71,50,-75,48,-73]"
CSI_DATA,16373,1a:00:00:00:00:00,0,11,1,0,0,1,1,0,0,0,0,-96,0,6,0,53720533,0,47,1,256,1,"[47,-16,2,0,-74,82,-61,78,-40,74,-50,80,-62,78,-55,70,-52,75,-47,76,-36,74,-27,82,-25,83,-31,83,-38,85,-37,85,-36,104,-39,103,-45,79,-45,65,-40,58,-39,60,-34,52,-21,52,-15,59,-17,46,-20,40,-6,11,0,0,0,0,0,0,0,0,0,0,0,0,0,0,0,0,0,0,-7,4,-25,19,-31,24,-42,27,-47,27,-45,26,-54,30,-59,36,-54,39,-52,40,-56,47,-69,53,-80,47,-78,46,-77,47,-80,45,-86,42,-85,44,-75,41,-72,37,-66,30,-63,26,-65,35,-60,46,-57,59,-62,73,-68,79,-22,16,-73,53,-78,51,-76,48,-71,44,-73,49,-69,52,-62,56,-58,60,-60,64,-62,64,-59,63,-56,57,-60,55,-63,61,-60,68,-61,77,-59,74,-59,67,-55,60,-54,52,-51,47,-48,41,-39,36,-37,37,-34,27,-29,19,-23,6,-17,5,-3,1,0,-1,0,0,1,-1,-1,0,-3,1,-6,1,-28,9,-23,6,-21,6,-26,6,-36,7,-45,11,-47,17,-54,23,-58,24,-62,23,-66,20,-71,18,-80,16,-80,14,-79,10,-80,9,-84,8,-85,10,-88,13,-82,16,-77,16,-70,16,-72,16,-76,21,-79,27,-80,32,-83,35,-81,36]"
CSI_DATA,16374,1a:00:00:00:00:00,0,11,1,0,0,1,1,0,0,0,0,-96,0,6,0,53720693,0,47,1,256,1,"[47,-16,2,0,-76,-74,-76,-79,-61,-77,-52,-68,-52,-73,-52,-78,-52,-73,-52,-63,-59,-57,-72,-51,-75,-45,-74,-54,-75,-67,-78,-68,-82,-62,-77,-59,-64,-63,-50,-66,-42,-68,-44,-66,-45,-57,-47,-40,-50,-27,-45,-32,-36,-41,-8,-11,0,0,0,0,0,0,0,0,0,0,0,0,0,0,0,0,0,0,-5,-10,-19,-32,-24,-23,-31,-30,-28,-37,-26,-36,-35,-42,-38,-47,-31,-50,-34,-60,-49,-65,-58,-69,-58,-78,-54,-77,-50,-75,-42,-83,-37,-89,-41,-78,-43,-66,-34,-68,-22,-75,-22,-75,-29,-70,-39,-66,-54,-67,-63,-70,-61,-70,-16,-22,-57,-72,-59,-74,-59,-75,-57,-72,-57,-67,-59,-64,-59,-60,-57,-56,-56,-55,-58,-59,-55,-60,-51,-61,-53,-69,-61,-71,-67,-67,-69,-65,-63,-59,-58,-58,-54,-58,-50,-56,-46,-54,-36,-49,-29,-42,-29,-39,-22,-37,-14,-37,-4,-27,0,-20,1,-3,0,-1,0,0,0,1,-1,-1,0,-2,-1,-7,-10,-32,-12,-26,-21,-26,-23,-27,-27,-35,-25,-39,-26,-36,-33,-37,-37,-39,-35,-44,-36,-54,-34,-62,-33,-70,-31,-73,-29,-74,-29,-79,-28,-83,-29,-83,-33,-77,-34,-67,-32,-65,-29,-65,-30,-68,-33,-70,-36,-70,-39,-75,-40,-79,-38,-78]"
CSI_DATA,16375,1a:00:00:00:00:00,-1,11,1,0,0,1,1,0,0,0,0,-96,0,6,0,53775366,0,47,1,256,1,"[47,-16,2,0,-27,90,-16,93,1,96,-5,95,-16,88,-12,83,-9,85,-7,83,9,81,31,89,34,86,23,82,14,91,13,98,9,103,3,96,4,91,0,83,-4,71,-4,70,-1,62,3,52,5,49,12,34,13,26,2,7,0,0,0,0,0,0,0,0,0,0,0,0,0,0,0,0,0,0,-1,9,-3,34,-9,27,-30,38,-41,56,-34,47,-24,38,-23,46,-24,58,-21,68,-24,71,-31,76,-32,79,-29,76,-32,74,-41,79,-53,82,-59,66,-53,53,-49,65,-44,68,-38,59,-38,55,-25,61,-10,83,-7,99,-14,101,-19,12,-54,45,-55,44,-52,42,-46,42,-47,45,-49,46,-51,48,-51,51,-52,52,-49,49,-40,47,-33,42,-32,40,-35,49,-39,58,-44,63,-45,60,-46,57,-44,54,-38,48,-34,44,-32,36,-30,31,-27,29,-23,23,-19,24,-41,19,-38,24,-7,4,-2,2,-1,0,1,0,0,-1,-3,-2,-8,-5,-43,-22,-37,-18,-15,8,-23,6,-35,9,-45,14,-46,14,-44,17,-41,23,-43,24,-45,22,-54,19,-57,14,-53,9,-51,6,-56,10,-58,14,-64,13,-69,10,-65,9,-59,14,-54,22,-55,24,-59,23,-57,21,-53,25,-50,30,-45,33]"
CSI_DATA,16377,1a:00:00:00:00:00,-1,11,1,0,0,1,1,0,0,0,0,-96,0,6,0,53777155,0,47,1,256,1,"[47,-16,2,0,-35,-83,-40,-83,-50,-78,-45,-75,-41,-73,-44,-71,-46,-72,-42,-66,-49,-59,-70,-59,-71,-55,-62,-59,-61,-71,-62,-78,-57,-81,-50,-74,-53,-70,-48,-70,-39,-63,-42,-60,-38,-51,-29,-42,-28,-40,-31,-29,-26,-25,-6,-7,0,0,0,0,0,0,0,0,0,0,0,0,0,0,0,0,0,0,-3,-9,-15,-32,-11,-26,-4,-43,-6,-63,-9,-51,-13,-40,-17,-47,-16,-60,-20,-70,-22,-68,-23,-71,-25,-79,-23,-79,-19,-81,-18,-88,-11,-95,4,-88,7,-73,-1,-78,-8,-79,-11,-69,-8,-63,-16,-59,-36,-71,-44,-85,-38,-88,10,-22,20,-70,21,-68,18,-66,13,-58,11,-54,11,-60,13,-67,14,-69,14,-72,10,-71,2,-68,-3,-62,-5,-61,-5,-68,-3,-72,2,-76,8,-71,8,-69,9,-68,6,-61,2,-55,4,-49,5,-43,3,-41,2,-34,0,-34,31,-34,32,-37,6,-8,2,-4,-1,-1,-2,0,0,0,2,-1,5,-4,32,-20,28,-20,1,-24,10,-25,18,-32,24,-40,25,-39,21,-38,17,-42,20,-46,23,-49,29,-52,31,-52,29,-49,32,-45,35,-50,35,-52,40,-53,45,-52,43,-47,36,-46,28,-48,27,-50,30,-54,30,-55,24,-60,18,-66,13,-67]"
CSI_DATA,16378,1a:00:00:00:00:00,-1,11,1,0,0,1,1,0,0,0,0,-96,0,6,0,53777315,0,47,1,256,1,"[47,-16,2,0,-95,-24,-93,-20,-86,-12,-86,-19,-88,-34,-84,-37,-80,-30,-81,-18,-91,-8,-96,4,-84,9,-73,-5,-76,-16,-87,-7,-105,-2,-108,-12,-90,-24,-73,-32,-62,-35,-60,-33,-57,-28,-61,-16,-64,-3,-48,-4,-36,-13,-10,-4,0,0,0,0,0,0,0,0,0,0,0,0,0,0,0,0,0,0,-9,-1,-30,0,-34,3,-46,-1,-46,-10,-45,-16,-58,-17,-64,-17,-56,-17,-58,-18,-77,-18,-91,-22,-87,-30,-79,-29,-70,-28,-69,-38,-78,-43,-83,-38,-78,-35,-68,-41,-55,-48,-49,-47,-60,-39,-74,-33,-86,-23,-88,-16,-86,-19,-30,2,-72,0,-65,-1,-54,0,-50,0,-50,-2,-57,-6,-67,-2,-76,5,-75,13,-82,17,-80,18,-74,16,-71,9,-73,8,-74,15,-81,19,-75,16,-67,14,-63,9,-63,5,-61,0,-58,-2,-52,-2,-53,1,-44,-3,-31,-8,-22,-1,-15,-3,-3,-1,0,-1,1,0,1,-1,-1,-1,-3,0,-6,1,-28,7,-22,8,-19,2,-25,-1,-34,-5,-40,-6,-43,-3,-51,-1,-54,-3,-56,-4,-61,-9,-72,-17,-81,-21,-83,-20,-69,-19,-55,-20,-41,-25,-37,-27,-45,-24,-54,-20,-63,-19,-69,-20,-64,-18,-70,-15,-78,-12,-83,-10,-85,-13,-80,-16]"
CSI_DATA,16379,1a:00:00:00:00:00,0,11,1,0,0,1,1,0,0,0,0,-96,0,6,0,53777591,0,47,1,256,1,"[47,-16,2,0,-97,-1,-90,7,-80,12,-81,10,-86,19,-85,25,-82,25,-85,23,-92,15,-91,11,-78,4,-69,2,-75,15,-85,30,-98,34,-105,29,-93,26,-75,28,-64,26,-62,25,-57,25,-59,20,-65,16,-51,10,-42,1,-11,-1,0,0,0,0,0,0,0,0,0,0,0,0,0,0,0,0,0,0,-10,-3,-31,-8,-27,-8,-42,-17,-60,-23,-56,-22,-49,-17,-56,-7,-60,1,-63,-5,-74,-26,-79,-49,-75,-60,-65,-57,-61,-43,-68,-29,-74,-34,-71,-41,-71,-35,-76,-25,-71,-18,-64,-15,-70,-20,-75,-31,-77,-34,-78,-28,-76,-25,-26,-9,-84,-26,-86,-26,-84,-23,-81,-21,-81,-21,-82,-18,-76,-13,-73,-11,-75,-8,-82,-6,-83,-3,-75,-3,-76,-5,-81,-1,-87,6,-95,6,-94,1,-88,-3,-83,-4,-72,-7,-64,-8,-55,-5,-52,-3,-56,1,-49,-1,-38,-2,-27,-2,-16,2,-2,1,0,1,-1,0,0,1,0,-1,-2,-3,-6,-5,-28,-28,-26,-19,-23,-9,-21,-11,-27,-21,-38,-29,-43,-30,-47,-30,-48,-28,-48,-26,-50,-31,-57,-41,-64,-50,-66,-50,-62,-50,-62,-52,-60,-50,-63,-51,-65,-52,-63,-49,-62,-47,-57,-42,-53,-41,-58,-40,-64,-40,-70,-38,-76,-34,-78,-30]"
CSI_DATA,16380,1a:00:00:00:00:00,0,11,1,0,0,1,1,0,0,0,0,-96,0,6,0,53777788,0,47,1,256,1,"[47,-16,2,0,-7,35,-10,-20,-16,33,-12,85,-8,93,-11,99,-8,94,-1,78,9,73,18,84,24,84,21,90,12,100,8,104,14,99,18,87,12,94,0,92,-3,78,1,77,2,70,9,50,21,44,23,51,16,52,3,12,0,0,0,0,0,0,0,0,0,0,0,0,0,0,0,0,0,0,-8,8,-23,30,-15,31,-20,42,-25,43,-20,39,-15,53,-10,61,-15,55,-26,60,-24,70,-23,82,-28,89,-26,84,-28,83,-40,85,-53,83,-46,74,-30,64,-35,65,-42,70,-40,73,-31,68,-17,69,-11,86,-10,95,-8,92,-12,22,-37,79,-38,65,-37,51,-35,67,-30,83,-22,83,-19,81,-19,80,-21,79,-21,80,-21,78,-20,75,-18,78,-16,84,-14,80,-13,74,-14,73,-15,81,-17,79,-14,75,-13,72,-17,63,-18,49,-14,45,-14,41,-18,36,-30,10,-28,4,-6,0,-3,-1,0,-1,1,-1,-1,-1,-2,0,-6,1,-30,15,-26,18,-21,28,-24,32,-29,37,-35,36,-32,35,-29,42,-29,49,-35,49,-45,52,-52,51,-55,52,-55,50,-53,49,-56,54,-62,57,-66,57,-64,57,-56,53,-53,54,-51,55,-50,57,-48,58,-46,60,-47,65,-47,68,-46,66]"
CSI_DATA,16381,1a:00:00:00:00:00,0,11,1,0,0,1,1,0,0,0,0,-96,0,6,0,53777977,0,47,1,256,1,"[47,-16,2,0,56,86,59,95,48,97,40,81,42,80,43,88,41,83,39,70,50,61,67,56,70,53,71,63,74,79,73,84,67,75,62,61,58,64,45,70,36,69,40,69,44,58,44,34,44,18,45,22,39,33,8,9,0,0,0,0,0,0,0,0,0,0,0,0,0,0,0,0,0,0,-2,11,-3,37,8,29,14,37,8,46,7,42,14,47,15,52,9,57,12,73,24,80,31,83,34,88,33,85,30,84,23,94,13,103,11,91,17,74,13,76,5,81,5,80,9,72,21,68,42,80,51,88,49,82,-2,25,5,86,7,86,8,87,6,82,6,72,8,77,10,79,11,78,14,75,22,77,26,75,24,80,23,77,26,68,28,55,26,50,22,46,22,57,18,72,15,78,13,67,9,55,8,44,12,39,11,39,4,39,-16,29,-18,23,-5,3,-2,0,0,-1,1,-2,-1,0,-3,1,-6,5,-26,32,-16,26,-2,32,-5,33,-8,40,-14,43,-12,44,-8,49,-7,54,-11,55,-14,63,-16,67,-14,71,-13,72,-15,72,-22,78,-26,79,-33,78,-32,72,-28,66,-25,66,-24,69,-21,71,-17,73,-9,71,-3,78,-3,84,-5,81]"
CSI_DATA,16383,1a:00:00:00:00:00,0,11,1,0,0,1,1,0,0,0,0,-96,0,6,0,53778490,0,47,1,256,1,"[47,-16,2,0,-102,19,-92,20,-76,22,-74,15,-85,6,-90,6,-89,12,-90,21,-89,30,-80,40,-70,40,-73,31,-80,24,-84,29,-97,42,-102,35,-84,16,-71,4,-69,-2,-71,-1,-67,1,-61,12,-59,25,-49,16,-43,2,-11,-1,0,0,0,0,0,0,0,0,0,0,0,0,0,0,0,0,0,0,-9,3,-31,12,-33,12,-45,13,-50,11,-51,8,-56,11,-59,14,-56,11,-63,9,-76,15,-87,16,-92,6,-88,1,-81,-2,-81,-7,-88,-9,-88,-5,-80,-6,-72,-12,-65,-20,-65,-22,-76,-13,-81,-2,-82,9,-84,16,-85,18,-29,4,-87,11,-82,10,-81,8,-75,8,-70,8,-79,8,-84,10,-83,14,-82,15,-85,11,-83,10,-76,6,-81,2,-89,4,-92,13,-96,17,-93,12,-85,6,-80,4,-72,-2,-69,-4,-59,-4,-54,-4,-54,0,-47,-5,-38,-11,-34,-9,-27,-8,-4,0,0,0,-1,0,1,-1,-1,-1,-2,0,-6,0,-33,3,-30,3,-31,5,-34,4,-43,2,-48,3,-49,9,-54,15,-56,16,-58,13,-63,8,-68,2,-77,-5,-81,-8,-80,-11,-84,-13,-83,-16,-86,-15,-87,-12,-79,-7,-72,-8,-69,-9,-70,-13,-77,-13,-82,-11,-84,-8,-85,-5,-84,-2]"
CSI_DATA,16389,1a:00:00:00:00:00,-1,11,1,0,0,1,1,0,0,0,0,-96,0,6,0,53826948,0,47,1,256,1,"[47,-16,2,0,86,49,82,38,79,27,81,29,85,27,87,20,88,20,89,23,91,29,91,29,79,30,70,34,76,31,88,24,100,28,98,32,87,25,79,17,71,14,69,13,64,10,61,14,60,21,42,16,34,17,9,5,0,0,0,0,0,0,0,0,0,0,0,0,0,0,0,0,0,0,7,2,24,8,19,10,34,25,57,38,53,38,41,32,49,25,58,18,62,21,63,41,58,65,50,74,43,69,46,60,57,57,59,64,49,70,50,65,61,57,58,46,51,37,54,44,58,56,64,60,70,59,71,59,24,1,80,13,83,10,81,4,75,-1,74,0,81,-3,81,-7,78,-8,79,-5,81,0,80,1,71,1,68,3,73,-2,81,-12,90,-15,90,-13,87,-10,82,-7,70,-2,61,-1,53,-1,51,0,51,1,44,0,36,1,29,-12,21,-11,2,-3,-1,-1,0,-1,-2,-1,0,0,3,0,7,0,37,4,29,2,21,5,21,3,29,9,45,15,53,13,54,7,55,7,58,5,61,11,63,23,63,35,61,37,57,38,61,36,64,34,67,31,71,30,70,26,68,25,65,21,63,22,66,27,69,30,73,30,77,29,76,28]"
CSI_DATA,16390,1a:00:00:00:00:00,-1,11,1,0,0,1,1,0,0,0,0,-96,0,6,0,53827135,0,47,1,256,1,"[47,-16,2,0,-102,-14,-93,-1,-88,16,-80,13,-79,7,-88,5,-94,1,-98,1,-98,12,-93,24,-85,22,-81,16,-86,17,-94,16,-102,8,-99,-1,-87,-3,-79,-5,-73,-5,-71,-2,-68,2,-64,3,-60,0,-42,0,-31,1,-8,-1,0,0,0,0,0,0,0,0,0,0,0,0,0,0,0,0,0,0,-12,1,-40,9,-35,5,-52,-6,-68,-10,-56,-7,-43,-2,-51,4,-65,5,-75,4,-84,-1,-89,-10,-86,-16,-82,-16,-78,-13,-80,-11,-87,-19,-78,-31,-66,-30,-67,-22,-65,-19,-65,-25,-74,-28,-82,-19,-89,-6,-92,0,-90,-4,-31,1,-94,1,-95,-1,-89,5,-78,11,-69,13,-74,17,-81,19,-82,18,-82,15,-85,11,-85,12,-78,10,-79,8,-84,11,-89,15,-91,16,-87,13,-82,11,-79,11,-67,11,-62,11,-57,7,-55,1,-54,-2,-47,-3,-42,-3,-38,-11,-31,-10,-6,-1,-1,-1,-1,-1,1,-1,-1,-1,-3,0,-6,1,-32,3,-26,3,-26,2,-28,4,-39,-1,-51,-4,-54,-1,-55,4,-55,5,-56,4,-61,1,-69,-6,-73,-16,-75,-20,-75,-22,-81,-22,-80,-22,-81,-23,-81,-24,-74,-19,-68,-12,-67,-6,-66,-8,-70,-12,-75,-14,-80,-11,-83,-11,-83,-11]"
CSI_DATA,16392,1a:00:00:00:00:00,0,11,1,0,0,1,1,0,0,0,0,-96,0,6,0,53827471,0,47,1,256,1,"[47,-16,2,0,-106,-14,-108,-20,-96,-27,-80,-23,-82,-22,-88,-27,-86,-22,-83,-15,-85,-6,-89,4,-87,9,-91,3,-101,-11,-106,-15,-104,-6,-97,-1,-84,-7,-74,-18,-72,-24,-76,-23,-73,-18,-61,-2,-51,12,-49,4,-52,-11,-14,-4,0,0,0,0,0,0,0,0,0,0,0,0,0,0,0,0,0,0,-11,-7,-34,-19,-29,-5,-39,-4,-43,-13,-41,-15,-50,-12,-55,-11,-53,-17,-66,-23,-81,-19,-84,-16,-89,-21,-88,-21,-84,-23,-85,-37,-87,-51,-81,-41,-72,-28,-65,-33,-62,-41,-64,-39,-67,-33,-73,-25,-85,-16,-92,-14,-88,-15,-24,-15,-81,-46,-81,-47,-79,-47,-76,-45,-73,-40,-76,-36,-77,-31,-76,-30,-75,-28,-77,-27,-76,-29,-71,-32,-76,-39,-83,-42,-85,-38,-85,-33,-77,-28,-72,-27,-69,-29,-66,-29,-63,-31,-52,-32,-43,-29,-39,-24,-34,-25,-30,-29,-12,-24,-4,-19,0,-3,0,-1,0,0,0,1,-1,-1,-1,-2,-3,-6,-19,-29,-20,-22,-30,-15,-31,-18,-36,-23,-35,-31,-35,-28,-42,-23,-47,-21,-49,-27,-54,-37,-55,-42,-56,-46,-56,-46,-56,-48,-58,-56,-58,-64,-57,-68,-55,-62,-52,-52,-51,-48,-52,-48,-55,-49,-59,-49,-61,-47,-65,-48,-65,-50,-62,-50]"
CSI_DATA,16393,1a:00:00:00:00:00,-1,11,1,0,0,1,1,0,0,0,0,-96,0,6,0,53827629,0,47,1,256,1,"[47,-16,2,0,47,-85,45,-92,42,-94,42,-86,42,-82,40,-85,38,-82,33,-76,28,-79,26,-90,25,-88,28,-78,36,-79,38,-91,36,-97,35,-89,34,-82,35,-74,33,-65,32,-64,29,-61,27,-54,24,-46,15,-36,10,-32,2,-9,0,0,0,0,0,0,0,0,0,0,0,0,0,0,0,0,0,0,4,-8,11,-29,8,-26,24,-35,35,-43,23,-39,14,-40,19,-47,24,-51,31,-58,41,-62,50,-64,53,-69,49,-69,48,-65,57,-66,70,-68,66,-60,55,-54,56,-57,55,-58,48,-56,45,-52,47,-59,50,-78,53,-84,52,-76,14,-25,42,-78,42,-81,38,-84,32,-79,31,-71,32,-74,32,-79,33,-80,28,-83,20,-87,15,-87,11,-81,11,-76,16,-80,19,-85,22,-93,25,-90,29,-83,32,-76,27,-66,24,-62,25,-57,22,-51,20,-49,19,-45,22,-45,21,-39,22,-35,4,-8,1,-3,-1,0,-1,0,0,0,1,-2,2,-6,11,-32,5,-32,3,-33,8,-40,18,-46,30,-49,27,-48,22,-49,23,-50,28,-53,34,-56,41,-61,42,-65,40,-67,40,-65,46,-66,52,-63,59,-63,61,-63,56,-61,52,-57,48,-56,45,-58,42,-61,41,-65,42,-74,42,-80,37,-77]"
CSI_DATA,16394,1a:00:00:00:00:00,0,11,1,0,0,1,1,0,0,0,0,-96,0,6,0,53864934,0,47,1,256,1,"[47,-16,2,0,-23,-103,-19,-46,-16,15,-18,-31,-24,-84,-31,-87,-35,-86,-39,-82,-37,-88,-29,-95,-22,-91,-21,-87,-24,-95,-30,-103,-38,-95,-37,-84,-28,-74,-28,-71,-30,-72,-28,-74,-27,-72,-24,-61,-13,-43,-4,-36,-4,-39,-2,-11,0,0,0,0,0,0,0,0,0,0,0,0,0,0,0,0,0,0,2,-12,3,-39,-6,-30,1,-38,10,-41,2,-34,-9,-42,-10,-53,-8,-58,-6,-74,3,-86,16,-88,21,-93,17,-90,14,-82,18,-27,22,24,12,-31,5,-80,9,-74,8,-78,0,-78,-1,-76,3,-85,4,-99,4,-104,4,-96,2,-26,1,-90,0,-97,-3,-81,-8,-59,-12,-64,-17,-79,-22,-80,-21,-81,-20,-84,-16,-89,-6,-90,-1,-87,-3,-85,-8,-88,-13,-90,-15,-91,-12,-87,-11,-84,-13,-82,-18,-77,-16,-73,-7,-67,-1,-58,2,-51,8,-46,14,-44,27,-30,31,-24,6,-5,2,-2,-1,0,-1,1,0,-1,1,-2,3,-7,17,-41,11,-37,-2,-36,-2,-38,3,-44,9,-47,6,-46,-1,-52,-2,-58,0,-63,3,-71,15,-76,27,-77,31,-75,29,-73,29,-76,29,-62,31,-49,28,-68,24,-81,20,-77,16,-76,12,-76,11,-77,13,-79,16,-85,18,-88,18,-85]"
CSI_DATA,16395,1a:00:00:00:00:00,-1,11,1,0,0,1,1,0,0,0,0,-96,0,6,0,53882932,0,47,1,256,1,"[47,-16,2,0,-2,92,10,88,20,87,17,81,17,83,18,92,15,91,17,87,18,92,17,91,9,79,4,72,16,78,32,87,33,95,24,99,20,89,16,76,12,67,14,66,17,64,11,63,7,63,9,47,4,32,-1,7,0,0,0,0,0,0,0,0,0,0,0,0,0,0,0,0,0,0,-1,12,2,41,2,33,-12,46,-16,60,-8,53,-3,44,0,50,2,58,-4,67,-21,78,-38,84,-44,83,-40,76,-31,69,-21,74,-25,84,-32,78,-29,70,-22,71,-17,72,-16,71,-20,72,-25,76,-22,83,-19,86,-23,81,18,9,46,37,48,39,51,35,50,30,49,23,47,23,46,25,47,24,49,25,49,34,49,37,46,32,44,29,49,26,56,24,59,24,54,26,51,26,48,22,38,17,34,16,31,20,28,23,28,26,28,25,25,23,36,9,29,7,5,-1,0,-1,0,0,-2,-1,0,0,2,1,5,2,34,15,28,12,10,16,13,14,12,19,14,29,20,30,26,26,24,25,24,26,23,32,20,41,16,50,20,52,21,52,26,53,26,54,25,53,27,49,28,42,25,36,26,35,26,37,25,39,24,44,28,49,30,52,30,49]"
CSI_DATA,16396,1a:00:00:00:00:00,-1,11,1,0,0,1,1,0,0,0,0,-96,0,6,0,53928079,0,47,1,256,1,"[47,-16,2,0,7,96,12,44,14,-15,15,33,17,90,17,96,14,91,13,78,19,79,23,89,21,88,20,88,23,96,25,103,23,98,19,88,16,89,12,83,10,73,11,73,12,66,9,53,6,45,7,41,6,35,0,7,0,0,0,0,0,0,0,0,0,0,0,0,0,0,0,0,0,0,-3,11,-3,39,6,33,-4,43,-13,49,-4,40,5,44,6,53,3,57,-1,71,-9,79,-16,84,-16,90,-16,85,-15,81,-17,90,-23,99,-21,86,-15,71,-17,75,-17,82,-14,79,-14,69,-10,73,-5,93,-4,102,-8,93,-8,26,-16,88,-13,92,-9,79,-4,57,-1,63,2,81,2,85,0,84,0,85,2,87,1,88,1,84,3,84,7,86,9,90,8,93,3,89,-1,87,-3,84,1,75,2,70,-2,63,-4,54,-5,51,-7,46,-11,44,-25,33,-28,31,-7,6,-3,2,0,-1,0,-2,-1,-1,-2,1,-5,5,-22,32,-17,30,-2,33,-3,38,-10,46,-18,50,-16,48,-11,53,-10,56,-13,59,-18,66,-27,71,-33,72,-33,70,-33,67,-34,72,-35,75,-40,77,-39,76,-36,71,-32,70,-28,71,-26,73,-25,72,-23,72,-23,80,-23,85,-22,84]"
CSI_DATA,16397,1a:00:00:00:00:00,-1,11,1,0,0,1,1,0,0,0,0,-96,0,6,0,53960723,0,47,1,256,1,"[47,-16,2,0,-46,89,-32,96,-15,100,-16,91,-23,83,-23,85,-28,86,-29,84,-24,89,-16,96,-14,89,-18,82,-18,89,-16,97,-26,97,-39,92,-37,87,-32,79,-28,67,-27,65,-23,64,-24,60,-28,54,-17,39,-8,27,-3,6,0,0,0,0,0,0,0,0,0,0,0,0,0,0,0,0,0,0,-3,12,-4,43,-5,34,-22,43,-32,59,-27,52,-19,42,-15,50,-15,64,-18,74,-32,77,-47,76,-51,75,-48,69,-44,66,-42,74,-49,79,-56,64,-54,52,-48,63,-40,68,-39,60,-45,57,-43,63,-38,80,-38,89,-44,85,-19,24,-54,77,-52,79,-45,79,-38,79,-38,77,-38,76,-39,78,-40,80,-40,83,-39,84,-36,83,-31,75,-30,70,-29,76,-29,84,-33,90,-39,85,-41,79,-41,73,-37,60,-33,54,-32,52,-30,49,-30,47,-26,41,-22,39,-26,37,-21,39,-4,7,-1,2,0,0,1,-1,-1,-1,-3,1,-7,4,-39,25,-32,24,-13,29,-16,29,-26,33,-37,41,-39,44,-36,46,-34,48,-35,51,-39,55,-49,58,-57,56,-58,52,-58,46,-60,48,-60,50,-64,55,-69,54,-65,50,-58,49,-52,50,-53,50,-57,52,-57,55,-55,63,-54,67,-52,67]"
CSI_DATA,16398,1a:00:00:00:00:00,-1,11,1,0,0,1,1,0,0,0,0,-96,0,6,0,53983631,0,47,1,256,1,"[47,-16,2,0,-98,4,-107,12,-110,21,-96,17,-90,12,-95,12,-93,10,-82,11,-82,17,-93,22,-93,19,-91,14,-97,15,-102,18,-99,15,-92,8,-93,9,-87,8,-75,5,-74,4,-72,5,-62,2,-53,-2,-41,3,-33,7,-8,1,0,0,0,0,0,0,0,0,0,0,0,0,0,0,0,0,0,0,-11,1,-36,10,-30,12,-47,1,-62,-3,-48,3,-41,7,-51,7,-61,8,-73,7,-80,-4,-85,-12,-90,-11,-88,-7,-85,-7,-93,-9,-100,-14,-88,-20,-74,-20,-79,-16,-85,-8,-80,-6,-71,-11,-74,-9,-93,1,-102,3,-94,-5,-28,-9,-90,-20,-92,-19,-92,-15,-86,-9,-77,-8,-80,-8,-85,-8,-86,-9,-88,-6,-90,-2,-90,0,-85,1,-83,1,-87,2,-92,3,-96,1,-92,-5,-88,-8,-85,-10,-73,-7,-68,-5,-62,-7,-56,-8,-52,-8,-47,-8,-46,-9,-40,-22,-37,-23,-8,-5,-3,-2,0,0,1,1,0,-1,-3,-3,-7,-5,-38,-25,-34,-16,-32,1,-36,-2,-45,-10,-53,-19,-52,-19,-52,-15,-54,-12,-58,-13,-64,-16,-70,-25,-73,-30,-71,-31,-68,-33,-71,-36,-73,-37,-76,-42,-76,-44,-70,-42,-67,-36,-69,-30,-71,-28,-72,-29,-72,-27,-80,-24,-86,-22,-84,-22]"
CSI_DATA,16401,1a:00:00:00:00:00,-1,11,1,0,0,1,1,0,0,0,0,-96,0,6,0,53984204,0,47,1,256,1,"[47,-16,2,0,54,-90,47,-87,35,-84,40,-88,37,-88,27,-83,24,-87,25,-87,30,-87,32,-93,32,-82,33,-73,31,-83,28,-95,30,-105,33,-101,28,-92,20,-82,18,-71,20,-69,16,-59,14,-56,19,-58,21,-43,24,-39,6,-12,0,0,0,0,0,0,0,0,0,0,0,0,0,0,0,0,0,0,3,-7,12,-23,19,-21,36,-33,45,-50,39,-48,34,-43,32,-48,26,-53,27,-58,45,-61,69,-58,78,-50,75,-44,71,-46,69,-55,73,-57,75,-49,68,-50,62,-64,53,-62,44,-53,48,-55,56,-56,62,-62,66,-72,68,-76,2,-24,18,-80,19,-82,16,-82,15,-82,18,-83,17,-80,12,-78,8,-78,3,-82,-3,-77,-6,-64,-5,-63,0,-70,1,-76,-3,-74,-6,-74,-6,-77,-5,-82,-1,-80,4,-76,9,-69,7,-61,2,-52,-1,-51,0,-44,2,-36,-12,-22,-13,-12,-3,-1,-2,1,-1,0,0,1,0,-1,-1,-4,-2,-10,-5,-46,-5,-36,1,-26,7,-21,17,-24,21,-36,17,-44,15,-51,19,-52,20,-54,22,-58,29,-62,34,-64,29,-59,30,-58,34,-59,38,-62,40,-63,41,-65,37,-64,37,-65,36,-62,34,-64,31,-65,28,-68,26,-71,28,-73,27,-69]"
CSI_DATA,16402,1a:00:00:00:00:00,-1,11,1,0,0,1,1,0,0,0,0,-96,0,6,0,53985857,0,47,1,256,1,"[47,-16,2,0,-66,-77,-77,-68,-86,-53,-73,-43,-63,-46,-68,-55,-65,-60,-65,-60,-76,-58,-80,-56,-70,-53,-64,-50,-74,-52,-84,-56,-76,-62,-61,-68,-57,-63,-57,-57,-52,-53,-50,-53,-53,-49,-50,-44,-35,-45,-22,-33,-17,-20,-4,-5,0,0,0,0,0,0,0,0,0,0,0,0,0,0,0,0,0,0,-11,-9,-39,-23,-31,-15,-32,-31,-39,-47,-35,-42,-32,-31,-42,-31,-52,-37,-62,-44,-64,-58,-58,-73,-53,-74,-44,-68,-41,-59,-53,-59,-59,-70,-43,-69,-32,-62,-40,-58,-45,-56,-38,-61,-36,-68,-47,-71,-60,-71,-64,-68,-58,-67,2,-28,-7,-86,-10,-85,-14,-78,-19,-65,-18,-57,-21,-66,-26,-70,-24,-73,-26,-71,-27,-70,-26,-70,-21,-67,-19,-70,-22,-72,-28,-73,-28,-76,-23,-75,-20,-72,-20,-72,-22,-63,-20,-59,-17,-53,-11,-49,-8,-47,-3,-40,-2,-35,23,-31,24,-25,4,-6,1,-1,0,0,-1,1,0,0,1,-3,1,-7,12,-39,6,-32,-14,-20,-10,-21,-5,-31,-1,-42,-1,-46,-5,-48,-10,-47,-13,-48,-15,-51,-11,-58,-4,-62,3,-62,9,-60,14,-66,11,-63,11,-67,14,-71,12,-68,4,-61,-4,-61,-7,-62,-6,-66,-7,-66,-8,-70,-7,-73,-7,-76]"
CSI_DATA,16403,1a:00:00:00:00:00,0,11,1,0,0,1,1,0,0,0,0,-96,0,6,0,53986072,0,47,1,256,1,"[47,-16,2,0,96,1,92,6,88,15,93,11,97,-2,93,-7,89,-10,82,-10,80,-2,85,10,86,16,90,17,95,15,39,15,-13,6,42,1,90,12,82,14,77,8,73,7,56,10,42,7,45,2,48,12,51,21,13,5,0,0,0,0,0,0,0,0,0,0,0,0,0,0,0,0,0,0,7,1,30,1,36,-5,48,-3,50,0,45,-7,55,-18,56,-29,48,-28,57,-14,70,-4,83,7,90,17,86,15,84,16,86,21,91,28,90,21,78,7,71,10,72,13,75,9,76,8,76,12,86,22,96,25,99,18,13,23,49,45,46,33,42,22,41,18,42,17,40,25,36,34,35,45,37,40,46,42,52,44,53,48,56,53,58,55,43,60,28,60,36,48,47,43,42,41,38,41,31,41,23,39,22,34,29,29,27,26,21,26,-4,22,-7,14,-2,1,-1,-1,-1,-1,-1,-2,-1,0,0,1,1,6,7,35,8,29,17,13,16,14,21,17,21,21,20,18,23,16,24,18,22,26,25,34,31,39,40,42,43,52,39,44,38,36,37,26,35,22,34,21,29,27,26,38,27,45,28,37,32,41,37,46,44,51,49,51,51,46]"
CSI_DATA,16404,1a:00:00:00:00:00,0,11,1,0,0,1,1,0,0,0,0,-96,0,6,0,53986223,0,47,1,256,1,"[47,-16,2,0,56,85,50,69,42,56,44,65,56,75,60,76,63,72,66,73,66,78,64,72,56,63,46,61,50,63,64,68,85,79,85,81,59,68,42,59,38,54,39,51,34,47,38,45,52,43,39,37,25,40,6,11,0,0,0,0,0,0,0,0,0,0,0,0,0,0,0,0,0,0,4,6,15,24,18,30,25,45,27,53,25,55,29,57,40,53,39,46,31,53,33,74,30,90,19,93,14,86,16,74,16,72,13,83,15,87,23,82,20,76,13,69,15,67,23,76,25,84,26,84,31,80,33,78,-11,17,-26,61,-27,61,-30,53,-34,41,-31,37,-23,45,-15,50,-15,51,-10,54,-5,63,-4,65,-9,62,-18,62,-21,56,-16,50,-9,59,-7,64,-13,62,-17,55,-19,49,-19,41,-17,36,-11,37,-2,40,-4,35,-4,29,-16,14,-7,5,0,-1,1,-1,0,-1,1,-1,-1,-1,-3,2,-8,5,-39,24,-30,19,-8,13,-7,13,-8,20,-14,25,-16,31,-16,33,-17,31,-23,30,-28,34,-28,41,-30,52,-33,56,-37,53,-42,47,-45,42,-44,42,-41,44,-34,41,-33,38,-31,37,-32,35,-30,44,-29,55,-28,61,-25,62,-22,63]"
CSI_DATA,16405,1a:00:00:00:00:00,-1,11,1,0,0,1,1,0,0,0,0,-96,0,6,0,53986410,0,47,1,256,1,"[47,-16,2,0,47,-92,32,-89,14,-87,15,-80,23,-79,26,-86,30,-90,32,-94,27,-98,18,-95,15,-81,16,-75,14,-84,13,-94,24,-99,39,-99,37,-86,30,-75,27,-68,25,-67,20,-64,18,-65,22,-66,19,-48,17,-34,4,-8,0,0,0,0,0,0,0,0,0,0,0,0,0,0,0,0,0,0,4,-13,11,-43,12,-35,25,-44,34,-57,30,-53,23,-48,17,-56,14,-63,20,-70,36,-81,52,-82,57,-75,54,-67,46,-60,41,-64,50,-69,56,-59,53,-53,45,-57,40,-56,46,-54,53,-63,51,-72,44,-78,37,-80,36,-77,25,-10,74,-39,73,-40,65,-38,58,-37,58,-38,60,-41,57,-46,56,-47,51,-48,50,-47,51,-42,56,-34,51,-32,41,-38,28,-45,27,-48,32,-46,45,-40,56,-38,57,-32,44,-30,38,-27,38,-24,39,-26,34,-20,27,-15,32,6,23,3,3,-1,-1,-1,0,-1,-2,0,0,0,1,-1,4,-2,28,-5,26,-6,15,-17,18,-16,30,-18,38,-22,41,-24,43,-28,42,-30,42,-31,44,-31,51,-33,59,-30,64,-26,64,-20,70,-16,68,-15,70,-17,72,-18,66,-20,57,-21,54,-24,55,-23,60,-26,61,-29,62,-31,63,-32,64,-34]"
CSI_DATA,16406,1a:00:00:00:00:00,-1,11,1,0,0,1,1,0,0,0,0,-96,0,6,0,53986579,0,47,1,256,1,"[47,-16,2,0,13,89,22,85,35,87,28,89,15,88,15,86,15,84,17,82,32,84,50,85,46,72,31,67,26,77,34,87,35,96,23,95,14,88,5,81,1,71,2,68,3,61,4,56,9,54,11,37,5,26,0,6,0,0,0,0,0,0,0,0,0,0,0,0,0,0,0,0,0,0,6,7,24,27,18,27,9,47,10,61,11,49,14,44,14,52,13,59,17,66,18,74,18,83,18,86,17,79,12,73,8,78,5,90,-4,87,-11,76,-9,79,-8,75,-8,66,-5,67,6,73,22,84,27,90,19,89,12,19,35,65,39,64,44,62,47,64,45,67,40,65,42,62,43,60,49,60,56,60,59,57,54,49,45,49,43,52,49,56,56,63,51,64,45,64,37,65,27,61,21,57,21,52,23,45,25,44,24,39,24,34,40,20,45,15,9,2,4,-1,0,-1,-2,-2,-1,0,2,2,8,5,42,27,38,20,25,16,23,17,18,26,22,37,28,40,34,42,32,44,33,46,33,52,35,60,36,64,37,59,33,58,29,61,26,65,27,69,29,71,28,67,24,66,19,64,20,66,25,65,33,65,41,66,40,68,35,64]"
CSI_DATA,16408,1a:00:00:00:00:00,-1,11,1,0,0,1,1,0,0,0,0,-96,0,6,0,53988355,0,47,1,256,1,"[47,-16,2,0,92,26,97,17,102,2,98,6,91,13,92,10,92,11,84,10,86,7,95,2,88,3,81,14,84,21,91,15,96,19,94,31,92,29,83,22,68,18,63,19,60,18,56,20,53,23,39,10,27,3,6,1,0,0,0,0,0,0,0,0,0,0,0,0,0,0,0,0,0,0,9,-3,35,-14,33,-9,50,4,66,8,55,3,46,-2,52,-2,58,-1,64,1,74,13,83,26,86,28,81,23,76,22,80,25,88,33,79,43,66,45,74,38,77,27,68,24,64,28,69,25,88,18,97,17,91,25,28,6,90,16,91,18,90,15,83,8,74,5,78,4,81,2,82,2,84,0,86,2,88,3,84,3,79,5,81,7,85,4,89,4,85,10,82,11,81,9,68,4,60,3,52,5,48,9,48,10,44,10,40,9,34,16,27,18,5,3,0,1,-1,-1,-2,-1,0,0,2,1,6,1,37,8,29,3,26,-5,32,-3,44,4,54,11,55,10,54,5,53,3,55,5,60,8,67,17,71,25,72,30,68,31,71,34,71,36,74,41,74,44,69,40,68,32,70,24,69,21,70,23,71,24,78,23,84,22,85,20]"
CSI_DATA,16409,1a:00:00:00:00:00,-1,11,1,0,0,1,1,0,0,0,0,-96,0,6,0,53988524,0,47,1,256,1,"[47,-16,2,0,-38,87,-33,98,-36,98,-37,83,-40,80,-47,84,-46,80,-37,70,-21,73,-8,86,-5,90,-8,94,-15,99,-20,103,-21,98,-18,87,-18,84,-29,74,-36,61,-33,62,-23,62,-9,52,0,44,5,41,3,40,0,10,0,0,0,0,0,0,0,0,0,0,0,0,0,0,0,0,0,0,-9,6,-26,24,-15,24,-29,32,-44,41,-34,36,-24,32,-30,35,-41,41,-50,52,-50,58,-49,62,-51,69,-51,71,-51,70,-58,71,-69,71,-66,57,-53,49,-55,53,-62,55,-63,51,-58,44,-47,53,-38,81,-38,90,-41,76,-23,12,-70,49,-68,51,-63,56,-59,57,-56,55,-53,58,-50,60,-52,61,-53,60,-51,57,-49,55,-48,52,-48,54,-47,61,-45,59,-49,56,-49,57,-48,61,-51,59,-46,55,-43,52,-40,44,-37,32,-33,29,-30,25,-30,24,-38,-3,-32,-9,-6,-2,-2,-2,0,-1,1,0,-1,-1,-3,-1,-8,-2,-46,-8,-38,-4,-28,16,-28,16,-37,18,-49,17,-49,16,-47,19,-48,24,-52,26,-58,28,-63,23,-64,16,-63,12,-63,11,-70,13,-73,16,-76,18,-77,19,-70,20,-66,24,-68,29,-69,32,-67,29,-62,28,-62,34,-65,34,-66,28]"
CSI_DATA,16411,1a:00:00:00:00:00,0,11,1,0,0,1,1,0,0,0,0,-96,0,6,0,54035385,0,47,1,256,1,"[47,-16,2,0,92,-7,101,-3,107,-1,99,-5,95,-13,96,-19,89,-23,75,-22,79,-18,91,-14,90,-12,90,-10,96,-8,102,-10,100,-19,91,-20,94,-15,89,-14,74,-14,72,-14,66,-11,52,-7,44,-7,39,-7,34,-3,7,-1,0,0,0,0,0,0,0,0,0,0,0,0,0,0,0,0,0,0,9,1,33,-1,32,-5,43,4,47,7,39,-2,48,-12,56,-14,57,-10,66,-3,73,6,80,15,85,20,84,18,83,18,87,25,92,32,83,27,71,18,75,19,83,16,82,9,73,7,77,7,96,11,101,15,94,14,25,8,88,20,90,22,89,21,83,19,75,14,80,7,81,2,79,1,80,1,82,3,83,6,82,8,87,10,91,10,86,5,78,3,75,4,80,5,79,6,74,3,69,3,58,6,48,9,44,7,38,9,33,13,20,22,13,24,1,5,-1,1,-1,-1,-1,-2,0,0,0,2,3,5,25,28,25,19,32,3,33,8,40,16,40,23,40,20,47,15,51,13,53,16,61,20,64,27,66,32,66,34,65,34,69,40,72,46,71,49,69,46,63,40,62,36,65,33,67,31,67,31,69,29,76,30,81,32,81,34]"
CSI_DATA,16412,1a:00:00:00:00:00,0,11,1,0,0,1,1,0,0,0,0,-96,0,6,0,54035536,0,47,1,256,1,"[47,-16,2,0,44,95,36,88,26,80,26,81,35,83,42,81,50,77,49,77,41,80,39,78,39,76,39,81,40,86,46,91,66,94,67,88,42,76,30,70,31,68,32,67,25,60,26,48,34,41,25,41,16,49,4,13,0,0,0,0,0,0,0,0,0,0,0,0,0,0,0,0,0,0,-2,7,-1,26,8,31,12,44,10,46,13,46,21,60,31,64,29,55,18,62,17,75,11,85,-2,91,-3,90,0,84,-6,82,-10,92,1,95,9,85,2,76,-3,73,3,72,11,77,12,84,11,89,12,92,16,95,3,24,13,80,9,77,5,82,3,87,5,86,10,86,15,80,16,75,16,77,12,81,7,78,3,76,2,83,9,89,19,85,27,80,26,80,17,82,12,77,10,72,9,66,5,55,2,45,3,43,-1,39,-7,37,-10,25,-5,20,-1,2,0,0,0,-1,0,-2,0,0,-1,1,-3,4,-13,27,-11,23,-3,26,-2,29,-2,39,-2,44,3,45,10,55,12,58,7,57,-3,61,-11,65,-19,72,-23,73,-27,73,-27,77,-27,79,-25,82,-18,83,-12,76,-13,73,-12,70,-13,71,-13,76,-13,80,-16,82,-16,85,-13,84]"
CSI_DATA,16413,1a:00:00:00:00:00,-1,11,1,0,0,1,1,0,0,0,0,-96,0,6,0,54035714,0,47,1,256,1,"[47,-16,2,0,-12,-101,-22,-107,-29,-107,-26,-92,-22,-83,-18,-90,-11,-90,-12,-83,-31,-81,-47,-85,-42,-84,-37,-83,-37,-91,-31,-101,-20,-97,-15,-87,-15,-84,-12,-82,-9,-74,-8,-73,-14,-72,-17,-60,-8,-45,-8,-30,-14,-24,-4,-6,0,0,0,0,0,0,0,0,0,0,0,0,0,0,0,0,0,0,-2,-12,-10,-39,-13,-31,-5,-47,3,-63,2,-51,-4,-41,-5,-52,-5,-66,-12,-78,-14,-84,-11,-87,-12,-88,-12,-85,-11,-81,-8,-91,2,-101,11,-86,9,-71,5,-77,4,-82,9,-78,14,-74,1,-80,-20,-95,-28,-101,-22,-93,19,-15,48,-56,43,-61,37,-61,33,-56,34,-47,36,-50,36,-54,39,-57,36,-61,28,-65,25,-66,25,-62,27,-61,27,-66,26,-72,31,-72,35,-64,34,-60,35,-57,30,-49,29,-46,26,-41,24,-36,22,-33,21,-28,21,-25,37,-7,35,-4,7,-1,2,0,-1,-1,-2,-1,0,0,2,0,6,0,37,-2,32,-7,8,-25,15,-22,24,-25,32,-26,33,-25,31,-26,30,-31,30,-36,30,-40,34,-41,36,-39,38,-35,40,-33,47,-35,49,-37,52,-38,54,-35,50,-32,44,-32,42,-34,42,-37,45,-40,41,-44,36,-52,36,-55,37,-52]"
CSI_DATA,16414,1a:00:00:00:00:00,-1,11,1,0,0,1,1,0,0,0,0,-96,0,6,0,54043268,0,47,1,256,1,"[47,-16,2,0,-95,53,-83,50,-69,41,-75,44,-76,55,-69,58,-68,64,-72,67,-77,61,-76,58,-69,49,-65,44,-66,53,-74,65,-83,81,-82,80,-72,60,-63,50,-55,49,-54,50,-47,42,-41,40,-45,46,-46,36,-49,29,-14,7,0,0,0,0,0,0,0,0,0,0,0,0,0,0,0,0,0,0,-8,1,-27,5,-33,5,-50,10,-60,18,-58,20,-58,21,-58,30,-50,37,-54,36,-74,33,-91,21,-96,6,-91,3,-84,8,-82,12,-88,7,-92,4,-88,13,-82,19,-73,15,-69,17,-77,23,-85,20,-88,19,-89,26,-89,30,-26,6,-85,21,-88,18,-83,14,-78,10,-80,14,-80,19,-73,23,-71,23,-72,23,-75,22,-73,22,-78,18,-72,17,-57,22,-41,30,-47,36,-52,32,-60,23,-68,20,-74,16,-62,15,-52,13,-47,11,-47,15,-46,10,-42,3,-29,-5,-19,-2,-2,0,0,0,-1,0,1,0,-1,0,-3,-1,-7,-2,-37,-9,-33,-9,-29,-2,-31,-2,-39,-2,-45,-1,-47,3,-53,6,-54,7,-53,8,-57,6,-63,2,-75,-5,-79,-9,-77,-14,-80,-18,-80,-19,-82,-19,-84,-18,-79,-11,-74,-7,-69,-5,-66,-6,-72,-4,-77,-5,-78,-3,-80,2,-82,7]"
CSI_DATA,16415,1a:00:00:00:00:00,0,11,1,0,0,1,1,0,0,0,0,-96,0,6,0,54061043,0,47,1,256,1,"[47,-16,2,0,-97,37,-102,34,-90,23,-87,25,-94,28,-94,24,-88,26,-75,30,-70,36,-76,44,-74,45,-79,44,-89,41,-95,41,-97,53,-90,52,-92,35,-90,24,-80,20,-74,22,-61,20,-45,27,-42,39,-50,32,-56,22,-14,5,0,0,0,0,0,0,0,0,0,0,0,0,0,0,0,0,0,0,-9,0,-32,2,-33,7,-45,10,-47,7,-46,9,-61,18,-63,25,-54,21,-61,13,-73,20,-87,25,-96,19,-90,17,-87,15,-92,3,-96,-6,-92,6,-82,16,-80,6,-80,-6,-81,-5,-78,3,-75,11,-84,18,-92,26,-92,33,-17,-13,-59,-34,-58,-34,-58,-36,-50,-38,-43,-35,-49,-34,-52,-32,-52,-30,-54,-24,-62,-16,-69,-11,-69,-12,-74,-17,-75,-21,-74,-22,-73,-21,-63,-21,-61,-23,-61,-26,-56,-25,-49,-25,-41,-21,-40,-16,-40,-5,-36,-2,-32,-5,-10,-29,-3,-31,0,-7,0,-3,-1,-1,-1,1,0,-1,0,-3,-1,-7,-3,-39,-6,-33,-18,-15,-16,-18,-20,-24,-18,-30,-18,-28,-24,-21,-30,-19,-30,-26,-35,-34,-38,-35,-47,-34,-50,-33,-48,-35,-45,-42,-42,-47,-39,-49,-36,-45,-31,-39,-30,-39,-31,-39,-35,-37,-41,-35,-46,-30,-56,-31,-63,-32,-63,-29]"
CSI_DATA,16417,1a:00:00:00:00:00,0,11,1,0,0,1,1,0,0,0,0,-96,0,6,0,54102406,0,47,1,256,1,"[47,-16,2,0,-100,-23,-105,-28,-103,-32,-88,-21,-87,-12,-94,-11,-91,-10,-86,-7,-91,-3,-96,0,-92,-2,-91,-6,-99,-11,-107,-15,-101,-11,-90,-5,-83,-7,-79,-9,-77,-9,-79,-10,-79,-9,-67,-3,-49,-2,-41,-2,-41,-2,-11,-1,0,0,0,0,0,0,0,0,0,0,0,0,0,0,0,0,0,0,-11,-6,-36,-14,-32,-5,-42,-13,-44,-23,-38,-19,-44,-14,-54,-15,-60,-19,-72,-23,-81,-26,-82,-32,-83,-35,-81,-33,-75,-34,-80,-45,-86,-59,-78,-50,-67,-35,-64,-35,-69,-35,-71,-33,-67,-32,-75,-29,-90,-26,-95,-27,-89,-26,-27,-11,-88,-31,-89,-35,-87,-36,-86,-33,-84,-26,-85,-18,-82,-12,-83,-11,-82,-9,-87,-7,-88,-7,-93,-10,-86,-15,-75,-18,-55,-18,-44,-15,-47,-12,-64,-10,-79,-11,-84,-7,-71,-10,-60,-13,-51,-11,-46,-10,-41,-14,-40,-19,-31,-21,-26,-23,-4,-6,-2,-2,0,0,1,1,-1,-1,-2,-3,-6,-6,-34,-28,-28,-19,-33,-8,-34,-13,-41,-21,-42,-30,-43,-29,-48,-24,-52,-23,-54,-27,-61,-32,-64,-38,-67,-40,-68,-40,-67,-40,-70,-49,-68,-57,-66,-64,-63,-62,-60,-55,-60,-49,-63,-45,-67,-40,-69,-38,-71,-35,-78,-37,-82,-41,-81,-42]"
CSI_DATA,16418,1a:00:00:00:00:00,-1,11,1,0,0,1,1,0,0,0,0,-96,0,6,0,54102566,0,47,1,256,1,"[47,-16,2,0,97,35,103,18,101,-3,89,-1,86,7,90,11,86,17,84,18,88,13,92,9,87,9,85,8,91,3,94,-1,94,7,94,22,91,21,84,15,72,14,68,14,67,8,68,8,63,16,45,11,32,2,7,0,0,0,0,0,0,0,0,0,0,0,0,0,0,0,0,0,0,0,12,2,44,6,34,5,45,19,62,32,53,31,41,22,52,13,66,7,73,12,78,32,78,52,73,58,64,55,60,41,72,31,82,40,68,48,58,46,67,37,70,28,64,33,63,44,71,44,83,37,87,31,82,33,4,18,27,57,29,58,25,53,21,46,19,47,18,48,20,48,21,52,27,54,36,54,39,53,38,49,34,52,34,40,35,29,33,23,30,23,25,27,18,35,12,41,12,47,12,36,14,35,19,35,17,29,19,25,0,40,5,40,1,7,1,2,0,-1,0,-2,-1,-1,-2,3,-2,9,-5,47,0,41,18,17,15,18,15,26,16,36,14,41,12,42,15,40,15,43,16,46,20,54,22,63,20,63,12,59,9,56,8,53,8,57,4,63,2,58,3,49,7,43,7,46,11,55,18,62,25,61,30,57,33,54]"
CSI_DATA,16419,1a:00:00:00:00:00,0,11,1,0,0,1,1,0,0,0,0,-96,0,6,0,54102744,0,47,1,256,1,"[47,-16,2,0,-87,-69,-82,-61,-72,-46,-80,-55,-83,-63,-74,-56,-76,-50,-74,-44,-69,-40,-75,-40,-78,-39,-81,-43,-82,-47,-80,-47,-97,-49,-98,-52,-78,-54,-64,-52,-55,-47,-54,-45,-49,-37,-52,-26,-58,-25,-43,-29,-37,-34,-11,-10,0,0,0,0,0,0,0,0,0,0,0,0,0,0,0,0,0,0,-6,-6,-25,-23,-31,-22,-38,-28,-36,-35,-33,-38,-43,-48,-52,-49,-52,-41,-50,-41,-57,-45,-65,-61,-61,-76,-55,-75,-54,-72,-53,-76,-51,-81,-57,-79,-56,-69,-50,-66,-39,-64,-34,-62,-40,-61,-45,-55,-54,-57,-68,-63,-79,-69,-18,-21,-58,-71,-57,-78,-53,-78,-47,-74,-52,-75,-56,-71,-58,-63,-60,-59,-62,-59,-62,-60,-62,-57,-59,-57,-60,-63,-63,-69,-66,-66,-72,-67,-68,-62,-63,-60,-56,-56,-52,-57,-46,-55,-39,-51,-37,-42,-39,-40,-27,-39,-16,-36,-3,-24,2,-17,1,-3,1,0,-1,1,0,1,-1,-1,-2,-2,-3,-5,-14,-24,-12,-21,-16,-22,-16,-27,-17,-35,-18,-39,-22,-39,-28,-44,-30,-49,-31,-53,-31,-59,-32,-65,-36,-74,-36,-84,-31,-74,-27,-63,-24,-54,-22,-51,-26,-54,-27,-59,-26,-67,-24,-75,-24,-70,-30,-73,-36,-75,-41,-76,-45,-78,-48,-76]"
CSI_DATA,16420,1a:00:00:00:00:00,0,11,1,0,0,1,1,0,0,0,0,-96,0,6,0,54102949,0,47,1,256,1,"[47,-16,2,0,-100,-33,-95,-22,-84,-16,-87,-20,-94,-14,-92,-9,-92,-6,-94,-9,-96,-21,-92,-24,-78,-25,-71,-24,-80,-13,-92,-2,-107,1,-110,-5,-97,-7,-83,-2,-73,-1,-71,-1,-65,0,-63,-5,-68,-9,-53,-11,-44,-15,-12,-5,0,0,0,0,0,0,0,0,0,0,0,0,0,0,0,0,0,0,-7,-6,-25,-19,-24,-20,-38,-31,-54,-41,-52,-40,-47,-34,-54,-27,-60,-20,-64,-25,-64,-48,-58,-74,-48,-86,-40,-82,-43,-67,-57,-56,-62,-62,-57,-67,-61,-59,-68,-51,-62,-43,-56,-37,-62,-45,-61,-59,-63,-64,-68,-60,-69,-57,-26,-7,-85,-24,-90,-25,-88,-22,-85,-22,-84,-23,-84,-22,-80,-21,-79,-18,-80,-15,-84,-12,-82,-5,-74,0,-74,-1,-81,2,-79,6,-80,6,-86,1,-90,-2,-86,-4,-77,-8,-68,-9,-59,-6,-54,-2,-56,1,-49,-2,-37,-5,-27,7,-18,8,-2,1,0,1,0,0,1,0,-1,-1,-3,-2,-8,-3,-38,-18,-31,-13,-22,-13,-22,-15,-28,-23,-39,-29,-43,-28,-46,-29,-46,-32,-47,-32,-50,-36,-53,-44,-57,-51,-58,-50,-56,-51,-59,-53,-60,-52,-61,-53,-63,-54,-62,-51,-61,-50,-56,-48,-55,-47,-59,-46,-62,-44,-67,-40,-74,-35,-74,-30]"
CSI_DATA,16422,1a:00:00:00:00:00,0,11,1,0,0,1,1,0,0,0,0,-96,0,6,0,54120007,0,47,1,256,1,"[47,-16,2,0,52,88,56,81,61,66,61,71,53,78,49,72,52,68,54,62,59,59,72,55,71,48,60,53,59,62,66,59,78,64,73,75,59,73,49,65,41,58,40,57,38,50,42,43,47,39,34,27,24,21,6,5,0,0,0,0,0,0,0,0,0,0,0,0,0,0,0,0,0,0,6,6,22,25,19,26,19,39,21,50,19,49,21,51,23,54,26,52,29,56,30,64,29,76,25,84,22,80,21,77,21,83,21,90,19,90,18,82,19,81,13,75,11,65,18,66,23,66,36,71,48,80,49,87,18,13,54,50,56,53,57,52,57,51,56,52,52,47,56,41,61,37,67,33,71,34,70,33,65,31,67,37,58,40,50,37,43,38,33,40,32,38,40,37,47,37,53,37,44,34,43,29,44,29,37,24,31,18,30,2,26,-4,4,-2,0,-2,-1,-1,-2,-1,0,0,3,1,8,3,41,19,32,15,16,17,15,20,15,28,21,34,29,33,35,33,34,35,34,38,35,44,36,51,38,58,37,55,36,54,34,57,32,62,30,64,33,66,34,60,33,58,30,54,34,54,39,54,46,53,50,54,50,57,46,56]"
CSI_DATA,16423,1a:00:00:00:00:00,0,11,1,0,0,1,1,0,0,0,0,-96,0,6,0,54131711,0,47,1,256,1,"[47,-16,2,0,99,-28,101,-20,100,-14,91,-13,86,-19,88,-31,85,-43,80,-44,83,-36,87,-26,87,-23,90,-23,98,-22,103,-31,97,-47,87,-46,79,-31,73,-28,70,-29,71,-29,70,-24,59,-21,43,-20,39,-12,45,-8,11,-3,0,0,0,0,0,0,0,0,0,0,0,0,0,0,0,0,0,0,9,2,33,4,31,-4,41,0,43,3,38,-6,47,-15,54,-20,56,-18,70,-10,84,-2,86,9,88,16,89,12,86,10,90,17,97,22,90,12,79,3,73,6,75,5,78,-3,78,-8,83,-4,95,1,98,3,91,-1,23,-9,82,-29,87,-28,87,-27,78,-30,68,-32,69,-33,74,-35,73,-36,77,-38,81,-38,80,-31,77,-30,77,-33,78,-40,76,-47,77,-54,72,-48,69,-41,67,-38,64,-41,61,-35,59,-28,52,-23,47,-22,41,-12,40,-2,22,4,17,6,3,1,0,1,-2,0,-2,-1,0,0,1,0,4,0,28,-2,25,-6,27,-6,33,-8,42,-6,45,-3,42,-5,46,-12,53,-15,60,-12,70,-5,78,4,82,8,87,11,76,11,62,7,51,6,47,7,53,1,61,-2,69,-2,78,-3,75,-7,76,-9,81,-8,88,-4,92,-5,87,-6]"
CSI_DATA,16424,1a:00:00:00:00:00,-1,11,1,0,0,1,1,0,0,0,0,-96,0,6,0,54155455,0,47,1,256,1,"[47,-16,2,0,-62,77,-50,77,-35,81,-44,78,-54,71,-50,70,-48,75,-46,81,-41,86,-30,92,-24,80,-32,67,-39,71,-33,83,-38,99,-51,96,-51,78,-44,63,-42,54,-43,53,-38,49,-33,51,-30,55,-22,42,-22,32,-7,8,0,0,0,0,0,0,0,0,0,0,0,0,0,0,0,0,0,0,-3,9,-10,34,-16,27,-32,34,-40,44,-35,41,-33,40,-35,45,-34,48,-38,54,-49,62,-63,63,-69,59,-67,55,-67,53,-69,53,-73,56,-73,52,-69,45,-69,46,-63,41,-55,38,-58,46,-57,51,-53,63,-55,73,-60,72,-9,22,-36,71,-37,72,-34,72,-33,72,-36,70,-32,66,-25,71,-21,74,-18,79,-19,83,-17,81,-15,72,-21,66,-23,70,-19,77,-20,85,-25,79,-26,72,-26,65,-27,57,-29,52,-26,49,-23,47,-22,48,-20,41,-16,35,1,33,8,30,2,5,2,1,0,-1,0,-3,-1,0,0,4,-1,9,-3,47,-4,37,-7,22,-13,20,-23,23,-28,33,-24,41,-21,48,-23,47,-25,49,-30,52,-38,56,-47,58,-46,56,-46,54,-49,53,-54,52,-56,53,-57,57,-51,55,-48,51,-45,48,-45,51,-44,56,-43,62,-41,67,-43,67,-43,62]"
CSI_DATA,16425,1a:00:00:00:00:00,0,11,1,0,0,1,1,0,0,0,0,-96,0,6,0,54155687,0,47,1,256,1,"[47,-16,2,0,-35,-88,-40,-97,-44,-97,-46,-87,-50,-85,-49,-87,-45,-81,-39,-68,-37,-71,-37,-83,-33,-82,-30,-82,-34,-86,-42,-91,-47,-93,-40,-89,-27,-94,-24,-86,-27,-71,-28,-69,-23,-61,-17,-49,-14,-48,-10,-47,-9,-43,-3,-10,0,0,0,0,0,0,0,0,0,0,0,0,0,0,0,0,0,0,-4,-12,-19,-38,-24,-31,-21,-43,-14,-46,-17,-37,-35,-44,-45,-46,-43,-41,-38,-51,-30,-67,-22,-87,-20,-95,-19,-86,-17,-82,-15,-85,-14,-91,-19,-84,-20,-71,-14,-75,-16,-79,-20,-75,-19,-67,-18,-69,-20,-88,-24,-97,-27,-93,-19,-18,-56,-55,-59,-54,-64,-53,-66,-49,-66,-48,-64,-50,-66,-52,-64,-50,-67,-43,-69,-39,-65,-37,-58,-32,-56,-33,-59,-39,-54,-42,-54,-46,-57,-49,-56,-53,-52,-55,-49,-46,-45,-43,-38,-40,-32,-34,-30,-32,-22,-32,-17,-34,-30,-27,-30,-29,-7,-7,-3,-3,0,0,1,-1,-1,-1,-2,0,-6,1,-30,9,-29,11,-24,-6,-36,-11,-42,-19,-42,-27,-41,-26,-45,-26,-44,-25,-46,-27,-49,-33,-51,-40,-51,-44,-50,-43,-49,-41,-47,-45,-44,-51,-44,-58,-48,-60,-50,-57,-44,-56,-41,-57,-45,-57,-48,-51,-50,-48,-53,-51,-56,-52,-54,-48]"
CSI_DATA,16426,1a:00:00:00:00:00,-1,11,1,0,0,1,1,0,0,0,0,-96,0,6,0,54163598,0,47,1,256,1,"[47,-16,2,0,-49,76,-50,83,-57,86,-56,82,-51,80,-51,80,-48,75,-38,65,-43,63,-55,68,-59,66,-59,65,-56,72,-51,87,-49,98,-49,90,-55,79,-51,69,-43,61,-44,59,-37,49,-28,38,-26,36,-29,33,-31,28,-8,6,0,0,0,0,0,0,0,0,0,0,0,0,0,0,0,0,0,0,-9,6,-27,25,-22,27,-32,30,-35,31,-22,34,-20,48,-21,55,-19,51,-33,51,-54,47,-72,45,-80,45,-76,42,-69,42,-67,46,-70,53,-65,55,-54,52,-56,50,-62,49,-61,49,-57,47,-62,46,-76,53,-79,58,-74,55,-11,32,-34,76,-32,65,-31,52,-31,47,-31,49,-32,60,-35,72,-34,83,-27,76,-21,79,-18,77,-14,75,-14,78,-15,84,-16,82,-17,79,-22,78,-28,77,-31,71,-27,66,-29,63,-26,53,-18,43,-14,42,-19,37,-25,33,-11,29,-14,27,-4,5,-2,1,0,-1,0,-2,-1,0,-2,1,-3,5,-11,30,-6,28,-8,29,-11,36,-18,43,-23,44,-19,44,-19,49,-22,51,-26,53,-33,56,-41,57,-42,61,-41,60,-40,58,-43,62,-47,62,-52,62,-53,64,-49,61,-47,58,-48,55,-48,57,-44,60,-41,62,-42,66,-41,69,-38,69]"
CSI_DATA,16427,1a:00:00:00:00:00,-1,11,1,0,0,1,1,0,0,0,0,-96,0,6,0,54171065,0,47,1,256,1,"[47,-16,2,0,-33,-85,-43,-86,-56,-84,-53,-70,-53,-65,-58,-71,-52,-72,-46,-69,-44,-77,-41,-81,-32,-73,-30,-70,-44,-75,-61,-77,-58,-80,-44,-87,-41,-84,-41,-71,-39,-62,-43,-62,-43,-57,-30,-54,-17,-55,-15,-44,-11,-32,-2,-8,0,0,0,0,0,0,0,0,0,0,0,0,0,0,0,0,0,0,-4,-14,-19,-42,-20,-31,-14,-44,-14,-58,-17,-47,-22,-38,-29,-42,-36,-49,-37,-62,-21,-77,-3,-89,3,-92,5,-85,0,-79,-14,-80,-18,-85,-9,-78,-6,-70,-15,-72,-23,-74,-22,-72,-17,-71,-11,-75,-11,-85,-11,-88,-6,-85,-18,-24,-52,-75,-55,-74,-58,-71,-59,-68,-58,-65,-58,-63,-58,-61,-58,-61,-59,-56,-62,-52,-64,-48,-61,-41,-59,-42,-65,-48,-72,-51,-72,-57,-63,-63,-57,-64,-53,-63,-43,-57,-41,-50,-40,-44,-36,-38,-33,-36,-29,-33,-26,-31,-25,-22,-22,-19,-5,-3,-2,-1,-1,0,0,0,0,-1,-2,-2,-6,-2,-29,-13,-30,-9,-23,-18,-24,-21,-22,-31,-21,-43,-25,-47,-29,-48,-28,-51,-33,-53,-36,-57,-33,-62,-31,-65,-31,-63,-25,-63,-26,-69,-27,-74,-31,-79,-30,-80,-28,-75,-23,-72,-21,-72,-20,-73,-25,-71,-32,-68,-42,-66,-47,-65,-47,-62]"
CSI_DATA,16428,1a:00:00:00:00:00,0,11,1,0,0,1,1,0,0,0,0,-96,0,6,0,54195590,0,47,1,256,1,"[47,-16,2,0,-77,-60,-87,-61,-92,-56,-79,-46,-73,-42,-77,-45,-73,-45,-68,-39,-76,-33,-88,-36,-82,-38,-77,-38,-86,-45,-94,-51,-87,-48,-75,-42,-76,-40,-73,-40,-62,-40,-60,-41,-60,-37,-51,-31,-37,-28,-28,-17,-26,-9,-7,-2,0,0,0,0,0,0,0,0,0,0,0,0,0,0,0,0,0,0,-8,-9,-29,-22,-26,-11,-32,-25,-37,-39,-30,-32,-30,-25,-40,-31,-49,-38,-57,-45,-57,-53,-57,-58,-63,-59,-60,-57,-55,-54,-62,-62,-65,-77,-53,-74,-44,-60,-47,-58,-53,-57,-52,-53,-45,-54,-51,-56,-70,-57,-77,-58,-70,-58,-9,-24,-39,-72,-43,-74,-47,-72,-51,-67,-49,-64,-48,-63,-46,-58,-45,-58,-47,-60,-50,-60,-50,-59,-50,-57,-50,-58,-55,-57,-60,-58,-61,-62,-53,-61,-48,-60,-45,-64,-40,-57,-35,-52,-31,-46,-29,-41,-26,-40,-20,-35,-18,-30,5,-37,8,-34,2,-8,1,-3,-1,0,-1,1,0,0,1,-2,2,-7,12,-40,5,-37,-14,-26,-14,-30,-15,-38,-15,-46,-15,-46,-20,-46,-26,-46,-25,-48,-25,-54,-20,-62,-18,-64,-15,-64,-12,-63,-11,-67,-16,-67,-17,-73,-14,-75,-11,-71,-12,-67,-18,-65,-22,-64,-22,-65,-23,-63,-27,-64,-31,-68,-33,-70]"
CSI_DATA,16429,1a:00:00:00:00:00,-1,11,1,0,0,1,1,0,0,0,0,-96,0,6,0,54199833,0,47,1,256,1,"[47,-16,2,0,80,-47,81,-59,71,-68,70,-61,70,-54,67,-56,64,-54,55,-47,57,-50,68,-61,67,-55,67,-46,73,-50,71,-62,72,-62,79,-50,82,-55,72,-52,59,-38,57,-37,51,-34,49,-26,51,-25,35,-25,21,-18,5,-4,0,0,0,0,0,0,0,0,0,0,0,0,0,0,0,0,0,0,8,-7,29,-28,23,-22,37,-20,54,-29,46,-28,33,-31,33,-37,41,-40,54,-43,67,-34,78,-24,82,-24,76,-21,71,-20,73,-30,83,-33,83,-18,75,-9,82,-22,79,-32,65,-30,58,-23,61,-22,75,-35,86,-41,88,-32,27,-4,84,-19,84,-19,81,-24,74,-29,71,-31,69,-36,67,-39,68,-39,71,-38,73,-35,74,-34,71,-30,70,-26,72,-30,72,-36,78,-41,79,-37,71,-38,61,-39,56,-33,57,-27,53,-21,50,-16,49,-16,43,-14,40,-14,41,-5,40,-5,7,-2,2,-1,0,0,-2,-1,0,0,3,1,8,2,47,15,36,12,22,-8,25,-5,34,-2,47,-1,51,-5,51,-12,49,-19,51,-20,59,-20,69,-11,73,-1,69,5,67,7,71,8,70,6,74,7,77,10,74,8,71,0,70,-10,69,-13,69,-11,69,-7,76,-10,81,-10,78,-10]"
CSI_DATA,16430,1a:00:00:00:00:00,0,11,1,0,0,1,1,0,0,0,0,-96,0,6,0,54200029,0,47,1,256,1,"[47,-16,2,0,47,-85,43,-77,45,-69,48,-69,45,-77,40,-81,32,-84,30,-91,41,-98,42,-91,36,-70,37,-56,37,-68,30,-90,24,-102,25,-101,27,-87,26,-75,25,-71,25,-71,24,-64,23,-61,18,-63,18,-47,28,-37,8,-10,0,0,0,0,0,0,0,0,0,0,0,0,0,0,0,0,0,0,6,-6,20,-17,21,-17,36,-29,43,-41,40,-44,38,-46,37,-50,32,-48,41,-48,65,-52,83,-45,88,-34,83,-32,71,-33,68,-37,76,-39,74,-40,65,-49,61,-51,60,-43,53,-43,56,-53,71,-57,78,-56,73,-54,68,-52,2,-32,17,-75,21,-66,22,-53,23,-46,21,-47,14,-58,5,-71,-1,-82,0,-81,7,-88,11,-91,12,-72,13,-58,9,-52,1,-47,-2,-46,-1,-58,-2,-70,-2,-77,-1,-70,0,-68,4,-61,9,-50,12,-50,15,-42,19,-30,5,-26,-1,-21,-1,-4,-1,-1,-1,1,-1,0,-1,-1,0,-1,2,-3,11,-19,9,-21,14,-22,19,-24,28,-28,30,-34,24,-38,21,-44,19,-47,19,-50,30,-54,47,-55,59,-54,58,-48,57,-48,55,-52,54,-56,55,-56,53,-60,46,-61,41,-58,36,-53,35,-57,35,-62,41,-67,45,-68,49,-69,49,-66]"
CSI_DATA,16431,1a:00:00:00:00:00,0,11,1,0,0,1,1,0,0,0,0,-96,0,6,0,54207529,0,47,1,256,1,"[47,-16,2,0,-37,-99,-34,-94,-26,-84,-29,-87,-38,-91,-40,-86,-43,-84,-40,-82,-34,-81,-35,-81,-34,-78,-33,-80,-36,-82,-41,-88,-55,-99,-52,-98,-32,-88,-26,-79,-27,-72,-28,-68,-26,-56,-28,-46,-33,-48,-22,-50,-12,-54,-3,-15,0,0,0,0,0,0,0,0,0,0,0,0,0,0,0,0,0,0,0,-8,0,-29,-5,-33,-10,-46,-13,-53,-14,-52,-18,-59,-27,-62,-30,-54,-25,-57,-22,-71,-13,-87,0,-95,4,-91,1,-84,0,-82,4,-89,0,-93,-7,-85,-5,-80,0,-76,-2,-74,-6,-78,-4,-82,-5,-87,-13,-93,-19,-96,-13,-25,-38,-84,-37,-86,-34,-85,-30,-83,-31,-82,-35,-82,-37,-77,-40,-74,-42,-74,-41,-78,-39,-78,-32,-75,-32,-81,-39,-85,-47,-85,-53,-89,-48,-85,-41,-80,-36,-76,-30,-72,-27,-67,-22,-56,-20,-49,-24,-50,-18,-48,-11,-42,-14,-29,-14,-22,-3,-3,-1,0,-1,-1,0,1,-1,-1,-2,-3,-2,-6,-11,-35,-9,-31,-8,-29,-7,-31,-7,-39,-11,-44,-18,-45,-26,-51,-28,-54,-28,-54,-22,-59,-15,-68,-9,-80,-7,-82,-5,-82,-4,-86,-3,-87,-3,-88,-8,-88,-14,-80,-13,-76,-12,-73,-10,-75,-12,-79,-14,-83,-14,-86,-16,-90,-19,-89]"
CSI_DATA,16432,1a:00:00:00:00:00,-1,11,1,0,0,1,1,0,0,0,0,-96,0,6,0,54257584,0,47,1,256,1,"[47,-16,2,0,-9,-98,-19,-94,-35,-87,-30,-86,-18,-84,-19,-81,-21,-82,-22,-81,-30,-85,-39,-87,-35,-74,-24,-70,-22,-79,-31,-87,-31,-96,-16,-100,-11,-94,-11,-82,-8,-69,-7,-67,-8,-61,-8,-59,-9,-59,-10,-40,-9,-25,-2,-7,0,0,0,0,0,0,0,0,0,0,0,0,0,0,0,0,0,0,-4,-10,-17,-35,-13,-34,-5,-50,-5,-63,-6,-55,-8,-49,-10,-53,-13,-57,-17,-63,-12,-74,-3,-85,3,-87,5,-82,5,-77,2,-81,4,-91,14,-87,18,-76,12,-79,7,-75,8,-67,8,-70,1,-74,-10,-85,-13,-93,-7,-93,-2,-28,-7,-89,-7,-90,-7,-88,-11,-79,-12,-74,-10,-78,-10,-80,-10,-79,-15,-82,-20,-84,-27,-84,-27,-75,-22,-79,-21,-75,-23,-68,-23,-61,-17,-56,-12,-56,-7,-66,2,-70,4,-73,0,-58,-5,-53,-8,-54,-8,-47,-11,-39,-6,-37,-8,-33,-3,-6,-2,-2,-1,0,-1,1,0,-1,-1,-3,-2,-8,-7,-37,-10,-33,-14,-27,-12,-29,-6,-38,-1,-50,-1,-55,-3,-59,-1,-60,-1,-62,-1,-65,0,-72,1,-78,1,-77,8,-73,13,-74,15,-77,16,-83,20,-85,20,-79,19,-75,15,-70,15,-69,11,-73,6,-77,-2,-81,-7,-85,-12,-84]"
CSI_DATA,16434,1a:00:00:00:00:00,0,11,1,0,0,1,1,0,0,0,0,-96,0,6,0,54258832,0,47,1,256,1,"[47,-16,2,0,99,-5,95,-5,91,-3,90,-1,91,-2,90,-4,87,-13,89,-21,98,-18,94,-16,76,-12,69,-4,79,-9,88,-25,95,-36,98,-33,89,-22,78,-18,73,-16,73,-14,70,-12,66,-12,60,-15,44,-6,39,5,10,1,0,0,0,0,0,0,0,0,0,0,0,0,0,0,0,0,0,0,7,2,25,8,23,7,37,10,50,11,52,7,55,4,59,5,56,4,63,9,75,24,78,40,77,50,74,48,71,41,75,40,79,41,76,34,76,22,76,20,69,27,64,23,72,17,82,24,87,29,89,28,89,26,8,-22,39,-36,45,-25,45,-14,45,-6,45,-8,40,-20,35,-36,31,-52,31,-49,34,-48,31,-54,25,-42,28,-27,34,-17,36,-17,36,-24,33,-29,28,-41,30,-50,32,-43,32,-39,30,-35,26,-29,25,-30,22,-22,20,-9,8,-19,4,-11,0,-2,-1,1,-1,0,-1,1,0,-1,-1,-3,1,-6,8,-30,6,-24,13,-7,16,-7,21,-4,25,-9,25,-15,27,-20,30,-19,33,-22,39,-23,45,-21,47,-20,41,-19,40,-19,43,-19,47,-20,47,-17,50,-21,48,-23,44,-20,40,-15,43,-20,45,-24,45,-28,44,-30,47,-31,46,-27]"
CSI_DATA,16435,1a:00:00:00:00:00,0,11,1,0,0,1,1,0,0,0,0,-96,0,6,0,54273562,0,47,1,256,1,"[47,-16,2,0,-71,-72,-64,-71,-51,-72,-61,-77,-76,-73,-73,-65,-70,-59,-63,-54,-52,-58,-51,-70,-49,-77,-48,-81,-50,-80,-52,-83,-66,-89,-69,-81,-50,-76,-40,-69,-39,-60,-37,-60,-28,-50,-28,-38,-34,-38,-25,-46,-19,-57,-6,-16,0,0,0,0,0,0,0,0,0,0,0,0,0,0,0,0,0,0,-6,-6,-25,-22,-31,-19,-41,-25,-42,-29,-40,-26,-56,-28,-67,-19,-60,-8,-56,-19,-61,-37,-65,-59,-62,-75,-55,-75,-52,-71,-52,-70,-49,-78,-53,-77,-56,-64,-51,-61,-46,-61,-45,-60,-45,-60,-43,-62,-45,-75,-52,-82,-61,-80,0,-21,-7,-70,-3,-73,2,-74,5,-68,0,-61,-7,-62,-9,-64,-7,-61,-4,-64,-1,-70,4,-68,8,-66,7,-69,2,-75,-4,-70,-9,-66,-10,-66,-4,-71,-3,-67,0,-66,3,-63,10,-54,10,-44,8,-42,9,-37,10,-32,17,-7,9,-3,1,-1,-1,1,-2,0,-1,0,0,-1,1,-2,2,-4,14,-19,9,-19,-7,-16,-5,-18,-8,-25,-6,-30,-8,-31,-17,-35,-17,-38,-8,-40,2,-42,7,-47,8,-53,9,-52,15,-52,14,-57,15,-63,13,-66,9,-67,5,-60,3,-57,-1,-54,0,-56,2,-59,7,-63,12,-66,13,-68,9,-63]"
CSI_DATA,16436,1a:00:00:00:00:00,-1,11,1,0,0,1,1,0,0,0,0,-96,0,6,0,54273731,0,47,1,256,1,"[47,-16,2,0,-58,84,-52,83,-48,75,-50,69,-53,73,-52,76,-46,77,-45,80,-53,83,-49,82,-39,70,-45,58,-50,65,-42,81,-40,96,-47,99,-47,82,-45,67,-45,60,-44,58,-38,57,-35,57,-33,55,-29,39,-30,29,-8,7,0,0,0,0,0,0,0,0,0,0,0,0,0,0,0,0,0,0,-6,7,-17,24,-14,24,-23,36,-31,44,-32,44,-33,46,-34,51,-30,49,-37,52,-59,58,-77,54,-85,46,-81,42,-71,40,-70,42,-75,45,-73,47,-66,52,-63,54,-61,44,-56,41,-58,50,-69,55,-72,59,-68,60,-66,55,7,15,10,54,9,60,10,60,7,59,7,57,8,57,10,55,13,54,14,55,10,59,12,59,15,55,14,57,15,60,19,63,19,67,13,62,14,56,12,54,7,51,5,47,2,41,1,37,2,38,-1,33,-5,24,18,23,14,15,1,1,-1,-2,0,-1,-2,-2,0,0,1,1,4,5,22,30,18,26,3,21,1,24,-5,29,-3,34,4,34,8,35,6,35,7,36,5,42,-4,48,-10,54,-7,51,-6,51,-6,54,-7,54,-10,53,-11,55,-9,52,-9,49,-10,44,-9,47,-9,50,-8,53,-6,57,-6,60,-6,56]"
CSI_DATA,16437,1a:00:00:00:00:00,0,11,1,0,0,1,1,0,0,0,0,-96,0,6,0,54273891,0,47,1,256,1,"[47,-16,2,0,-58,75,-61,84,-62,79,-57,74,-58,75,-63,73,-60,65,-46,57,-36,63,-37,78,-38,79,-40,79,-44,81,-51,85,-53,87,-51,82,-58,79,-60,68,-52,55,-49,55,-40,50,-25,45,-23,47,-26,46,-26,40,-7,9,0,0,0,0,0,0,0,0,0,0,0,0,0,0,0,0,0,0,-9,6,-29,24,-21,25,-32,31,-41,32,-35,29,-35,36,-36,45,-37,44,-47,46,-54,52,-62,60,-69,65,-66,62,-63,58,-67,55,-75,51,-69,47,-58,45,-62,43,-68,42,-68,41,-63,38,-57,45,-59,65,-59,75,-55,71,-4,20,-16,66,-19,72,-21,74,-15,69,-9,64,-4,58,0,55,1,55,3,61,1,68,-5,69,-5,65,-6,64,-5,65,-5,67,-6,72,-8,68,-9,65,-5,58,6,53,6,50,2,47,0,43,-4,44,-13,39,-19,36,-4,32,-8,30,-2,6,-2,2,-1,-1,0,-2,-1,0,-1,1,-2,6,-2,35,3,31,-2,26,-5,33,-12,39,-20,40,-17,39,-14,41,-14,44,-16,47,-21,49,-29,53,-36,59,-40,59,-39,58,-39,58,-41,57,-46,55,-43,58,-36,56,-31,52,-27,48,-26,50,-24,53,-26,59,-32,64,-33,68,-28,67]"
CSI_DATA,16439,1a:00:00:00:00:00,-1,11,1,0,0,1,1,0,0,0,0,-96,0,6,0,54300967,0,47,1,256,1,"[47,-16,2,0,14,-90,10,-101,9,-109,10,-100,10,-96,12,-101,14,-94,10,-77,9,-77,12,-89,14,-90,17,-89,14,-94,4,-101,2,-104,12,-99,17,-98,16,-86,16,-71,15,-70,12,-62,15,-48,16,-46,9,-45,6,-39,1,-9,0,0,0,0,0,0,0,0,0,0,0,0,0,0,0,0,0,0,3,-12,5,-42,1,-36,13,-46,18,-56,7,-47,-3,-47,-4,-52,1,-56,13,-67,29,-70,41,-72,42,-80,39,-80,36,-78,35,-83,37,-87,36,-76,31,-64,32,-72,32,-81,28,-77,28,-66,29,-66,32,-87,34,-95,38,-83,5,-27,15,-85,11,-87,8,-88,5,-87,5,-84,6,-81,7,-84,7,-85,1,-86,-4,-87,-4,-86,-5,-81,-4,-76,-5,-80,-7,-87,-5,-92,4,-89,10,-86,12,-80,9,-70,6,-65,7,-59,8,-50,7,-49,8,-48,9,-46,6,-36,6,-34,1,-7,0,-3,-1,0,-1,0,0,0,1,-2,0,-6,0,-29,-6,-29,-8,-34,-6,-40,2,-48,10,-54,8,-52,3,-52,2,-53,5,-57,10,-64,19,-71,22,-75,22,-74,23,-70,24,-71,27,-72,31,-73,32,-73,28,-68,26,-67,26,-68,26,-71,24,-72,23,-74,21,-81,18,-83,15,-80]"
CSI_DATA,16440,1a:00:00:00:00:00,0,11,1,0,0,1,1,0,0,0,0,-96,0,6,0,54301493,0,47,1,256,1,"[47,-16,2,0,-101,-31,-98,-24,-84,-17,-88,-21,-90,-31,-82,-35,-81,-28,-82,-16,-82,-9,-86,-3,-84,2,-83,-1,-85,-5,-87,2,-106,8,-111,0,-94,-14,-77,-21,-67,-23,-67,-21,-61,-15,-58,-1,-63,10,-51,0,-42,-11,-11,-4,0,0,0,0,0,0,0,0,0,0,0,0,0,0,0,0,0,0,-7,-4,-27,-13,-33,-14,-42,-19,-39,-25,-37,-29,-50,-36,-55,-40,-49,-34,-50,-32,-61,-33,-73,-46,-73,-61,-68,-59,-68,-57,-65,-60,-65,-61,-74,-56,-73,-48,-62,-51,-45,-57,-40,-56,-52,-50,-59,-43,-68,-38,-81,-36,-89,-38,-20,-20,-65,-61,-67,-60,-67,-58,-65,-57,-68,-57,-70,-58,-66,-52,-66,-45,-65,-40,-65,-43,-63,-45,-57,-45,-60,-52,-66,-52,-71,-46,-80,-46,-76,-47,-70,-49,-67,-50,-58,-46,-52,-43,-41,-37,-35,-30,-37,-24,-32,-26,-24,-26,-15,-27,-11,-22,-2,-3,0,-1,-1,-1,0,0,-1,-1,-1,-2,-3,-5,-16,-27,-17,-23,-20,-20,-21,-26,-24,-34,-26,-39,-32,-38,-44,-38,-47,-38,-44,-36,-42,-41,-42,-50,-43,-64,-44,-69,-42,-69,-43,-75,-40,-76,-41,-76,-46,-72,-49,-64,-44,-62,-40,-61,-37,-63,-42,-66,-46,-65,-50,-67,-54,-70,-57,-69]"
CSI_DATA,16441,1a:00:00:00:00:00,0,11,1,0,0,1,1,0,0,0,0,-96,0,6,0,54328344,0,47,1,256,1,"[47,-16,2,0,20,98,14,92,0,87,2,93,17,98,24,93,27,90,22,84,8,82,0,86,-5,90,-9,94,-8,95,-7,39,6,-7,13,46,-4,86,-12,76,-8,72,-9,72,-10,60,-3,48,4,48,-6,50,-16,57,-5,15,0,0,0,0,0,0,0,0,0,0,0,0,0,0,0,0,0,0,0,8,6,31,15,30,22,41,20,45,20,40,32,51,47,51,46,41,36,48,30,65,20,84,8,95,5,92,5,87,0,86,-8,93,-1,96,11,84,8,76,4,74,5,75,7,76,4,78,-3,88,-4,96,1,98,-14,13,-41,52,-46,53,-50,50,-53,50,-50,53,-41,53,-36,51,-35,46,-41,47,-46,50,-48,48,-52,45,-54,47,-55,53,-54,44,-54,32,-45,42,-47,50,-47,46,-48,45,-48,41,-47,30,-38,22,-34,24,-31,20,-27,13,-19,-13,-11,-14,-2,-3,0,-2,1,0,1,-1,-1,-1,-2,0,-5,0,-25,6,-20,9,-6,16,-9,16,-9,23,-14,26,-14,27,-10,33,-13,34,-21,31,-32,30,-39,33,-42,39,-42,38,-46,34,-48,36,-53,40,-53,43,-50,45,-42,40,-39,39,-34,39,-36,40,-39,42,-46,44,-52,43,-54,44,-49,44]"
CSI_DATA,16442,1a:00:00:00:00:00,0,11,1,0,0,1,1,0,0,0,0,-96,0,6,0,54345175,0,47,1,256,1,"[47,-16,2,0,-75,69,-76,61,-75,44,-71,36,-76,41,-80,47,-72,55,-69,61,-74,66,-67,69,-55,62,-61,49,-78,44,-85,58,-79,77,-72,76,-71,53,-73,34,-72,29,-72,31,-69,28,-55,32,-42,43,-41,37,-48,24,-13,5,0,0,0,0,0,0,0,0,0,0,0,0,0,0,0,0,0,0,-7,5,-20,17,-16,22,-26,37,-28,40,-26,39,-34,51,-37,54,-36,43,-51,45,-64,60,-68,63,-73,56,-71,54,-67,49,-78,36,-90,32,-84,40,-72,46,-69,34,-72,21,-70,27,-70,40,-75,50,-78,57,-76,55,-71,49,-19,-7,-64,-11,-63,-7,-61,-9,-58,-16,-54,-17,-61,-13,-65,-6,-60,-5,-57,-2,-58,-2,-54,-8,-46,-16,-53,-24,-65,-23,-69,-14,-66,-8,-58,-7,-58,-11,-61,-14,-58,-15,-54,-14,-43,-14,-32,-13,-26,-8,-23,-8,-21,-9,-11,-28,-9,-21,-2,-3,-1,0,-1,0,0,0,-1,0,-1,-2,-3,-6,-19,-25,-21,-22,-23,-4,-23,-5,-27,-2,-28,-3,-30,1,-37,10,-44,13,-47,5,-50,-2,-49,-3,-49,-9,-47,-14,-44,-18,-49,-25,-55,-28,-60,-26,-59,-19,-53,-11,-50,-11,-52,-12,-52,-13,-54,-12,-55,-10,-56,-12,-56,-16,-54,-18]"
CSI_DATA,16443,1a:00:00:00:00:00,-1,11,1,0,0,1,1,0,0,0,0,-96,0,6,0,54350458,0,47,1,256,1,"[47,-16,2,0,89,29,101,28,108,20,101,18,93,17,94,12,88,9,77,8,79,19,89,30,85,33,79,35,84,34,95,24,96,19,88,30,89,35,84,25,71,18,66,19,61,20,52,26,42,29,32,22,27,15,6,3,0,0,0,0,0,0,0,0,0,0,0,0,0,0,0,0,0,0,10,1,38,0,32,-1,42,11,52,17,45,10,46,-1,52,-7,56,-6,67,4,72,27,71,50,71,54,67,47,65,40,73,40,83,45,74,45,62,42,70,41,79,32,75,22,66,23,66,34,82,44,87,48,77,49,22,14,75,40,80,39,83,37,85,33,83,35,78,37,75,37,75,35,76,27,82,21,87,21,90,19,76,21,67,23,60,21,58,21,56,27,62,31,69,34,69,31,59,29,50,28,44,25,41,22,38,21,37,23,32,17,28,14,6,3,1,0,-1,-2,-1,-2,-1,0,0,2,3,5,23,25,25,17,33,2,34,7,40,18,44,30,44,31,45,27,46,27,48,30,52,34,57,44,62,47,62,47,59,45,63,50,63,54,64,60,61,62,56,58,54,51,55,47,54,42,57,40,62,41,73,44,79,46,77,45]"
CSI_DATA,16444,1a:00:00:00:00:00,-1,11,1,0,0,1,1,0,0,0,0,-96,0,6,0,54350635,0,47,1,256,1,"[47,-16,2,0,-51,-92,-53,-74,-52,-58,-49,-61,-54,-69,-60,-73,-63,-72,-69,-74,-70,-77,-66,-68,-57,-59,-51,-59,-57,-59,-70,-61,-82,-69,-76,-74,-57,-65,-48,-56,-46,-52,-48,-49,-46,-46,-45,-44,-50,-44,-38,-34,-25,-30,-6,-8,0,0,0,0,0,0,0,0,0,0,0,0,0,0,0,0,0,0,-5,-10,-17,-32,-13,-32,-13,-49,-19,-64,-17,-62,-17,-51,-26,-48,-33,-51,-31,-60,-27,-77,-16,-90,-3,-92,1,-87,-4,-78,-12,-76,-10,-86,-4,-87,-7,-80,-12,-73,-11,-67,-11,-69,-16,-82,-18,-88,-23,-87,-30,-84,-31,-83,-17,-22,-52,-74,-55,-74,-54,-66,-53,-57,-53,-55,-52,-63,-50,-67,-53,-65,-60,-64,-66,-65,-66,-59,-59,-50,-56,-50,-63,-49,-72,-49,-82,-53,-79,-55,-70,-55,-62,-57,-54,-58,-47,-54,-43,-47,-44,-41,-48,-37,-42,-31,-32,-25,-32,-10,-26,-3,-4,0,-2,1,-1,0,0,1,0,-1,-1,-4,-3,-8,-11,-40,-13,-32,-16,-27,-13,-27,-12,-35,-18,-47,-22,-50,-26,-50,-25,-54,-25,-58,-21,-64,-18,-73,-16,-79,-14,-78,-9,-77,-12,-78,-15,-79,-18,-80,-20,-83,-21,-78,-20,-73,-19,-70,-19,-73,-21,-78,-25,-81,-30,-81,-34,-81,-36,-76]"
CSI_DATA,16445,1a:00:00:00:00:00,-1,11,1,0,0,1,1,0,0,0,0,-96,0,6,0,54350859,0,47,1,256,1,"[47,-16,2,0,-19,-97,-26,-93,-37,-83,-37,-78,-40,-76,-45,-73,-43,-72,-42,-74,-42,-83,-40,-87,-28,-74,-27,-64,-43,-70,-54,-77,-53,-84,-45,-90,-45,-83,-47,-67,-44,-58,-43,-58,-41,-54,-38,-53,-34,-56,-23,-42,-13,-34,-3,-9,0,0,0,0,0,0,0,0,0,0,0,0,0,0,0,0,0,0,0,-11,0,-36,1,-29,10,-43,13,-63,10,-59,4,-51,-7,-55,-15,-59,-14,-67,2,-80,23,-89,34,-85,37,-74,26,-66,9,-74,13,-86,25,-81,23,-74,10,-79,-1,-76,-3,-68,3,-71,8,-79,9,-86,5,-89,2,-88,-11,-27,-28,-84,-30,-87,-36,-84,-41,-80,-41,-79,-42,-78,-42,-72,-42,-70,-45,-68,-49,-69,-52,-67,-47,-58,-45,-56,-52,-59,-60,-63,-64,-70,-58,-74,-53,-75,-50,-74,-40,-65,-36,-57,-34,-50,-34,-46,-35,-45,-31,-39,-26,-32,-25,-22,-21,-15,-5,-2,-2,0,-1,0,0,1,0,-1,-1,-4,-3,-8,-11,-41,-16,-35,-9,-28,-11,-27,-4,-35,2,-48,0,-54,-3,-58,-4,-61,-7,-62,-7,-65,-3,-71,4,-76,4,-75,7,-72,5,-75,3,-77,2,-82,2,-86,1,-83,0,-79,-1,-76,0,-73,-1,-74,-5,-76,-12,-78,-16,-80,-20,-80]"
CSI_DATA,16446,1a:00:00:00:00:00,-1,11,1,0,0,1,1,0,0,0,0,-96,0,6,0,54398607,0,47,1,256,1,"[47,-16,2,0,95,17,105,6,108,-9,96,-7,90,-2,95,0,93,5,82,5,84,-2,97,-7,95,-3,89,1,94,1,100,-4,98,1,91,12,93,10,88,7,74,6,70,6,68,6,61,12,54,18,41,6,31,-3,7,-1,0,0,0,0,0,0,0,0,0,0,0,0,0,0,0,0,0,0,11,0,38,-6,31,-9,47,3,64,9,51,4,41,0,51,0,63,1,74,5,79,18,83,28,86,27,80,22,77,20,87,20,95,27,81,34,67,36,75,31,81,20,73,18,64,24,69,23,89,15,98,14,91,22,23,16,79,43,82,40,83,33,82,26,80,25,79,25,79,26,81,28,82,28,83,25,84,24,79,21,75,20,79,18,85,18,90,23,86,29,83,32,78,32,66,25,60,21,55,22,50,24,48,24,43,21,41,19,34,33,31,32,6,6,1,1,-1,-1,-1,-2,-1,0,0,3,4,6,25,37,25,29,29,7,30,10,37,18,45,28,46,29,46,26,49,24,53,25,58,29,62,39,61,45,58,47,53,47,55,50,58,50,62,53,61,56,57,54,56,47,58,41,59,40,59,43,60,43,68,42,73,42,72,41]"
CSI_DATA,16447,1a:00:00:00:00:00,0,11,1,0,0,1,1,0,0,0,0,-96,0,6,0,54405565,0,47,1,256,1,"[47,-16,2,0,30,-97,32,-87,30,-78,29,-77,27,-85,18,-90,9,-90,7,-93,10,-97,11,-92,13,-81,19,-76,23,-81,22,-94,13,-42,11,25,17,-20,16,-74,13,-73,12,-73,14,-65,10,-60,2,-62,7,-51,17,-46,5,-12,0,0,0,0,0,0,0,0,0,0,0,0,0,0,0,0,0,0,4,-7,15,-25,16,-29,25,-41,26,-46,21,-45,17,-52,11,-58,10,-54,22,-58,33,-75,44,-80,51,-76,49,-73,44,-65,50,-60,62,-64,58,-66,46,-64,44,-59,43,-57,38,-60,36,-67,40,-75,43,-81,39,-82,33,-81,3,-27,20,-90,25,-90,25,-85,23,-82,20,-83,15,-86,8,-84,5,-83,4,-83,6,-87,5,-84,6,-84,10,-77,13,-69,11,-62,6,-46,4,-28,8,-51,10,-78,9,-84,9,-70,10,-55,9,-49,6,-51,9,-45,14,-34,2,-26,3,-16,0,-1,0,0,-1,-1,-1,1,-1,-1,0,-3,3,-8,14,-44,10,-39,10,-34,12,-34,19,-40,22,-45,16,-47,12,-53,10,-56,11,-54,19,-57,29,-61,34,-68,33,-70,32,-69,38,-72,43,-66,49,-65,48,-66,39,-64,35,-62,33,-61,33,-63,32,-70,30,-74,30,-77,29,-80,24,-82]"
CSI_DATA,16448,1a:00:00:00:00:00,0,11,1,0,0,1,1,0,0,0,0,-96,0,6,0,54405792,0,47,1,256,1,"[47,-16,2,0,70,74,70,81,56,84,45,74,48,74,50,78,49,71,48,62,59,58,73,53,72,48,66,57,65,73,70,78,74,68,71,57,60,57,45,63,35,67,36,67,40,58,44,40,48,24,43,27,32,36,6,9,0,0,0,0,0,0,0,0,0,0,0,0,0,0,0,0,0,0,4,9,15,30,18,18,28,25,28,36,27,35,34,37,36,40,28,46,35,59,51,66,57,68,56,72,54,69,47,66,40,79,36,93,37,82,40,66,33,68,23,76,23,73,27,66,40,65,59,70,64,73,59,71,0,25,8,86,9,86,10,86,10,81,11,72,16,77,21,78,20,76,19,73,19,73,13,70,4,69,1,77,8,85,16,78,19,67,19,64,17,69,13,70,11,69,9,66,2,57,-3,45,-1,39,-1,36,-6,34,-23,15,-20,4,-4,-1,-2,-2,0,-1,0,-2,-1,0,-2,1,-5,5,-22,31,-15,29,6,28,7,29,8,36,4,42,4,41,12,44,15,49,11,55,7,63,2,64,-4,65,-6,63,-9,64,-13,72,-14,80,-13,82,-8,77,-1,68,1,67,0,70,-1,73,0,73,2,72,1,75,-3,76,-6,73]"
CSI_DATA,16449,1a:00:00:00:00:00,0,11,1,0,0,1,1,0,0,0,0,-96,0,6,0,54406911,0,47,1,256,1,"[47,-16,2,0,-105,24,-102,24,-92,18,-92,16,-93,17,-89,16,-89,20,-82,25,-78,26,-81,26,-78,24,-80,22,-88,25,-90,33,-97,45,-97,43,-90,29,-81,21,-73,19,-72,18,-64,16,-54,21,-49,26,-49,13,-56,2,-16,0,0,0,0,0,0,0,0,0,0,0,0,0,0,0,0,0,0,0,-9,-3,-31,-7,-31,0,-40,3,-47,1,-49,7,-59,12,-63,12,-57,13,-61,11,-72,5,-84,-7,-92,-19,-90,-16,-88,-11,-90,-13,-90,-15,-85,-7,-80,4,-79,2,-75,-9,-72,-11,-75,-4,-76,-3,-83,-5,-93,0,-98,5,-19,13,-68,40,-73,40,-70,40,-60,38,-53,38,-54,36,-57,37,-56,38,-57,44,-57,46,-52,45,-49,44,-53,45,-61,50,-62,54,-64,54,-61,46,-56,40,-52,37,-50,40,-50,37,-46,31,-38,29,-36,31,-36,19,-37,6,-18,15,-15,9,-3,0,-1,-1,0,-1,0,-1,-1,0,-1,1,-5,4,-26,23,-23,22,-23,11,-26,12,-32,11,-36,10,-37,13,-43,15,-47,15,-50,17,-53,19,-58,18,-62,18,-59,18,-59,20,-65,20,-69,17,-70,11,-72,13,-67,15,-63,15,-59,12,-59,14,-62,21,-64,25,-63,24,-63,25,-62,27]"
CSI_DATA,16450,1a:00:00:00:00:00,0,11,1,0,0,1,1,0,0,0,0,-96,0,6,0,54407098,0,47,1,256,1,"[47,-16,2,0,66,86,62,74,56,58,58,67,62,76,61,71,64,66,67,65,65,66,68,59,64,51,58,55,60,61,67,61,88,69,90,75,67,66,49,55,43,51,43,52,39,46,46,39,55,39,38,38,26,42,7,11,0,0,0,0,0,0,0,0,0,0,0,0,0,0,0,0,0,0,4,6,16,23,19,25,26,38,28,48,25,50,30,56,37,56,35,48,31,51,38,66,39,83,29,90,24,86,25,79,24,80,20,89,22,89,27,82,27,77,19,68,19,63,28,70,30,73,36,73,44,74,45,77,1,26,13,83,12,80,7,74,3,69,9,72,13,76,14,73,16,69,19,67,19,68,20,68,15,71,10,66,11,59,15,41,20,32,19,39,14,54,11,65,6,71,4,58,5,48,8,43,13,42,8,40,2,37,-10,27,-5,17,0,1,0,-1,0,0,0,-2,-1,0,-1,2,-2,5,-10,34,-10,31,1,27,-1,28,-3,35,-2,42,2,44,8,50,11,53,10,53,8,56,7,61,2,71,-2,75,-9,73,-15,76,-17,75,-18,77,-16,76,-10,71,-10,67,-8,64,-8,62,-6,68,-3,71,0,72,7,74,12,75]"
CSI_DATA,16451,1a:00:00:00:00:00,-1,11,1,0,0,1,1,0,0,0,0,-96,0,6,0,54407510,0,47,1,256,1,"[47,-16,2,0,-42,88,-31,91,-16,94,-19,89,-28,83,-29,84,-29,83,-25,82,-22,88,-17,91,-15,79,-21,69,-22,76,-12,87,-18,99,-37,103,-39,91,-30,76,-29,64,-30,60,-27,59,-27,62,-28,64,-20,45,-15,29,-5,6,0,0,0,0,0,0,0,0,0,0,0,0,0,0,0,0,0,0,-3,11,-7,41,-5,36,-14,44,-23,53,-25,49,-24,51,-22,59,-20,60,-24,63,-40,72,-57,78,-61,74,-54,64,-46,58,-45,64,-52,74,-56,72,-55,64,-51,64,-44,59,-43,52,-47,56,-47,64,-42,75,-39,80,-43,75,-3,23,-12,76,-11,80,-7,80,-3,72,-2,68,-1,71,2,77,5,77,7,83,4,86,2,82,4,72,0,66,2,69,8,78,9,87,1,87,-1,82,-1,74,-2,61,-4,53,-3,51,-4,51,-6,53,-4,47,0,40,19,38,22,34,4,6,2,1,0,-1,0,-2,-1,-1,-2,3,-3,9,-13,46,-9,39,-8,28,-7,30,-13,35,-20,46,-19,51,-14,55,-10,53,-10,56,-14,60,-25,68,-37,71,-39,68,-37,62,-34,60,-34,62,-36,67,-38,72,-35,69,-31,65,-24,62,-24,64,-27,67,-28,72,-26,75,-27,75,-26,70]"
CSI_DATA,16452,1a:00:00:00:00:00,-1,11,1,0,0,1,1,0,0,0,0,-96,0,6,0,54454577,0,47,1,256,1,"[47,-16,2,0,-32,79,-32,93,-28,102,-30,95,-32,90,-30,92,-26,85,-22,69,-19,71,-18,89,-16,90,-21,87,-28,89,-25,95,-23,96,-26,90,-31,98,-30,90,-25,70,-24,66,-19,56,-15,41,-15,43,-11,44,-10,36,-4,7,0,0,0,0,0,0,0,0,0,0,0,0,0,0,0,0,0,0,-5,8,-12,33,-10,29,-24,37,-31,47,-18,41,-9,47,-14,54,-20,54,-26,57,-35,57,-46,66,-50,76,-46,74,-45,70,-52,71,-61,73,-60,62,-51,50,-55,62,-55,72,-45,67,-37,56,-35,58,-41,83,-44,94,-44,84,-20,4,-60,27,-64,27,-65,30,-63,36,-62,39,-58,40,-56,38,-57,36,-60,31,-60,29,-57,28,-52,28,-51,32,-52,39,-52,44,-58,43,-60,36,-62,36,-61,36,-56,34,-51,32,-47,24,-43,16,-39,17,-34,16,-34,14,-40,-18,-38,-23,-8,-5,-3,-3,0,-1,1,1,-1,-1,-2,-3,-7,-6,-39,-30,-36,-23,-19,8,-26,7,-33,9,-41,7,-41,5,-40,11,-43,19,-47,18,-52,15,-58,8,-59,3,-55,-2,-53,-6,-57,-3,-60,3,-63,5,-66,5,-63,5,-61,11,-60,19,-61,19,-60,14,-58,10,-57,14,-58,19,-56,20]"
CSI_DATA,16454,1a:00:00:00:00:00,0,11,1,0,0,1,1,0,0,0,0,-96,0,6,0,54454897,0,47,1,256,1,"[47,-16,2,0,57,85,53,78,40,80,44,87,55,81,58,72,61,71,56,72,39,78,29,84,24,85,26,85,38,84,51,88,69,93,67,87,45,76,36,68,34,64,34,64,30,55,26,46,24,46,12,47,7,53,2,14,0,0,0,0,0,0,0,0,0,0,0,0,0,0,0,0,0,0,1,7,10,28,17,29,22,41,24,46,28,42,36,49,47,50,50,39,43,46,32,66,18,88,4,100,2,94,10,85,16,84,17,94,21,94,28,83,26,76,23,71,25,67,26,71,18,79,10,89,12,95,16,97,14,23,46,80,45,81,40,76,35,76,40,78,48,75,49,67,51,67,48,66,43,68,42,68,39,67,41,75,46,80,52,82,56,84,51,78,46,71,43,68,40,65,34,62,25,50,23,44,24,43,15,41,7,41,11,25,4,18,-2,1,-1,-1,0,-1,-1,-2,-1,0,0,2,1,6,12,38,11,34,14,29,15,32,15,41,17,46,23,43,28,46,31,49,32,48,32,55,27,62,24,74,22,78,19,78,17,83,15,84,11,86,12,86,16,77,16,72,17,68,19,68,22,73,23,76,24,77,27,78,29,80]"
CSI_DATA,16455,1a:00:00:00:00:00,0,11,1,0,0,1,1,0,0,0,0,-96,0,6,0,54455138,0,47,1,256,1,"[47,-16,2,0,-93,2,-89,0,-80,-5,-81,-8,-91,-11,-92,-11,-84,-2,-82,5,-91,9,-91,19,-76,21,-71,5,-79,-3,-91,8,-42,22,21,18,-26,1,-76,-12,-72,-15,-71,-12,-63,-11,-59,-3,-63,12,-55,9,-47,-4,-12,-2,0,0,0,0,0,0,0,0,0,0,0,0,0,0,0,0,0,0,-8,0,-26,5,-31,7,-48,4,-50,-1,-50,-1,-64,1,-68,4,-54,2,-58,-4,-80,-2,-93,-1,-91,-12,-82,-16,-72,-17,-70,-24,-80,-30,-84,-23,-81,-19,-74,-28,-65,-35,-62,-30,-68,-21,-79,-17,-85,-12,-82,-7,-77,-7,-12,-18,-45,-50,-47,-49,-44,-51,-43,-55,-47,-57,-52,-57,-54,-51,-50,-45,-48,-40,-48,-41,-42,-43,-30,-46,-30,-56,-39,-59,-49,-51,-37,-51,-17,-53,-28,-55,-43,-53,-38,-48,-34,-44,-26,-37,-20,-30,-23,-22,-20,-20,-14,-19,5,-29,4,-25,0,-4,0,-1,-1,0,-1,1,-1,-1,0,-2,0,-5,-1,-28,-5,-26,-15,-14,-15,-17,-21,-23,-23,-27,-30,-27,-43,-26,-48,-26,-42,-30,-37,-38,-36,-40,-34,-46,-30,-49,-25,-52,-25,-59,-26,-63,-31,-65,-35,-60,-36,-52,-35,-52,-35,-52,-33,-52,-34,-54,-36,-54,-35,-57,-33,-59,-33,-56]"
CSI_DATA,16457,1a:00:00:00:00:00,0,11,1,0,0,1,1,0,0,0,0,-96,0,6,0,54503214,0,47,1,256,1,"[47,-16,2,0,-83,68,-70,63,-55,58,-62,61,-70,64,-65,61,-62,66,-61,74,-61,76,-55,77,-47,66,-48,58,-54,64,-56,75,-63,93,-69,93,-65,70,-56,54,-51,48,-52,49,-48,45,-40,49,-37,59,-35,42,-39,30,-11,7,0,0,0,0,0,0,0,0,0,0,0,0,0,0,0,0,0,0,-6,5,-21,19,-27,19,-42,25,-50,29,-49,30,-51,35,-50,41,-44,41,-48,40,-63,47,-80,46,-88,35,-83,31,-78,32,-78,31,-83,29,-84,32,-78,36,-75,33,-69,22,-66,21,-71,33,-75,38,-75,42,-75,50,-75,54,-24,15,-80,49,-83,47,-79,42,-76,38,-77,40,-76,42,-71,44,-68,47,-68,51,-71,53,-69,52,-64,45,-69,42,-74,50,-74,60,-77,68,-75,64,-72,55,-67,48,-64,40,-60,34,-52,29,-45,29,-43,33,-39,25,-35,16,-24,9,-16,8,-2,1,1,0,0,0,1,-1,-1,0,-3,1,-7,2,-37,11,-32,8,-24,9,-27,8,-37,10,-46,15,-48,21,-52,28,-54,29,-55,27,-60,23,-69,22,-80,19,-81,17,-80,12,-82,12,-84,11,-85,12,-87,15,-81,18,-76,17,-71,14,-72,14,-77,20,-82,24,-84,27,-85,29,-83,31]"
CSI_DATA,16458,1a:00:00:00:00:00,0,11,1,0,0,1,1,0,0,0,0,-96,0,6,0,54510200,0,47,1,256,1,"[47,-16,2,0,-68,-78,-69,-83,-57,-82,-48,-69,-49,-72,-50,-80,-50,-74,-49,-67,-58,-62,-71,-57,-74,-52,-72,-59,-72,-73,-74,-78,-74,-71,-70,-63,-60,-61,-47,-64,-38,-67,-40,-68,-45,-62,-46,-44,-46,-29,-42,-33,-36,-42,-8,-12,0,0,0,0,0,0,0,0,0,0,0,0,0,0,0,0,0,0,-5,-11,-18,-34,-23,-22,-30,-30,-28,-40,-25,-36,-31,-38,-32,-44,-27,-50,-33,-62,-48,-67,-56,-69,-58,-76,-56,-76,-49,-74,-41,-85,-36,-95,-36,-83,-37,-67,-31,-67,-23,-74,-23,-74,-27,-70,-38,-66,-56,-69,-62,-73,-58,-72,-11,-26,-41,-83,-43,-85,-43,-85,-42,-82,-43,-76,-46,-73,-47,-68,-46,-66,-46,-66,-47,-68,-43,-70,-38,-71,-38,-78,-43,-82,-49,-79,-51,-77,-47,-70,-44,-66,-41,-68,-39,-65,-36,-61,-28,-55,-22,-48,-20,-44,-15,-41,-8,-41,8,-29,13,-21,3,-4,1,-1,-1,0,0,1,-1,-1,0,-3,0,-8,-6,-39,-8,-32,-20,-30,-20,-32,-21,-38,-18,-43,-18,-42,-25,-43,-27,-45,-26,-50,-27,-61,-24,-68,-23,-72,-21,-74,-20,-76,-19,-81,-17,-86,-15,-88,-17,-82,-19,-74,-20,-71,-18,-72,-19,-74,-21,-74,-24,-73,-27,-77,-27,-83,-25,-84]"
CSI_DATA,16459,1a:00:00:00:00:00,0,11,1,0,0,1,1,0,0,0,0,-96,0,6,0,54510492,0,47,1,256,1,"[47,-16,2,0,75,-52,84,-56,91,-46,89,-46,87,-51,86,-48,78,-44,59,-40,55,-46,67,-59,67,-61,70,-60,76,-60,77,-63,74,-70,70,-67,82,-61,83,-49,68,-40,60,-40,47,-34,29,-31,25,-41,32,-42,37,-33,9,-7,0,0,0,0,0,0,0,0,0,0,0,0,0,0,0,0,0,0,9,0,34,-3,31,-9,44,-11,50,-11,43,-17,52,-29,55,-32,47,-24,56,-18,68,-22,82,-26,92,-25,87,-24,84,-23,87,-18,92,-13,82,-17,68,-24,79,-19,87,-10,81,-9,72,-12,71,-20,86,-34,93,-43,91,-47,21,4,75,7,76,9,79,9,77,7,71,3,74,-4,75,-7,71,-5,70,-1,71,0,68,0,66,2,70,0,76,-6,76,-13,76,-12,70,-8,71,-8,70,-8,67,-8,63,-7,53,0,40,4,37,2,34,2,31,6,5,26,-3,21,-1,4,-2,1,-1,-1,-1,-2,0,0,0,1,2,4,17,25,19,20,28,5,29,7,35,9,36,15,33,13,40,8,47,7,49,13,54,19,55,24,57,27,53,27,52,30,57,33,62,34,63,34,62,30,57,25,60,22,62,20,63,22,63,22,62,22,66,20,69,17,67,14]"
CSI_DATA,16460,1a:00:00:00:00:00,0,11,1,0,0,1,1,0,0,0,0,-96,0,6,0,54510697,0,47,1,256,1,"[47,-16,2,0,79,-60,82,-59,80,-51,81,-55,82,-58,78,-52,73,-51,60,-49,57,-44,70,-46,75,-46,79,-51,82,-54,82,-54,83,-67,80,-64,84,-46,82,-37,73,-34,69,-33,57,-26,43,-26,41,-31,47,-21,50,-15,12,-5,0,0,0,0,0,0,0,0,0,0,0,0,0,0,0,0,0,0,7,-5,29,-22,27,-27,36,-30,39,-27,32,-28,39,-43,38,-53,31,-49,42,-45,52,-47,68,-49,83,-46,82,-44,81,-43,84,-40,86,-37,77,-47,64,-48,67,-36,72,-29,73,-30,72,-32,69,-33,79,-37,87,-46,85,-53,23,-13,80,-45,81,-46,79,-44,71,-43,68,-44,72,-42,73,-37,70,-35,68,-37,66,-43,65,-46,65,-48,71,-52,76,-55,77,-55,78,-58,73,-50,73,-41,73,-34,69,-31,66,-24,55,-18,45,-19,42,-24,40,-16,39,-7,21,-11,18,-8,2,-1,0,-1,-1,0,-2,0,0,-1,1,-2,5,-3,32,-18,25,-17,23,-19,28,-20,36,-22,41,-22,38,-24,42,-31,45,-33,49,-30,57,-28,64,-27,70,-32,73,-33,74,-32,79,-33,82,-29,81,-25,80,-27,73,-26,71,-22,70,-18,72,-19,73,-25,74,-28,77,-30,80,-35,79,-38]"
CSI_DATA,16461,1a:00:00:00:00:00,0,11,1,0,0,1,1,0,0,0,0,-96,0,6,0,54510872,0,47,1,256,1,"[47,-16,2,0,-20,92,-20,101,-30,98,-34,85,-36,83,-41,85,-37,80,-27,71,-12,76,0,88,3,87,-1,88,-8,96,-9,104,-5,103,-2,94,-9,90,-24,80,-31,67,-27,67,-17,61,-2,48,10,46,9,48,-1,46,-2,11,0,0,0,0,0,0,0,0,0,0,0,0,0,0,0,0,0,0,-9,7,-28,28,-15,26,-21,37,-30,45,-22,42,-16,47,-21,49,-31,45,-41,54,-42,65,-40,73,-42,79,-41,77,-39,74,-48,76,-59,77,-51,68,-36,61,-43,61,-57,59,-55,55,-47,53,-39,62,-31,85,-29,95,-30,88,-20,16,-60,61,-59,62,-56,64,-54,65,-52,64,-48,65,-45,64,-45,64,-45,62,-43,63,-43,60,-44,57,-46,60,-44,69,-40,74,-40,77,-39,69,-39,66,-43,62,-41,58,-39,56,-36,47,-31,37,-25,34,-24,29,-27,25,-33,-4,-30,-9,-6,-3,-2,-2,0,0,1,0,-1,-1,-2,-1,-7,-2,-40,-3,-36,3,-28,21,-28,22,-33,26,-40,24,-38,23,-36,28,-39,33,-46,33,-54,34,-58,31,-60,29,-60,26,-61,25,-67,28,-71,33,-72,34,-69,35,-60,34,-60,36,-63,36,-64,38,-62,38,-58,40,-59,45,-62,47,-63,42]"
CSI_DATA,16462,1a:00:00:00:00:00,-1,11,1,0,0,1,1,0,0,0,0,-96,0,6,0,54527280,0,47,1,256,1,"[47,-16,2,0,-31,100,-17,45,0,-18,-1,29,-9,84,-15,90,-22,86,-23,82,-15,87,-9,94,-12,93,-13,92,-12,97,-12,100,-21,94,-30,85,-28,78,-25,75,-24,69,-26,67,-22,69,-21,62,-26,46,-17,31,-3,26,0,6,0,0,0,0,0,0,0,0,0,0,0,0,0,0,0,0,0,0,0,12,6,39,7,29,-4,45,-12,63,-13,53,-10,40,-4,49,2,64,3,75,-10,82,-24,84,-25,83,-23,78,-19,74,-16,85,-23,94,-30,77,-31,63,-25,68,-18,73,-25,70,-35,70,-33,79,-21,94,-15,98,-19,88,-23,8,-65,39,-63,43,-59,28,-55,10,-49,26,-46,44,-44,47,-49,48,-51,48,-50,46,-50,44,-50,41,-51,41,-48,46,-46,50,-53,52,-57,47,-56,43,-57,42,-50,40,-47,37,-43,30,-41,21,-40,17,-35,11,-32,9,-35,-16,-28,-19,-6,-4,-2,-2,0,-1,1,0,-1,-1,-3,-2,-8,-2,-46,-6,-38,-2,-11,15,-16,12,-25,16,-34,19,-37,21,-37,25,-34,32,-32,36,-34,39,-41,36,-46,28,-47,17,-48,13,-55,15,-53,19,-54,20,-58,18,-55,18,-50,21,-48,28,-48,33,-52,32,-49,33,-49,36,-51,33,-53,29]"
CSI_DATA,16465,1a:00:00:00:00:00,-1,11,1,0,0,1,1,0,0,0,0,-96,0,6,0,54549639,0,47,1,256,1,"[47,-16,2,0,89,-27,80,-38,74,-51,80,-42,84,-25,82,-21,81,-22,75,-28,70,-45,70,-63,63,-58,62,-45,70,-44,74,-59,83,-66,85,-51,77,-37,72,-26,67,-17,66,-17,58,-19,51,-22,46,-27,29,-25,25,-21,7,-5,0,0,0,0,0,0,0,0,0,0,0,0,0,0,0,0,0,0,9,-3,33,-15,31,-14,43,-9,56,-7,48,-5,46,-5,55,-2,61,0,63,-5,68,-9,80,-12,84,-10,80,-8,78,-6,83,-7,91,-9,87,-3,75,6,76,8,72,10,64,13,64,8,67,-6,78,-24,89,-31,92,-22,27,4,86,8,84,5,80,1,76,-4,80,-3,84,-3,83,-4,83,-6,84,-7,82,-6,76,-6,68,-5,67,-2,74,-7,80,-17,90,-22,88,-17,75,-12,64,-9,61,-5,61,-2,56,-1,53,-2,52,-4,45,-1,40,-3,39,6,33,0,6,-1,1,-2,0,-1,-2,-2,-1,0,2,2,5,5,26,30,22,24,21,3,26,4,34,10,45,16,50,17,54,15,54,14,55,15,57,17,61,24,63,32,61,36,56,38,59,39,61,36,69,34,73,35,70,34,67,30,65,27,65,28,66,27,67,26,70,23,75,23,74,23]"
CSI_DATA,16466,1a:00:00:00:00:00,0,11,1,0,0,1,1,0,0,0,0,-96,0,6,0,54573079,0,47,1,256,1,"[47,-16,2,0,-20,-91,-23,-98,-28,-98,-28,-84,-33,-77,-40,-81,-38,-79,-33,-73,-32,-81,-33,-89,-27,-79,-21,-78,-24,-89,-28,-95,-21,-94,-14,-93,-20,-97,-24,-86,-21,-71,-22,-71,-22,-66,-14,-58,-9,-57,-11,-48,-8,-36,-1,-8,0,0,0,0,0,0,0,0,0,0,0,0,0,0,0,0,0,0,-4,-13,-20,-42,-19,-34,-13,-48,-11,-59,-12,-49,-20,-44,-28,-49,-29,-53,-29,-63,-22,-73,-12,-85,-7,-90,0,-85,1,-79,-5,-82,-1,-91,8,-86,7,-75,-1,-81,-11,-83,-14,-75,-7,-69,-6,-70,-11,-85,-11,-94,-6,-93,-19,-17,-54,-53,-55,-52,-56,-50,-56,-45,-56,-40,-64,-37,-60,-35,-48,-34,-37,-36,-31,-43,-31,-45,-38,-38,-54,-37,-55,-36,-30,-36,-15,-37,-16,-38,-26,-42,-38,-39,-45,-29,-50,-27,-39,-27,-36,-25,-34,-27,-30,-30,-29,-30,-45,-9,-48,-8,-9,-2,-4,-1,-1,-1,1,1,0,-1,-2,-3,-6,-7,-33,-34,-32,-29,-24,-22,-31,-23,-31,-30,-33,-41,-33,-40,-37,-36,-38,-31,-41,-34,-42,-41,-42,-54,-39,-64,-35,-65,-32,-64,-32,-63,-33,-64,-33,-67,-34,-66,-35,-61,-35,-59,-38,-57,-44,-57,-44,-56,-44,-57,-44,-63,-42,-66,-38,-61]"
CSI_DATA,16467,1a:00:00:00:00:00,0,11,1,0,0,1,1,0,0,0,0,-96,0,6,0,54583220,0,47,1,256,1,"[47,-16,2,0,84,-59,89,-50,88,-37,83,-35,83,-43,81,-49,71,-56,67,-61,76,-63,77,-62,68,-55,68,-45,77,-44,85,-56,82,-76,75,-79,72,-60,70,-47,65,-44,63,-44,62,-36,52,-34,37,-41,34,-30,40,-19,10,-5,0,0,0,0,0,0,0,0,0,0,0,0,0,0,0,0,0,0,8,-3,27,-10,25,-15,35,-22,38,-23,38,-26,48,-37,49,-42,44,-34,57,-28,76,-33,84,-33,90,-27,88,-28,82,-25,88,-13,99,-7,92,-20,78,-32,75,-23,79,-12,76,-19,75,-29,85,-35,95,-37,95,-34,88,-34,12,9,51,20,59,21,60,24,54,28,49,26,49,20,50,15,48,15,53,15,63,11,64,10,61,11,64,14,61,16,54,12,56,11,56,14,54,17,50,18,49,15,48,14,41,16,34,12,30,6,26,8,24,13,4,27,2,25,-1,5,-1,1,-1,-1,-1,-2,-1,0,-1,1,0,4,7,24,8,19,21,6,21,11,26,13,26,17,26,15,30,11,33,13,34,20,40,26,46,28,52,28,52,27,50,28,49,33,49,39,48,42,47,37,41,31,39,30,40,29,40,28,44,26,54,24,61,24,63,24,62,23]"
CSI_DATA,16468,1a:00:00:00:00:00,0,11,1,0,0,1,1,0,0,0,0,-96,0,6,0,54587685,0,47,1,256,1,"[47,-16,2,0,-27,-102,-24,-44,-23,20,-24,-26,-30,-84,-37,-88,-40,-84,-41,-78,-37,-81,-29,-90,-25,-91,-26,-91,-27,-98,-31,-104,-39,-97,-36,-85,-26,-75,-27,-69,-31,-69,-29,-73,-27,-72,-23,-60,-14,-46,-8,-41,-9,-44,-3,-12,0,0,0,0,0,0,0,0,0,0,0,0,0,0,0,0,0,0,0,-13,-4,-42,-11,-32,-5,-42,4,-46,-1,-38,-13,-43,-20,-50,-21,-54,-19,-70,-10,-83,2,-87,7,-93,5,-92,3,-87,7,-31,11,24,3,-30,-2,-79,2,-74,-1,-78,-8,-80,-8,-76,-6,-80,-6,-94,-6,-100,-5,-93,-6,-27,-23,-88,-24,-92,-25,-74,-29,-49,-29,-56,-27,-76,-26,-83,-26,-81,-31,-80,-37,-80,-38,-78,-39,-74,-41,-76,-41,-81,-42,-82,-43,-83,-37,-78,-28,-74,-24,-72,-25,-66,-21,-66,-17,-63,-18,-54,-17,-47,-10,-43,-6,-45,-3,-35,-1,-33,0,-7,0,-3,-1,0,0,0,0,0,-1,-2,-1,-6,-10,-26,-12,-22,-13,-28,-16,-36,-15,-48,-7,-53,-6,-50,-11,-49,-14,-51,-11,-57,-9,-67,-6,-74,-7,-77,-8,-75,-8,-75,-6,-79,-1,-66,3,-52,2,-69,2,-80,3,-74,2,-73,-2,-75,-6,-75,-9,-76,-12,-84,-15,-87,-17,-83]"
CSI_DATA,16469,1a:00:00:00:00:00,-1,11,1,0,0,1,1,0,0,0,0,-96,0,6,0,54587863,0,47,1,256,1,"[47,-16,2,0,-9,98,6,90,23,87,11,91,-9,90,-10,88,-11,89,-7,89,13,90,34,90,36,81,26,74,17,81,19,92,17,107,2,102,-9,85,-13,76,-15,68,-15,65,-9,59,-3,56,0,56,1,39,1,32,-1,9,0,0,0,0,0,0,0,0,0,0,0,0,0,0,0,0,0,0,3,8,15,31,11,33,-2,51,-8,65,-9,54,-9,47,-12,56,-11,62,-4,64,2,75,2,89,-2,88,-1,80,-3,73,-10,75,-15,87,-22,83,-30,71,-29,69,-27,64,-32,58,-31,65,-13,75,7,88,14,94,7,93,-21,15,-56,56,-52,55,-45,50,-38,46,-40,51,-45,55,-46,59,-47,61,-46,61,-43,56,-39,51,-35,43,-36,40,-40,49,-40,59,-42,67,-47,65,-50,60,-49,57,-42,52,-38,47,-34,39,-32,34,-30,33,-28,25,-23,25,-40,15,-35,17,-7,3,-2,1,-1,0,1,0,-1,-1,-4,-1,-8,-1,-42,-4,-33,-3,-7,10,-15,12,-26,19,-35,26,-37,26,-36,29,-34,34,-36,35,-39,33,-45,33,-47,29,-48,21,-48,15,-52,17,-53,20,-57,25,-61,28,-60,29,-54,30,-50,35,-53,36,-55,36,-52,36,-48,36,-48,35,-45,35]"
CSI_DATA,16470,1a:00:00:00:00:00,-1,11,1,0,0,1,1,0,0,0,0,-96,0,6,0,54607860,0,47,1,256,1,"[47,-16,2,0,44,87,52,88,62,83,58,67,58,61,63,65,56,65,53,60,61,66,63,73,51,67,47,60,59,64,69,70,63,69,52,69,50,67,52,60,50,53,46,52,47,50,41,47,25,45,16,33,12,20,2,4,0,0,0,0,0,0,0,0,0,0,0,0,0,0,0,0,0,0,4,11,20,35,20,23,14,37,8,50,9,42,16,38,24,43,30,48,36,61,31,79,20,90,17,88,13,78,14,67,25,75,26,90,18,83,14,71,18,70,28,71,28,69,20,68,22,76,32,87,35,88,32,85,15,24,51,75,52,77,55,76,60,72,60,68,62,65,60,61,57,59,58,57,63,57,66,56,63,50,63,48,67,50,70,54,71,57,65,57,61,56,60,58,53,49,47,44,42,41,39,37,34,36,27,34,25,32,20,30,16,26,3,6,0,1,-1,-1,-1,-2,-1,0,0,2,3,5,21,30,19,21,22,22,22,25,19,35,16,46,18,49,24,49,26,49,26,50,27,56,26,66,24,70,24,70,21,67,24,72,25,76,23,85,20,86,20,82,19,74,24,70,26,67,28,66,29,67,36,72,43,76,47,76]"
CSI_DATA,16471,1a:00:00:00:00:00,0,11,1,0,0,1,1,0,0,0,0,-96,0,6,0,54608038,0,47,1,256,1,"[47,-16,2,0,98,-3,92,-7,85,-10,83,-5,86,-1,87,-3,86,-9,90,-16,100,-17,96,-19,78,-12,69,0,78,-4,87,-24,97,-33,102,-24,91,-12,80,-8,75,-7,73,-7,69,-6,68,-5,63,-10,45,-6,37,4,9,1,0,0,0,0,0,0,0,0,0,0,0,0,0,0,0,0,0,0,8,0,28,-1,27,2,42,7,57,7,58,4,57,0,59,-1,58,-2,65,3,78,17,83,32,81,41,77,40,74,35,77,31,80,31,77,29,76,21,76,20,68,24,62,20,71,17,82,22,88,21,90,19,87,20,10,-14,45,-39,50,-41,50,-43,44,-45,38,-47,41,-42,43,-38,41,-38,43,-41,44,-42,38,-44,28,-44,29,-42,36,-47,42,-53,44,-55,41,-47,36,-44,38,-40,40,-37,39,-31,35,-26,30,-24,28,-29,23,-24,19,-12,6,-21,4,-9,0,-1,-1,1,-1,0,-1,1,0,-1,0,-4,1,-8,11,-40,8,-31,13,-9,14,-6,21,-5,29,-11,30,-18,31,-22,33,-20,35,-21,41,-21,47,-18,48,-20,41,-20,41,-19,44,-19,49,-20,50,-16,53,-18,52,-18,50,-16,46,-14,47,-19,48,-23,49,-24,47,-26,48,-28,43,-27]"
CSI_DATA,16473,1a:00:00:00:00:00,0,11,1,0,0,1,1,0,0,0,0,-96,0,6,0,54627565,0,47,1,256,1,"[47,-16,2,0,98,34,99,34,89,30,82,30,81,37,81,42,80,37,77,29,82,24,89,17,84,10,80,16,85,25,90,23,100,17,99,20,84,29,71,37,62,41,63,39,62,31,60,17,60,8,49,14,40,20,9,5,0,0,0,0,0,0,0,0,0,0,0,0,0,0,0,0,0,0,8,3,30,11,33,7,41,12,40,18,39,19,52,25,59,28,52,27,56,30,72,32,83,40,82,48,75,44,69,42,66,50,71,58,74,51,69,41,59,46,49,53,47,51,55,45,65,42,79,37,87,33,85,33,17,-5,59,-8,62,-8,70,-6,68,-11,60,-16,60,-16,60,-16,58,-16,62,-17,70,-15,72,-13,72,-12,73,-10,74,-15,66,-21,61,-26,63,-22,64,-18,57,-15,55,-14,51,-11,45,-6,41,-3,44,-3,39,5,33,12,23,-5,17,-4,2,-1,0,0,-2,-1,-2,0,0,-1,1,-1,4,-2,25,-10,21,-11,23,-3,26,-3,32,0,33,-1,33,-5,38,-9,40,-7,43,-6,50,1,58,10,69,16,69,19,69,18,69,15,67,16,66,18,70,15,66,9,60,6,52,4,54,1,60,0,68,3,74,9,78,10,78,10]"
CSI_DATA,16474,1a:00:00:00:00:00,0,11,1,0,0,1,1,0,0,0,0,-96,0,6,0,54654712,0,47,1,256,1,"[47,-16,2,0,-73,-82,-68,-74,-57,-64,-60,-69,-68,-73,-66,-68,-69,-62,-73,-62,-72,-65,-71,-62,-65,-57,-60,-59,-64,-61,-75,-62,-96,-69,-97,-72,-70,-66,-55,-58,-51,-52,-51,-52,-45,-46,-48,-37,-56,-34,-41,-37,-28,-44,-8,-12,0,0,0,0,0,0,0,0,0,0,0,0,0,0,0,0,0,0,-4,-7,-14,-25,-18,-29,-28,-38,-31,-45,-29,-49,-37,-55,-45,-54,-43,-45,-41,-50,-46,-66,-42,-84,-32,-93,-29,-88,-30,-81,-28,-81,-25,-88,-32,-89,-38,-81,-34,-75,-23,-71,-23,-68,-34,-73,-36,-77,-39,-80,-47,-80,-52,-82,-15,-24,-48,-81,-47,-85,-43,-82,-37,-79,-39,-81,-43,-80,-45,-73,-47,-68,-50,-68,-52,-72,-50,-70,-43,-67,-42,-74,-48,-78,-57,-78,-65,-81,-62,-77,-54,-73,-48,-68,-42,-65,-36,-62,-28,-54,-27,-46,-32,-43,-24,-41,-14,-38,-6,-27,-3,-20,-1,-3,0,0,-1,0,0,1,0,-1,-1,-2,-2,-6,-8,-32,-8,-28,-10,-25,-9,-29,-11,-38,-14,-45,-20,-46,-27,-50,-30,-52,-28,-54,-23,-60,-20,-69,-18,-80,-17,-82,-14,-82,-13,-85,-10,-87,-10,-87,-15,-87,-19,-80,-18,-76,-16,-72,-16,-73,-21,-78,-23,-83,-25,-86,-27,-88,-30,-85]"
CSI_DATA,16475,1a:00:00:00:00:00,-1,11,1,0,0,1,1,0,0,0,0,-96,0,6,0,54654944,0,47,1,256,1,"[47,-16,2,0,90,-5,99,-12,106,-20,97,-16,92,-12,96,-12,92,-10,77,-11,78,-11,90,-7,89,-1,88,4,94,-1,99,-16,100,-20,98,-9,98,-3,88,-3,73,-2,72,-2,65,0,54,9,52,12,46,4,37,1,8,0,0,0,0,0,0,0,0,0,0,0,0,0,0,0,0,0,0,0,12,-2,41,-11,31,-11,42,-2,55,-1,46,-9,44,-17,50,-18,55,-16,68,-10,75,8,83,23,89,23,84,20,82,18,90,14,96,13,85,15,71,15,77,14,83,9,78,5,69,7,68,12,88,13,98,15,91,20,27,-3,84,-11,84,-15,84,-19,77,-23,70,-21,73,-16,82,-13,84,-13,82,-19,81,-25,81,-25,73,-25,67,-23,73,-25,81,-29,86,-31,86,-22,86,-12,80,-4,69,-3,64,-6,58,-4,49,-2,48,-3,46,-4,44,-4,36,-8,33,-9,6,-2,1,-2,-1,-1,-2,0,0,0,2,0,5,-2,29,-11,26,-16,27,-18,32,-20,42,-14,53,-9,52,-10,52,-15,53,-14,58,-10,64,-6,69,-1,73,0,74,-2,71,0,74,1,77,3,80,5,81,7,74,7,71,7,71,6,72,5,73,1,75,0,80,-2,81,-6,77,-8]"
CSI_DATA,16476,1a:00:00:00:00:00,-1,11,1,0,0,1,1,0,0,0,0,-96,0,6,0,54670062,0,47,1,256,1,"[47,-16,2,0,-78,66,-66,76,-50,81,-46,71,-46,66,-48,69,-53,67,-56,69,-56,76,-51,80,-45,69,-42,65,-45,77,-50,86,-60,82,-66,73,-61,70,-53,66,-45,57,-43,56,-39,57,-40,53,-45,47,-33,33,-21,20,-5,4,0,0,0,0,0,0,0,0,0,0,0,0,0,0,0,0,0,0,-9,9,-27,33,-24,24,-44,24,-62,36,-54,33,-37,27,-34,39,-38,54,-47,61,-64,56,-80,45,-83,37,-77,29,-68,30,-67,43,-78,44,-79,27,-71,22,-68,37,-60,43,-61,37,-69,34,-71,38,-71,48,-70,54,-69,52,-26,13,-78,45,-77,50,-71,54,-65,55,-62,53,-60,55,-59,56,-61,57,-64,61,-67,61,-63,57,-55,50,-54,48,-54,57,-57,66,-64,71,-64,66,-61,61,-59,59,-51,49,-46,42,-45,37,-45,36,-48,35,-44,27,-35,22,-36,23,-28,25,-6,5,-1,2,0,0,1,0,-1,-1,-4,-1,-9,-1,-46,-4,-39,-2,-24,14,-28,13,-39,13,-51,16,-54,18,-53,22,-48,24,-47,27,-52,30,-66,25,-75,16,-76,11,-74,6,-75,7,-73,11,-79,15,-84,14,-81,16,-75,20,-69,22,-69,21,-72,20,-73,21,-74,26,-76,27,-74,27]"
CSI_DATA,16477,1a:00:00:00:00:00,-1,11,1,0,0,1,1,0,0,0,0,-96,0,6,0,54670339,0,47,1,256,1,"[47,-16,2,0,-65,89,-51,85,-28,80,-36,85,-45,84,-40,76,-36,82,-33,85,-25,81,-14,86,-11,85,-17,86,-22,91,-24,28,-26,-26,-28,32,-25,81,-23,73,-22,65,-25,66,-23,57,-16,53,-13,57,-12,42,-16,34,-5,10,0,0,0,0,0,0,0,0,0,0,0,0,0,0,0,0,0,0,-3,5,-11,21,-20,18,-37,28,-49,41,-46,37,-44,33,-43,39,-41,48,-38,51,-40,56,-54,59,-66,55,-66,52,-68,54,-71,58,-76,57,-78,50,-70,45,-65,51,-56,44,-51,38,-55,44,-49,49,-46,62,-51,79,-58,87,-21,18,-66,60,-67,58,-63,53,-56,49,-59,52,-59,54,-59,56,-57,61,-58,66,-59,67,-53,63,-46,56,-45,53,-46,62,-50,54,-53,45,-49,58,-48,67,-45,60,-45,52,-44,46,-43,40,-37,39,-33,40,-29,33,-24,29,-26,29,-20,34,-4,6,0,3,0,0,1,0,0,-1,-4,-1,-10,-1,-48,-3,-40,-1,-21,10,-26,9,-35,12,-48,19,-51,22,-51,27,-52,30,-55,27,-58,21,-64,19,-71,18,-71,14,-69,9,-70,13,-74,17,-77,19,-81,20,-76,20,-70,21,-64,22,-65,24,-72,29,-76,30,-75,31,-74,33,-68,35]"
CSI_DATA,16478,1a:00:00:00:00:00,0,11,1,0,0,1,1,0,0,0,0,-96,0,6,0,54677535,0,47,1,256,1,"[47,-16,2,0,-28,-100,-27,-95,-20,-88,-25,-91,-36,-94,-37,-91,-39,-84,-40,-82,-32,-88,-29,-89,-26,-82,-23,-81,-25,-85,-34,-92,-48,-101,-44,-99,-28,-86,-23,-75,-23,-69,-24,-69,-21,-61,-20,-54,-19,-56,-8,-52,-4,-51,-2,-14,0,0,0,0,0,0,0,0,0,0,0,0,0,0,0,0,0,0,-1,-10,-6,-34,-9,-34,-8,-46,-8,-50,-8,-47,-13,-54,-23,-58,-26,-54,-22,-60,-13,-75,1,-90,12,-95,12,-90,9,-84,8,-86,12,-94,8,-92,0,-83,1,-78,2,-74,-3,-74,-5,-77,-1,-81,1,-90,-3,-93,-7,-90,-15,-20,-45,-71,-42,-75,-38,-73,-36,-71,-40,-71,-47,-70,-47,-63,-48,-60,-47,-58,-47,-58,-48,-54,-47,-49,-51,-54,-54,-61,-57,-66,-59,-70,-53,-67,-50,-61,-49,-57,-45,-52,-37,-51,-28,-42,-29,-38,-31,-37,-22,-35,-13,-37,-21,-22,-12,-21,0,-5,0,-1,-1,0,0,1,-1,-1,-2,-3,-5,-7,-26,-37,-19,-30,-13,-29,-12,-32,-11,-42,-14,-46,-20,-43,-24,-45,-24,-48,-23,-50,-24,-55,-21,-60,-21,-67,-22,-67,-21,-65,-21,-71,-15,-74,-8,-79,-7,-81,-9,-77,-11,-73,-14,-68,-18,-66,-22,-68,-22,-67,-25,-67,-30,-68,-34,-66]"
CSI_DATA,16479,1a:00:00:00:00:00,-1,11,1,0,0,1,1,0,0,0,0,-96,0,6,0,54714291,0,47,1,256,1,"[47,-16,2,0,-94,-45,-97,-30,-96,-13,-91,-19,-88,-27,-89,-25,-90,-26,-88,-28,-91,-25,-96,-16,-88,-14,-80,-20,-84,-23,-91,-19,-99,-27,-98,-41,-89,-37,-79,-26,-67,-23,-65,-25,-63,-22,-61,-25,-60,-29,-43,-18,-34,-9,-9,-3,0,0,0,0,0,0,0,0,0,0,0,0,0,0,0,0,0,0,-11,-1,-40,0,-34,-3,-47,-16,-66,-24,-58,-25,-45,-19,-52,-14,-62,-13,-67,-15,-72,-29,-78,-47,-79,-52,-72,-48,-69,-43,-75,-43,-81,-49,-70,-57,-60,-56,-68,-48,-68,-37,-59,-36,-60,-43,-65,-43,-78,-37,-87,-35,-85,-41,-23,-20,-73,-58,-75,-56,-73,-49,-70,-43,-70,-46,-70,-46,-72,-44,-75,-44,-79,-45,-81,-45,-80,-42,-72,-37,-66,-37,-72,-37,-81,-37,-89,-42,-86,-48,-78,-49,-70,-47,-57,-42,-50,-39,-48,-36,-48,-35,-48,-35,-41,-30,-38,-23,-34,-24,-32,-17,-7,-3,-3,0,-1,0,0,1,0,-1,-2,-4,-5,-8,-24,-42,-24,-34,-25,-13,-25,-17,-29,-26,-39,-37,-43,-40,-46,-39,-47,-36,-49,-39,-50,-43,-52,-52,-51,-62,-49,-64,-43,-63,-43,-65,-45,-66,-50,-69,-50,-73,-48,-69,-47,-61,-47,-55,-46,-56,-49,-61,-52,-62,-59,-61,-61,-59,-60,-57]"
CSI_DATA,16480,1a:00:00:00:00:00,0,11,1,0,0,1,1,0,0,0,0,-96,0,6,0,54714505,0,47,1,256,1,"[47,-16,2,0,-25,-102,-19,-104,-6,-94,-4,-88,-7,-93,-9,-94,-16,-90,-19,-83,-21,-80,-28,-81,-31,-81,-25,-87,-18,-94,-21,-99,-37,-106,-38,-101,-18,-90,-5,-84,-3,-79,-5,-78,-5,-69,-14,-55,-27,-47,-18,-50,-5,-59,-1,-16,0,0,0,0,0,0,0,0,0,0,0,0,0,0,0,0,0,0,2,-10,4,-32,-6,-31,-10,-43,-5,-44,-5,-44,-13,-62,-21,-67,-16,-58,-8,-65,-12,-77,-12,-86,-2,-93,0,-92,1,-89,13,-87,22,-90,9,-92,-1,-83,9,-76,20,-74,18,-74,8,-76,1,-78,-4,-87,-9,-92,-14,-95,12,-16,37,-59,40,-64,43,-65,47,-64,47,-64,42,-65,35,-65,32,-62,33,-59,35,-58,37,-51,40,-45,45,-50,45,-62,39,-70,33,-72,30,-67,34,-63,37,-60,36,-56,33,-53,30,-40,25,-26,20,-24,21,-23,23,-22,19,1,9,4,0,0,-1,0,-1,-1,-2,-1,0,0,2,0,5,0,30,-3,24,-8,10,-25,12,-24,16,-28,21,-27,20,-31,17,-43,17,-48,24,-46,34,-44,38,-40,44,-38,46,-36,49,-33,55,-37,62,-42,61,-44,54,-47,45,-45,44,-44,44,-46,48,-48,49,-48,48,-48,49,-47,50,-47,48,-45]"
CSI_DATA,16482,1a:00:00:00:00:00,-1,11,1,0,0,1,1,0,0,0,0,-96,0,6,0,54722010,0,47,1,256,1,"[47,-16,2,0,-99,-1,-102,7,-97,21,-92,20,-88,19,-84,24,-83,22,-79,16,-85,12,-96,13,-85,8,-77,2,-86,4,-90,12,-94,7,-98,-6,-101,1,-91,13,-75,12,-71,9,-66,6,-64,-5,-63,-14,-46,-9,-31,-8,-8,-3,0,0,0,0,0,0,0,0,0,0,0,0,0,0,0,0,0,0,-10,3,-34,15,-26,8,-41,3,-62,9,-58,7,-49,9,-54,19,-59,24,-67,22,-78,8,-91,-9,-93,-16,-81,-19,-74,-14,-82,-5,-93,-9,-87,-22,-78,-26,-87,-14,-84,1,-69,5,-67,-3,-72,-10,-85,-8,-93,-5,-93,-9,-29,-8,-89,-18,-91,-18,-89,-13,-80,-9,-72,-8,-77,-7,-77,-4,-75,-5,-74,-3,-78,-2,-83,1,-77,0,-79,-4,-84,-4,-79,0,-77,-1,-83,-7,-80,-8,-70,-9,-62,-13,-61,-15,-54,-13,-51,-13,-51,-12,-44,-11,-39,-8,-27,-12,-21,-8,-4,0,-1,0,-1,0,1,0,-1,-1,-3,-1,-6,-1,-34,-11,-31,-7,-27,5,-26,1,-33,-4,-46,-7,-51,-6,-54,-5,-55,-4,-57,-3,-61,-6,-68,-11,-74,-17,-75,-19,-71,-23,-75,-27,-76,-27,-80,-28,-80,-31,-75,-29,-71,-26,-68,-21,-64,-20,-66,-20,-69,-19,-78,-17,-85,-14,-86,-12]"
CSI_DATA,16483,1a:00:00:00:00:00,-1,11,1,0,0,1,1,0,0,0,0,-96,0,6,0,54735212,0,47,1,256,1,"[47,-16,2,0,32,90,35,99,46,101,47,89,48,79,53,80,51,75,47,65,41,71,34,87,26,88,24,84,30,86,41,88,46,83,37,79,32,80,36,76,39,63,37,60,30,61,16,57,5,49,3,37,6,27,2,5,0,0,0,0,0,0,0,0,0,0,0,0,0,0,0,0,0,0,2,9,16,31,18,27,11,42,7,48,15,34,26,33,32,40,33,44,29,57,15,74,0,86,-4,90,0,84,4,78,7,85,8,96,8,89,4,76,5,77,19,79,26,74,21,67,14,74,13,93,13,101,11,95,-3,25,2,84,4,88,6,90,9,85,9,76,8,76,8,76,9,74,13,76,19,81,19,85,18,90,17,79,19,67,23,55,22,53,15,53,11,63,8,75,9,76,7,63,3,55,1,50,0,49,-3,45,-7,41,-16,33,-15,24,-5,4,-1,0,0,-1,0,-2,-1,-1,-3,2,-5,6,-19,36,-9,29,9,30,4,33,-2,42,-9,46,-7,45,-1,48,1,51,-1,52,-3,60,-9,70,-12,77,-14,77,-15,73,-19,78,-21,79,-26,81,-27,79,-28,74,-24,70,-17,70,-11,69,-9,71,-6,73,-4,82,-4,89,-5,88]"
CSI_DATA,16484,1a:00:00:00:00:00,-1,11,1,0,0,1,1,0,0,0,0,-96,0,6,0,54744748,0,47,1,256,1,"[47,-16,2,0,-82,68,-66,65,-47,63,-54,65,-62,67,-57,66,-57,69,-59,74,-56,75,-50,76,-46,69,-48,64,-52,70,-53,77,-62,90,-65,88,-57,69,-50,57,-46,50,-45,50,-38,44,-33,45,-35,51,-30,38,-29,29,-9,7,0,0,0,0,0,0,0,0,0,0,0,0,0,0,0,0,0,0,-6,6,-23,23,-30,19,-44,25,-52,36,-49,36,-45,32,-43,37,-39,44,-41,47,-55,50,-73,47,-82,39,-79,37,-73,37,-72,39,-79,38,-82,30,-76,29,-71,35,-64,32,-62,27,-69,34,-69,41,-69,48,-71,56,-72,60,-26,6,-81,25,-81,23,-75,18,-70,15,-73,21,-77,23,-71,22,-68,22,-65,24,-66,26,-67,29,-70,26,-63,24,-55,27,-44,31,-44,34,-45,30,-55,23,-67,19,-72,13,-59,11,-48,10,-43,12,-42,17,-37,13,-31,9,-29,-6,-22,-1,-3,1,0,1,-1,0,1,0,-1,-1,-2,0,-6,-1,-33,-3,-32,-2,-26,8,-29,6,-37,5,-44,7,-47,10,-50,11,-53,13,-53,14,-55,13,-60,14,-69,11,-73,7,-72,1,-77,-3,-76,-3,-79,-4,-80,-6,-74,-3,-68,-2,-64,1,-63,0,-70,3,-72,6,-74,11,-75,18,-75,24]"
CSI_DATA,16485,1a:00:00:00:00:00,-1,11,1,0,0,1,1,0,0,0,0,-96,0,6,0,54758314,0,47,1,256,1,"[47,-16,2,0,88,-63,74,-66,55,-62,60,-63,66,-66,63,-64,62,-67,61,-69,61,-65,60,-64,56,-60,55,-60,56,-65,55,-69,65,-80,71,-79,65,-65,56,-54,50,-46,49,-49,42,-49,37,-52,40,-53,36,-36,31,-25,8,-7,0,0,0,0,0,0,0,0,0,0,0,0,0,0,0,0,0,0,7,-5,28,-19,26,-20,37,-26,50,-31,52,-27,51,-25,48,-34,44,-43,48,-44,61,-43,80,-36,91,-25,85,-20,78,-24,78,-30,85,-27,86,-22,78,-25,72,-31,65,-26,64,-21,71,-26,73,-28,75,-34,80,-45,84,-51,22,-17,76,-53,78,-55,71,-55,66,-53,69,-52,70,-51,67,-50,66,-53,63,-58,61,-62,57,-63,51,-60,52,-59,54,-64,54,-69,58,-76,61,-73,62,-67,61,-59,59,-49,55,-43,47,-41,42,-43,40,-46,34,-38,28,-30,14,-27,4,-21,-1,-3,-2,-1,-1,-1,-2,0,0,0,3,-2,7,-5,39,-21,31,-19,23,-14,24,-13,32,-15,43,-20,47,-24,50,-29,53,-28,56,-28,61,-26,67,-26,75,-26,77,-25,77,-21,79,-23,81,-24,81,-25,83,-26,76,-26,71,-25,67,-23,70,-21,74,-24,76,-30,76,-36,78,-40,76,-42]"
CSI_DATA,16486,1a:00:00:00:00:00,-1,11,1,0,0,1,1,0,0,0,0,-96,0,6,0,54766770,0,47,1,256,1,"[47,-16,2,0,-54,-80,-53,-86,-46,-89,-39,-81,-42,-77,-49,-77,-52,-70,-51,-63,-59,-63,-71,-63,-70,-58,-64,-61,-62,-75,-65,-84,-67,-78,-64,-66,-58,-66,-46,-68,-38,-65,-41,-65,-41,-57,-39,-41,-40,-29,-37,-26,-30,-31,-7,-9,0,0,0,0,0,0,0,0,0,0,0,0,0,0,0,0,0,0,-3,-11,-12,-35,-13,-27,-17,-39,-16,-50,-15,-42,-25,-38,-30,-44,-24,-53,-28,-67,-37,-74,-40,-76,-41,-82,-38,-81,-31,-76,-23,-85,-15,-100,-12,-91,-15,-73,-14,-75,-15,-81,-19,-73,-20,-65,-32,-65,-49,-78,-52,-87,-46,-84,-10,-26,-37,-83,-38,-84,-40,-85,-42,-83,-42,-78,-44,-75,-44,-69,-45,-65,-48,-64,-54,-65,-54,-66,-50,-66,-49,-72,-52,-76,-56,-75,-58,-73,-52,-68,-48,-66,-44,-68,-41,-62,-38,-57,-31,-51,-26,-44,-26,-40,-20,-36,-13,-37,0,-30,4,-28,1,-6,0,-2,-1,0,-1,1,0,-1,0,-3,0,-7,-1,-38,-4,-31,-15,-28,-13,-32,-13,-42,-9,-50,-9,-47,-16,-47,-20,-49,-18,-54,-19,-65,-17,-72,-17,-76,-17,-75,-16,-75,-14,-81,-10,-85,-6,-87,-6,-84,-8,-76,-10,-75,-12,-76,-15,-75,-17,-73,-22,-72,-28,-78,-28,-86,-25,-86]"
CSI_DATA,16487,1a:00:00:00:00:00,0,11,1,0,0,1,1,0,0,0,0,-96,0,6,0,54768297,0,47,1,256,1,"[47,-16,2,0,39,-97,31,-96,17,-89,19,-88,23,-84,20,-79,16,-84,12,-86,12,-85,11,-90,13,-83,18,-78,17,-85,6,-91,6,-103,15,-104,18,-94,16,-82,15,-72,16,-72,14,-65,10,-60,9,-60,12,-45,17,-36,5,-10,0,0,0,0,0,0,0,0,0,0,0,0,0,0,0,0,0,0,3,-7,11,-26,11,-27,18,-37,25,-47,23,-48,20,-51,22,-56,19,-59,19,-65,30,-67,49,-68,63,-66,64,-62,61,-66,56,-71,53,-70,54,-67,48,-66,47,-70,45,-61,40,-53,41,-60,43,-59,44,-67,46,-82,49,-89,-8,-22,-12,-72,-10,-73,-11,-71,-13,-63,-12,-58,-8,-60,-11,-66,-16,-68,-24,-70,-29,-71,-29,-68,-27,-61,-20,-60,-21,-64,-28,-61,-32,-58,-26,-62,-23,-67,-18,-66,-12,-65,-8,-62,-10,-56,-12,-50,-15,-50,-12,-42,-8,-34,-30,-21,-32,-12,-6,-2,-3,1,-1,0,1,1,0,-1,-3,-4,-8,-8,-33,-39,-29,-31,-6,-23,-2,-22,3,-27,0,-36,-6,-41,-10,-46,-5,-49,-3,-52,0,-56,3,-60,5,-64,3,-59,7,-58,11,-63,13,-67,12,-65,11,-69,9,-66,10,-63,11,-60,10,-63,6,-65,1,-66,-1,-67,1,-68,2,-65]"
CSI_DATA,16488,1a:00:00:00:00:00,0,11,1,0,0,1,1,0,0,0,0,-96,0,6,0,54788714,0,47,1,256,1,"[47,-16,2,0,-104,-7,-95,-8,-79,-4,-74,-6,-83,-12,-89,-13,-90,-7,-94,0,-95,6,-87,15,-80,18,-81,8,-87,-1,-91,4,-39,12,23,8,-21,-4,-70,-11,-68,-13,-70,-11,-67,-11,-62,0,-60,15,-51,6,-43,-13,-11,-5,0,0,0,0,0,0,0,0,0,0,0,0,0,0,0,0,0,0,-9,-1,-31,-2,-34,-3,-45,-4,-49,-7,-50,-7,-57,-4,-59,1,-53,-2,-60,-11,-78,-11,-88,-12,-89,-21,-85,-22,-78,-20,-76,-27,-82,-36,-83,-32,-75,-27,-66,-30,-59,-35,-61,-34,-72,-27,-79,-23,-83,-15,-88,-9,-89,-9,-28,-4,-93,-13,-93,-15,-87,-15,-82,-14,-81,-13,-85,-12,-84,-8,-82,-4,-76,-3,-74,-6,-77,-9,-83,-12,-78,-18,-72,-17,-55,-10,-30,-4,-20,-4,-51,-10,-77,-13,-81,-15,-68,-16,-56,-17,-49,-15,-49,-10,-42,-13,-32,-18,-30,-12,-26,-9,-4,-1,-1,0,-1,0,1,0,-1,0,-2,-1,-5,-2,-32,-6,-31,-5,-31,-5,-35,-8,-42,-12,-46,-12,-47,-5,-53,3,-56,5,-55,2,-58,-9,-64,-17,-71,-26,-73,-27,-72,-29,-77,-31,-76,-34,-78,-35,-79,-32,-74,-25,-68,-24,-65,-24,-67,-27,-74,-28,-78,-28,-82,-29,-83,-29,-82,-27]"
CSI_DATA,16490,1a:00:00:00:00:00,0,11,1,0,0,1,1,0,0,0,0,-96,0,6,0,54822032,0,47,1,256,1,"[47,-16,2,0,-84,69,-74,64,-62,55,-68,59,-74,64,-69,62,-64,66,-64,72,-65,72,-63,72,-56,64,-56,58,-60,63,-63,73,-68,93,-70,92,-68,67,-61,53,-55,50,-54,51,-49,44,-41,45,-36,55,-37,40,-44,30,-12,8,0,0,0,0,0,0,0,0,0,0,0,0,0,0,0,0,0,0,-6,3,-22,12,-29,16,-42,24,-48,27,-48,30,-54,36,-54,41,-47,40,-52,38,-67,42,-84,40,-93,29,-88,28,-81,31,-80,28,-87,25,-88,31,-81,39,-77,34,-72,22,-68,22,-72,33,-77,36,-80,39,-82,46,-82,51,-23,15,-80,50,-84,48,-83,45,-79,40,-80,43,-77,46,-71,47,-67,49,-67,52,-71,54,-69,53,-66,47,-72,47,-76,53,-77,61,-78,67,-74,63,-71,54,-67,49,-65,43,-61,38,-53,30,-45,28,-42,32,-40,24,-37,14,-25,7,-17,6,-2,0,0,0,0,0,1,-1,-1,0,-2,1,-6,1,-34,12,-30,10,-27,10,-30,9,-39,10,-45,14,-45,20,-50,27,-53,29,-54,28,-61,24,-70,21,-80,19,-81,18,-80,15,-83,15,-85,13,-86,12,-87,15,-81,20,-76,19,-71,16,-72,17,-76,23,-81,27,-84,28,-87,30,-85,33]"
CSI_DATA,16492,1a:00:00:00:00:00,-1,11,1,0,0,1,1,0,0,0,0,-96,0,6,0,54827059,0,47,1,256,1,"[47,-16,2,0,7,91,16,83,26,80,25,80,22,81,24,82,24,82,27,86,32,94,36,88,28,69,17,60,22,69,36,79,41,92,32,100,20,88,17,77,16,69,18,67,20,63,21,62,21,62,12,46,3,35,0,8,0,0,0,0,0,0,0,0,0,0,0,0,0,0,0,0,0,0,2,9,10,30,7,31,-1,49,-5,62,-4,55,0,50,8,57,12,60,11,67,3,85,-11,95,-21,88,-21,77,-17,69,-11,71,-13,82,-19,80,-19,75,-13,73,-11,66,-11,64,-10,76,-10,87,-5,88,0,85,-2,82,16,14,46,53,49,55,51,53,52,53,51,53,51,54,46,50,45,48,47,51,51,53,54,46,51,36,51,36,55,39,61,42,65,48,59,47,54,44,53,48,44,48,36,44,32,38,31,34,35,34,30,30,20,23,25,10,16,3,1,-1,-1,-2,0,-1,-2,-2,0,0,2,1,5,3,31,24,28,18,18,19,16,19,12,27,15,34,20,35,26,37,26,41,26,41,25,47,22,57,22,64,25,60,25,58,27,58,27,59,26,61,26,61,23,59,20,58,18,56,19,57,22,60,24,60,29,59,36,59,38,56]"
CSI_DATA,16494,1a:00:00:00:00:00,-1,11,1,0,0,1,1,0,0,0,0,-96,0,6,0,54972359,0,47,1,256,1,"[47,-16,2,0,-88,-60,-86,-46,-81,-29,-82,-37,-84,-46,-82,-44,-83,-40,-87,-37,-90,-35,-89,-29,-80,-25,-74,-29,-79,-31,-87,-26,-103,-31,-104,-42,-86,-41,-71,-32,-62,-30,-61,-31,-56,-27,-59,-25,-65,-25,-48,-20,-36,-18,-10,-6,0,0,0,0,0,0,0,0,0,0,0,0,0,0,0,0,0,0,-10,-5,-33,-17,-30,-20,-38,-32,-49,-42,-45,-43,-43,-41,-51,-36,-55,-30,-57,-33,-63,-47,-66,-65,-59,-76,-51,-73,-48,-65,-53,-63,-59,-70,-56,-74,-51,-68,-52,-63,-45,-57,-39,-56,-47,-60,-54,-61,-62,-59,-71,-56,-75,-56,-21,-21,-67,-66,-66,-68,-62,-64,-58,-61,-59,-62,-62,-61,-62,-57,-64,-54,-68,-52,-72,-53,-71,-50,-63,-47,-61,-52,-68,-55,-76,-53,-83,-56,-79,-58,-72,-57,-64,-54,-53,-53,-47,-50,-42,-44,-41,-39,-46,-37,-38,-32,-30,-25,-21,-21,-17,-13,-3,-1,-1,1,-1,0,0,1,-1,-1,-3,-2,-5,-6,-22,-30,-17,-26,-18,-18,-16,-21,-19,-30,-27,-40,-34,-42,-40,-44,-43,-45,-42,-46,-40,-52,-41,-61,-41,-71,-40,-73,-35,-73,-34,-75,-34,-77,-36,-79,-38,-81,-38,-74,-36,-70,-34,-65,-33,-66,-38,-70,-43,-72,-49,-72,-53,-70,-55,-66]"
CSI_DATA,16495,1a:00:00:00:00:00,0,11,1,0,0,1,1,0,0,0,0,-96,0,6,0,54972585,0,47,1,256,1,"[47,-16,2,0,98,-35,95,-30,89,-23,89,-25,90,-32,87,-36,82,-42,79,-45,83,-43,85,-41,77,-36,74,-30,82,-31,92,-40,97,-58,94,-57,86,-36,78,-28,72,-29,70,-30,64,-24,55,-26,51,-32,48,-22,48,-14,12,-4,0,0,0,0,0,0,0,0,0,0,0,0,0,0,0,0,0,0,7,0,29,-2,33,-7,47,-10,49,-8,45,-10,55,-17,61,-24,57,-25,64,-19,79,-15,91,-8,94,1,90,2,85,1,86,7,93,11,92,2,84,-8,78,-3,76,2,75,-3,79,-9,85,-8,93,-8,95,-12,91,-16,21,-12,75,-38,80,-38,79,-37,75,-35,73,-38,70,-41,67,-42,65,-42,69,-46,73,-50,70,-47,65,-45,65,-45,69,-50,71,-55,73,-61,67,-56,62,-49,59,-45,59,-46,57,-41,53,-34,45,-29,44,-30,39,-19,36,-8,18,-4,11,-4,2,-1,-1,0,-2,0,-2,0,0,-1,1,-1,4,-2,22,-11,17,-11,20,-6,25,-7,35,-8,40,-11,39,-15,46,-20,52,-21,58,-19,66,-15,75,-11,82,-10,78,-6,77,-5,77,-7,79,-8,80,-7,82,-12,78,-15,71,-13,65,-11,67,-16,71,-21,78,-23,84,-22,87,-23,83,-24]"
CSI_DATA,16496,1a:00:00:00:00:00,0,11,1,0,0,1,1,0,0,0,0,-96,0,6,0,54972754,0,47,1,256,1,"[47,-16,2,0,-105,-22,-104,-14,-91,-5,-90,-8,-89,-8,-82,-6,-85,-4,-85,-4,-82,-8,-87,-9,-82,-10,-80,-10,-88,-4,-91,3,-100,5,-103,-2,-97,-9,-86,-10,-74,-10,-73,-8,-65,-5,-61,-3,-64,-8,-52,-14,-43,-17,-11,-5,0,0,0,0,0,0,0,0,0,0,0,0,0,0,0,0,0,0,-8,-3,-30,-10,-32,-11,-42,-17,-52,-21,-52,-18,-53,-16,-58,-15,-62,-8,-67,-8,-71,-21,-75,-44,-76,-61,-71,-61,-72,-54,-77,-46,-77,-43,-75,-45,-75,-39,-78,-36,-68,-34,-59,-31,-64,-32,-63,-36,-70,-39,-84,-40,-91,-40,-26,6,-84,11,-87,9,-85,9,-75,11,-71,13,-74,14,-76,15,-75,16,-75,16,-76,16,-76,20,-70,20,-70,18,-78,23,-83,28,-88,28,-86,24,-83,20,-79,17,-72,9,-65,6,-55,8,-51,9,-53,9,-47,4,-39,0,-28,17,-19,18,-2,3,0,1,0,0,1,-1,-1,-1,-3,1,-7,3,-37,17,-32,15,-27,2,-27,1,-33,-3,-43,-4,-49,-1,-54,2,-57,0,-59,1,-63,-1,-67,-6,-72,-14,-71,-17,-69,-22,-74,-22,-77,-21,-78,-20,-80,-20,-77,-16,-73,-16,-67,-15,-66,-15,-71,-15,-73,-13,-75,-9,-79,-5,-80,-1]"
CSI_DATA,16497,1a:00:00:00:00:00,0,11,1,0,0,1,1,0,0,0,0,-96,0,6,0,54976780,0,47,1,256,1,"[47,-16,2,0,-51,-96,-48,-43,-36,21,-34,-26,-39,-87,-41,-92,-41,-86,-39,-75,-48,-70,-62,-71,-64,-68,-61,-76,-58,-92,-56,-98,-55,-87,-54,-73,-52,-72,-42,-74,-32,-72,-33,-72,-39,-66,-45,-46,-42,-30,-34,-34,-25,-44,-6,-12,0,0,0,0,0,0,0,0,0,0,0,0,0,0,0,0,0,0,-1,-13,-4,-41,-11,-31,-15,-38,-10,-44,-11,-40,-18,-46,-17,-54,-11,-59,-16,-72,-29,-79,-35,-83,-36,-90,-34,-88,-28,-84,-19,-32,-9,19,-11,-32,-18,-78,-11,-77,-4,-82,-8,-79,-12,-73,-23,-74,-41,-86,-47,-92,-44,-87,11,-18,24,-59,22,-58,23,-48,28,-31,25,-38,20,-58,17,-61,16,-61,12,-64,4,-70,0,-72,-1,-68,4,-73,6,-80,6,-81,7,-77,10,-66,9,-61,13,-60,12,-56,12,-54,8,-44,4,-35,0,-32,2,-31,7,-32,26,-20,28,-18,6,-3,2,-1,-1,-1,-2,0,0,0,2,-1,6,-2,33,-13,24,-13,6,-27,13,-24,19,-27,26,-26,25,-26,20,-31,20,-36,23,-39,23,-46,23,-50,22,-54,20,-54,22,-53,33,-54,42,-38,50,-20,44,-31,37,-42,35,-41,35,-43,33,-45,32,-50,24,-55,19,-63,18,-67,19,-66]"
CSI_DATA,16498,1a:00:00:00:00:00,0,11,1,0,0,1,1,0,0,0,0,-96,0,6,0,54976949,0,47,1,256,1,"[47,-16,2,0,9,97,4,101,0,97,4,90,10,91,12,93,15,87,14,79,11,79,12,83,15,83,13,88,10,95,13,100,27,102,28,96,13,90,7,83,7,76,8,75,7,66,10,50,15,42,8,44,0,46,0,11,0,0,0,0,0,0,0,0,0,0,0,0,0,0,0,0,0,0,-3,8,-5,30,3,31,0,42,-7,43,-1,41,7,57,13,62,10,54,-2,60,-6,72,-12,82,-21,87,-21,85,-20,80,-28,81,-32,88,-20,86,-12,76,-18,72,-19,74,-15,75,-11,72,-11,75,-14,88,-13,94,-9,92,2,33,8,86,9,75,8,63,9,53,11,48,11,66,10,80,10,87,12,79,15,83,12,83,10,82,11,88,16,92,23,84,30,79,26,80,18,84,13,80,11,76,6,69,1,58,1,49,5,47,1,41,-7,37,-6,23,-8,17,-3,2,-1,0,-1,-1,0,-2,-1,0,-1,1,-2,5,-8,32,-5,26,-1,27,0,31,-1,41,-3,45,2,44,8,53,8,58,2,59,-8,65,-17,71,-21,78,-22,77,-21,78,-19,82,-20,83,-21,83,-15,83,-13,77,-14,76,-16,74,-16,77,-14,80,-13,82,-15,87,-14,91,-12,88]"
CSI_DATA,16499,1a:00:00:00:00:00,-1,11,1,0,0,1,1,0,0,0,0,-96,0,6,0,54977109,0,47,1,256,1,"[47,-16,2,0,-28,-94,-34,-101,-45,-101,-43,-86,-41,-79,-45,-84,-40,-79,-36,-70,-37,-78,-33,-90,-25,-86,-26,-82,-36,-88,-45,-90,-43,-84,-32,-82,-31,-82,-35,-77,-34,-68,-30,-66,-28,-66,-21,-60,-6,-49,-2,-35,-6,-26,-2,-6,0,0,0,0,0,0,0,0,0,0,0,0,0,0,0,0,0,0,-4,-13,-16,-39,-16,-28,-10,-40,-6,-50,-8,-43,-14,-41,-20,-48,-25,-54,-27,-66,-14,-80,1,-89,4,-91,4,-82,-1,-74,-10,-83,-12,-97,-10,-87,-7,-74,-9,-74,-19,-76,-22,-73,-13,-72,-8,-83,-13,-98,-17,-100,-14,-94,7,-26,13,-83,12,-87,9,-86,3,-81,3,-72,2,-76,-1,-76,0,-74,-3,-76,-8,-81,-9,-84,-9,-82,-8,-84,-11,-86,-14,-87,-13,-89,-8,-86,-3,-81,-1,-80,-3,-70,-1,-65,2,-57,3,-52,6,-48,8,-42,7,-40,23,-31,23,-26,5,-6,1,-2,-1,0,-2,0,0,0,2,-2,5,-6,27,-33,17,-31,-4,-33,1,-33,10,-39,17,-44,18,-45,13,-48,8,-52,9,-52,13,-58,21,-66,25,-70,27,-69,28,-65,32,-67,29,-67,32,-69,36,-68,36,-66,29,-62,21,-63,14,-64,14,-67,15,-69,16,-78,17,-83,16,-84]"
CSI_DATA,16500,1a:00:00:00:00:00,0,11,1,0,0,1,1,0,0,0,0,-96,0,6,0,54977296,0,47,1,256,1,"[47,-16,2,0,-24,94,-29,101,-29,100,-19,89,-14,89,-14,94,-12,88,-11,77,-12,78,-11,86,-11,87,-14,91,-18,98,-18,103,-12,98,-9,87,-12,84,-15,78,-16,69,-15,69,-11,64,-7,52,-4,44,-6,42,-11,40,-4,9,0,0,0,0,0,0,0,0,0,0,0,0,0,0,0,0,0,0,-6,10,-14,38,-3,34,-13,40,-23,42,-17,37,-9,46,-8,52,-14,50,-22,60,-27,69,-36,74,-40,77,-38,74,-37,70,-45,75,-54,81,-46,74,-36,63,-38,62,-37,69,-33,69,-31,60,-29,63,-31,81,-35,88,-37,82,-13,23,-35,81,-35,86,-34,91,-30,92,-28,87,-26,84,-25,80,-25,77,-23,76,-21,81,-23,82,-23,81,-23,85,-20,89,-16,93,-14,94,-17,87,-22,83,-27,78,-23,69,-23,64,-22,55,-18,49,-15,45,-17,39,-23,33,-26,18,-29,14,-7,2,-3,0,0,-1,1,-1,-1,-1,-3,0,-7,2,-35,19,-29,19,-13,28,-14,33,-20,42,-28,44,-25,42,-20,48,-21,52,-28,52,-37,55,-48,56,-52,58,-52,56,-50,56,-52,62,-53,64,-56,66,-54,65,-50,60,-48,59,-47,59,-45,61,-43,61,-41,63,-43,70,-46,75,-46,72]"
CSI_DATA,16501,1a:00:00:00:00:00,0,11,1,0,0,1,1,0,0,0,0,-96,0,6,0,54985496,0,47,1,256,1,"[47,-16,2,0,99,15,85,11,72,10,71,12,82,11,89,9,89,2,96,-1,100,2,90,-1,79,-1,76,6,81,8,88,-1,39,-13,-23,-12,16,0,66,8,67,9,68,5,61,5,57,1,60,-8,49,-3,40,9,10,3,0,0,0,0,0,0,0,0,0,0,0,0,0,0,0,0,0,0,6,2,23,8,30,8,45,14,51,16,51,14,56,12,59,9,54,7,56,15,71,27,77,40,71,53,68,52,63,42,61,39,67,47,70,46,69,37,62,36,53,40,54,35,68,34,77,39,80,37,83,32,83,30,32,4,83,16,72,19,54,21,40,21,39,20,59,19,78,17,89,12,86,8,92,4,94,-1,75,-2,61,3,52,5,44,1,32,-6,31,-9,61,-4,84,2,76,6,69,10,62,11,57,6,58,-1,46,3,36,11,18,11,10,11,1,2,-1,0,-1,-1,-2,-1,0,0,2,0,6,1,30,8,22,5,19,5,22,9,31,14,40,14,44,11,50,11,53,16,55,22,59,29,65,34,71,35,67,36,64,38,65,38,66,41,68,44,73,44,70,40,65,38,59,37,63,36,71,34,79,35,82,32,83,30,79,26]"
CSI_DATA,16502,1a:00:00:00:00:00,-1,11,1,0,0,1,1,0,0,0,0,-96,0,6,0,54999838,0,47,1,256,1,"[47,-16,2,0,95,-31,90,-40,77,-47,73,-45,74,-47,74,-49,75,-46,73,-42,77,-36,80,-35,72,-27,69,-23,73,-35,72,-50,79,-51,88,-42,83,-41,69,-42,59,-36,57,-35,54,-35,59,-28,63,-19,45,-14,33,-10,8,-2,0,0,0,0,0,0,0,0,0,0,0,0,0,0,0,0,0,0,10,-3,33,-12,26,-13,39,-14,60,-19,55,-16,44,-13,46,-18,53,-26,61,-26,73,-12,86,6,90,18,82,21,77,10,81,-7,87,-8,83,2,77,2,80,-8,72,-14,62,-15,68,-9,72,2,78,-1,85,-6,86,-2,27,-4,88,-14,91,-18,87,-22,76,-23,69,-21,74,-20,77,-18,76,-17,75,-23,77,-31,75,-37,66,-36,64,-32,69,-36,74,-42,82,-43,85,-37,85,-31,82,-25,74,-15,65,-14,57,-15,53,-17,54,-19,45,-15,34,-12,29,-17,22,-19,3,-4,0,-3,-1,-1,-2,-1,0,1,3,0,7,-1,43,1,37,-7,28,-11,27,-10,36,-7,49,-7,51,-7,53,-7,55,-5,59,-4,63,-1,69,2,76,3,77,3,73,7,76,8,77,8,81,9,85,11,80,10,77,9,72,9,69,9,73,6,76,3,79,-3,81,-9,80,-13]"
CSI_DATA,16503,1a:00:00:00:00:00,-1,11,1,0,0,1,1,0,0,0,0,-96,0,6,0,55028230,0,47,1,256,1,"[47,-16,2,0,-80,-60,-89,-56,-93,-47,-84,-43,-77,-43,-77,-44,-77,-45,-75,-42,-82,-31,-96,-21,-92,-20,-84,-23,-89,-31,-94,-40,-90,-43,-80,-37,-76,-33,-73,-36,-65,-37,-64,-37,-63,-31,-55,-25,-43,-23,-33,-13,-29,-8,-8,-3,0,0,0,0,0,0,0,0,0,0,0,0,0,0,0,0,0,0,-8,-6,-29,-16,-25,-12,-33,-31,-41,-47,-31,-38,-29,-30,-38,-36,-45,-43,-56,-45,-64,-46,-65,-51,-66,-54,-63,-53,-59,-54,-65,-64,-65,-77,-49,-74,-42,-63,-49,-63,-53,-61,-49,-55,-44,-55,-52,-50,-76,-48,-87,-51,-81,-56,-20,-21,-68,-62,-72,-64,-76,-60,-79,-52,-78,-47,-76,-45,-72,-42,-72,-43,-74,-45,-76,-43,-78,-41,-75,-38,-74,-36,-77,-37,-80,-40,-84,-42,-79,-41,-75,-42,-75,-44,-67,-37,-60,-35,-54,-33,-50,-30,-45,-29,-38,-27,-36,-26,-21,-39,-18,-42,-4,-9,-2,-4,0,0,0,1,0,-1,-1,-3,-3,-8,-18,-43,-19,-36,-26,-21,-29,-25,-34,-35,-37,-46,-35,-46,-39,-42,-43,-42,-42,-45,-44,-50,-44,-59,-43,-63,-40,-63,-37,-62,-40,-67,-43,-69,-43,-75,-41,-78,-38,-73,-42,-67,-46,-63,-48,-60,-47,-59,-47,-58,-53,-60,-59,-63,-61,-63]"
CSI_DATA,16512,1a:00:00:00:00:00,0,11,1,0,0,1,1,0,0,0,0,-96,0,6,0,55033367,0,47,1,256,1,"[47,-16,2,0,26,96,28,40,30,-23,31,25,34,81,39,84,39,80,38,74,41,79,40,87,32,82,30,76,35,83,41,91,42,85,38,78,30,74,31,70,34,66,32,66,30,65,27,58,14,46,5,34,5,28,1,6,0,0,0,0,0,0,0,0,0,0,0,0,0,0,0,0,0,0,0,10,5,34,12,25,4,35,-5,43,2,36,12,40,13,50,14,55,15,70,7,85,-5,89,-8,91,-4,85,-1,76,-2,21,-7,-30,-3,25,1,77,0,76,3,80,7,75,4,70,4,82,9,98,11,101,9,93,6,24,24,81,26,87,28,71,31,53,31,65,32,78,32,73,33,71,37,71,41,73,40,75,36,71,36,71,37,75,40,78,42,79,38,75,34,72,33,72,32,65,29,60,23,55,21,50,18,45,12,41,7,40,2,31,-1,25,-2,5,-1,1,0,-1,-1,-2,-1,0,-1,2,0,7,7,37,7,26,13,27,10,29,6,37,2,43,6,46,12,49,12,51,9,53,9,63,4,72,1,77,0,77,1,73,1,76,-1,63,-6,51,-7,68,-6,81,-4,75,-1,73,3,71,6,72,8,74,12,80,13,84,14,85]"
CSI_DATA,16514,1a:00:00:00:00:00,0,11,1,0,0,1,1,0,0,0,0,-96,0,6,0,55044021,0,47,1,256,1,"[47,-16,2,0,-100,22,-107,21,-98,12,-89,14,-96,15,-100,11,-93,11,-79,13,-73,19,-78,31,-79,38,-89,42,-98,38,-99,33,-98,38,-91,36,-93,25,-89,15,-79,12,-77,16,-64,18,-44,23,-40,32,-51,27,-56,14,-14,2,0,0,0,0,0,0,0,0,0,0,0,0,0,0,0,0,0,0,-11,-5,-42,-12,-40,-2,-47,-2,-48,-7,-45,-5,-60,1,-63,6,-55,1,-61,-6,-71,0,-87,4,-98,-3,-94,-5,-92,-6,-94,-16,-95,-25,-88,-14,-76,-5,-76,-14,-79,-24,-80,-23,-75,-15,-69,-6,-83,2,-93,12,-94,17,-28,-3,-93,-6,-95,-5,-95,-5,-87,-5,-80,-1,-85,-2,-87,-4,-82,-2,-80,4,-81,15,-82,24,-81,27,-89,27,-95,24,-95,20,-97,21,-90,16,-87,12,-85,7,-77,8,-72,4,-59,3,-50,8,-46,17,-43,11,-41,1,-29,-8,-28,-15,-6,-4,-2,-2,0,-1,1,0,-1,-1,-2,-2,-6,-3,-36,-14,-31,-9,-32,-8,-37,-11,-45,-16,-47,-22,-46,-18,-52,-13,-56,-12,-58,-17,-64,-22,-68,-23,-77,-18,-80,-17,-81,-17,-85,-22,-84,-31,-80,-39,-78,-38,-72,-34,-71,-33,-69,-33,-70,-30,-74,-22,-75,-15,-83,-10,-88,-6,-88,-1]"
CSI_DATA,16516,1a:00:00:00:00:00,-1,11,1,0,0,1,1,0,0,0,0,-96,0,6,0,55079132,0,47,1,256,1,"[47,-16,2,0,92,9,86,0,85,-8,82,-3,84,1,90,0,90,-2,93,-5,100,-7,97,-11,80,-4,69,7,76,1,90,-18,37,-23,-24,-12,26,-3,78,0,73,1,70,0,66,-1,65,1,62,-2,46,-3,37,4,9,2,0,0,0,0,0,0,0,0,0,0,0,0,0,0,0,0,0,0,9,0,32,-1,30,2,44,10,58,13,54,10,52,3,58,0,61,0,67,7,77,24,80,39,75,46,72,44,69,36,72,30,77,31,72,34,69,31,72,28,67,29,63,26,70,26,77,31,84,29,87,26,83,30,7,-15,34,-38,38,-39,40,-40,38,-40,32,-41,34,-36,36,-38,33,-41,33,-47,37,-50,35,-49,27,-45,28,-48,30,-39,34,-31,20,-25,0,-19,12,-16,30,-20,34,-31,33,-38,29,-30,24,-27,24,-30,21,-27,16,-19,-6,-35,-13,-32,-3,-6,-3,-2,-1,0,-1,1,0,-1,0,-4,1,-10,7,-46,6,-38,16,-14,17,-9,23,-4,29,-10,28,-19,27,-27,29,-25,31,-25,37,-23,46,-21,49,-21,41,-21,41,-19,45,-19,50,-20,51,-18,52,-20,48,-20,46,-18,43,-16,45,-20,44,-23,45,-26,46,-28,47,-28,42,-23]"
CSI_DATA,16517,1a:00:00:00:00:00,-1,11,1,0,0,1,1,0,0,0,0,-96,0,6,0,55079301,0,47,1,256,1,"[47,-16,2,0,65,71,75,68,83,55,75,46,73,42,78,40,76,40,73,42,77,49,80,52,68,48,61,43,73,44,84,47,80,53,72,59,74,53,74,42,66,34,63,34,61,31,53,33,42,40,29,31,20,23,4,6,0,0,0,0,0,0,0,0,0,0,0,0,0,0,0,0,0,0,7,7,28,22,22,16,24,33,33,51,31,46,30,35,40,33,48,35,56,45,54,63,43,80,35,82,28,73,29,63,43,66,46,77,33,77,27,71,39,68,49,59,46,53,40,58,41,67,49,73,54,74,52,72,22,18,68,58,70,60,73,56,76,50,75,47,74,44,74,40,73,39,72,34,75,34,79,32,73,28,70,27,75,28,82,30,85,34,82,39,78,40,75,40,62,34,57,28,52,25,46,24,42,23,37,20,34,21,32,19,26,19,6,2,1,0,-1,-1,-1,-1,-1,0,1,1,5,3,27,21,28,16,27,12,26,13,26,25,30,39,33,42,38,43,39,46,41,47,43,50,45,57,43,62,41,61,37,60,41,65,42,68,44,73,44,76,43,70,42,63,44,59,43,57,44,57,47,58,55,59,61,60,63,57]"
CSI_DATA,16518,1a:00:00:00:00:00,0,11,1,0,0,1,1,0,0,0,0,-96,0,6,0,55091792,0,47,1,256,1,"[47,-16,2,0,-25,97,-30,100,-40,90,-40,74,-41,75,-43,80,-38,77,-29,75,-21,81,-14,88,-12,82,-20,79,-31,86,-32,97,-23,97,-17,90,-22,82,-33,70,-40,62,-39,65,-33,63,-17,55,-3,49,-6,44,-16,40,-5,9,0,0,0,0,0,0,0,0,0,0,0,0,0,0,0,0,0,0,-7,8,-20,26,-8,23,-9,36,-15,43,-12,42,-9,48,-11,51,-19,48,-29,59,-30,74,-29,78,-32,81,-32,80,-32,74,-44,75,-57,79,-49,75,-33,69,-38,63,-50,59,-48,59,-40,59,-36,70,-33,87,-33,89,-32,81,-22,12,-68,51,-68,52,-66,51,-66,51,-64,51,-60,55,-55,57,-55,57,-54,56,-54,58,-55,56,-58,50,-64,51,-67,58,-64,63,-59,61,-52,55,-51,51,-53,47,-53,46,-52,45,-47,36,-40,26,-34,23,-33,19,-35,16,-26,-5,-17,-7,-2,-3,0,-2,0,0,1,0,-1,-1,-2,-1,-7,-2,-36,0,-31,6,-23,22,-25,21,-30,24,-37,22,-35,22,-32,28,-34,34,-42,35,-52,36,-56,34,-59,32,-59,30,-60,28,-68,28,-74,29,-77,29,-72,29,-61,29,-58,30,-60,32,-61,34,-61,37,-60,40,-63,42,-66,41,-67,36]"
CSI_DATA,16519,1a:00:00:00:00:00,-1,11,1,0,0,1,1,0,0,0,0,-96,0,6,0,55091957,0,47,1,256,1,"[47,-16,2,0,-20,-101,-24,-89,-35,-74,-34,-84,-27,-90,-26,-82,-31,-80,-35,-79,-40,-76,-52,-75,-50,-68,-41,-67,-41,-75,-49,-76,-59,-86,-51,-90,-37,-81,-30,-71,-26,-63,-28,-63,-26,-57,-30,-51,-36,-50,-25,-37,-16,-35,-5,-11,0,0,0,0,0,0,0,0,0,0,0,0,0,0,0,0,0,0,-2,-8,-7,-30,-5,-30,0,-43,3,-57,3,-54,3,-54,4,-58,1,-59,-4,-61,-6,-70,-1,-84,9,-87,11,-82,11,-83,11,-89,14,-92,17,-87,14,-78,10,-80,11,-72,9,-63,5,-69,0,-71,-8,-79,-15,-92,-16,-99,-1,-28,1,-93,8,-94,11,-89,9,-74,6,-71,1,-78,-7,-82,-11,-80,-11,-81,-10,-82,-13,-80,-8,-75,-2,-78,-2,-89,-10,-93,-15,-93,-14,-87,-11,-82,-11,-74,-7,-69,-5,-66,-3,-58,-5,-52,-7,-52,-2,-44,3,-35,10,-24,8,-16,1,-2,-1,0,-1,0,-1,1,-1,-1,-1,-3,1,-6,10,-30,12,-27,7,-24,8,-26,12,-34,15,-43,13,-46,11,-50,11,-53,12,-57,17,-59,21,-63,27,-72,27,-75,31,-72,36,-73,40,-75,42,-74,42,-73,35,-69,29,-69,23,-66,23,-65,20,-73,19,-78,17,-79,15,-83,12,-85]"
CSI_DATA,16520,1a:00:00:00:00:00,-1,11,1,0,0,1,1,0,0,0,0,-96,0,6,0,55108987,0,47,1,256,1,"[47,-16,2,0,-21,-93,-33,-88,-47,-82,-44,-73,-44,-72,-47,-79,-43,-81,-42,-79,-44,-84,-42,-84,-31,-72,-27,-63,-44,-64,-61,-68,-59,-77,-49,-89,-45,-82,-43,-66,-40,-58,-40,-57,-42,-54,-37,-57,-30,-59,-22,-44,-14,-31,-3,-8,0,0,0,0,0,0,0,0,0,0,0,0,0,0,0,0,0,0,2,-14,0,-45,-4,-35,6,-45,10,-59,5,-55,-1,-46,-8,-50,-12,-59,-8,-72,10,-87,29,-92,37,-87,33,-78,20,-71,4,-75,5,-85,14,-80,14,-74,5,-76,-2,-76,-1,-72,5,-74,8,-79,5,-85,2,-86,7,-82,-11,-29,-31,-87,-34,-88,-40,-83,-44,-80,-43,-77,-46,-76,-47,-73,-47,-72,-48,-69,-49,-70,-51,-69,-46,-62,-46,-60,-55,-62,-64,-62,-67,-67,-59,-71,-53,-68,-51,-66,-39,-57,-37,-51,-36,-47,-35,-47,-32,-46,-26,-42,-23,-38,-19,-33,-16,-27,-5,-4,-1,-1,-1,0,0,1,0,-1,-1,-3,-2,-6,-6,-35,-11,-31,-9,-29,-10,-29,-4,-37,2,-50,1,-57,-3,-60,-2,-60,-5,-62,-4,-67,1,-73,9,-75,10,-76,12,-74,9,-80,6,-81,3,-87,3,-88,1,-83,0,-77,-1,-74,1,-73,0,-75,-4,-75,-12,-78,-16,-82,-16,-80]"
CSI_DATA,16521,1a:00:00:00:00:00,-1,11,1,0,0,1,1,0,0,0,0,-96,0,6,0,55123727,0,47,1,256,1,"[47,-16,2,0,-9,101,5,100,18,97,14,84,7,81,4,90,-3,91,-3,89,10,91,20,90,16,87,12,86,12,91,9,97,0,98,-7,92,-7,84,-8,78,-9,71,-9,70,-5,70,-3,62,-8,51,-2,35,7,26,2,6,0,0,0,0,0,0,0,0,0,0,0,0,0,0,0,0,0,0,3,11,15,36,11,28,3,47,-1,66,-2,56,-1,40,5,46,13,60,16,71,11,79,2,84,-1,85,-2,82,-2,78,-1,83,-10,92,-22,81,-22,68,-13,68,-8,71,-15,72,-24,76,-16,83,2,93,9,97,4,92,-8,29,-21,93,-21,94,-14,91,-7,81,-5,70,-2,75,0,81,-1,83,0,84,1,85,1,86,-2,82,-4,83,-3,86,0,88,0,91,-4,87,-4,82,-5,82,-3,71,-4,65,-8,59,-12,53,-13,48,-14,42,-12,38,-24,28,-24,19,-5,3,-2,0,-1,-1,0,-2,-1,0,-2,2,-2,6,-11,36,-7,29,4,27,0,28,-8,38,-15,49,-14,52,-9,52,-5,54,-2,57,-3,62,-12,69,-21,70,-27,69,-29,68,-33,74,-34,73,-38,75,-40,76,-35,71,-27,68,-21,70,-20,70,-24,71,-23,72,-19,78,-20,83,-22,83]"
CSI_DATA,16522,1a:00:00:00:00:00,-1,11,1,0,0,1,1,0,0,0,0,-96,0,6,0,55135018,0,47,1,256,1,"[47,-16,2,0,-81,41,-77,53,-77,59,-76,46,-79,34,-84,31,-84,29,-77,31,-67,48,-60,68,-57,68,-59,59,-70,56,-81,60,-86,61,-81,52,-74,40,-72,24,-67,16,-65,17,-58,21,-48,25,-41,29,-27,30,-21,25,-6,5,0,0,0,0,0,0,0,0,0,0,0,0,0,0,0,0,0,0,-9,5,-28,22,-23,21,-42,21,-60,24,-49,21,-35,17,-43,16,-56,18,-63,26,-68,33,-74,37,-77,41,-75,41,-72,35,-77,31,-89,28,-85,16,-71,12,-73,16,-76,13,-72,4,-67,2,-67,19,-73,47,-79,54,-80,43,-26,6,-82,23,-83,29,-81,37,-78,41,-77,40,-74,39,-72,40,-71,40,-76,40,-76,40,-71,41,-65,39,-64,37,-66,41,-71,47,-79,53,-76,49,-73,42,-72,38,-62,33,-55,28,-53,23,-50,21,-48,20,-43,17,-42,16,-42,13,-42,13,-9,3,-3,0,-1,-1,1,0,-1,0,-3,-1,-9,-1,-48,-1,-39,0,-27,11,-30,13,-40,11,-54,9,-55,9,-53,13,-51,16,-53,14,-61,14,-72,10,-77,4,-76,2,-73,1,-75,2,-75,3,-80,3,-84,3,-80,5,-76,9,-74,12,-74,12,-73,10,-72,11,-76,16,-80,15,-78,12]"
CSI_DATA,16523,1a:00:00:00:00:00,0,11,1,0,0,1,1,0,0,0,0,-96,0,6,0,55135272,0,47,1,256,1,"[47,-16,2,0,88,-50,95,-55,98,-47,85,-40,84,-40,91,-40,86,-38,69,-36,60,-47,62,-62,62,-66,70,-68,82,-69,87,-68,78,-62,67,-56,72,-55,74,-44,68,-35,67,-37,59,-40,38,-40,25,-41,29,-41,35,-35,9,-8,0,0,0,0,0,0,0,0,0,0,0,0,0,0,0,0,0,0,10,0,36,-2,28,-9,40,-10,51,-7,42,-7,40,-11,46,-11,56,-8,74,-11,80,-19,81,-26,88,-31,87,-30,88,-27,98,-20,103,-9,87,-6,72,-11,75,-9,82,-5,83,-6,75,-8,70,-19,84,-41,91,-48,81,-43,21,11,75,22,75,18,76,15,72,15,63,14,67,12,72,13,72,15,74,11,76,2,74,-5,69,-7,71,-9,77,-7,79,-6,80,1,71,7,69,6,69,7,62,7,59,4,53,5,41,5,38,1,37,-1,38,3,30,30,29,32,6,6,2,2,-1,-1,-1,-2,-1,0,0,2,4,4,24,24,25,17,33,5,32,12,37,19,38,28,37,27,39,23,42,20,47,20,57,21,63,25,65,25,63,24,60,25,62,33,62,38,59,44,54,45,51,40,50,36,54,33,59,33,61,32,62,27,71,19,77,17,73,16]"
CSI_DATA,16524,1a:00:00:00:00:00,-1,11,1,0,0,1,1,0,0,0,0,-96,0,6,0,55139396,0,47,1,256,1,"[47,-16,2,0,-45,-86,-51,-86,-49,-89,-41,-77,-37,-73,-35,-82,-32,-83,-33,-77,-48,-72,-63,-70,-62,-68,-55,-69,-55,-81,-55,-91,-48,-88,-42,-77,-35,-72,-25,-75,-21,-73,-22,-72,-27,-69,-31,-55,-26,-40,-23,-31,-23,-29,-6,-8,0,0,0,0,0,0,0,0,0,0,0,0,0,0,0,0,0,0,-5,-11,-21,-32,-23,-23,-26,-36,-24,-50,-21,-40,-21,-31,-23,-41,-25,-56,-34,-68,-42,-72,-44,-72,-46,-76,-45,-76,-39,-72,-36,-80,-31,-93,-22,-85,-21,-70,-21,-69,-16,-72,-11,-73,-10,-73,-26,-74,-48,-78,-52,-82,-44,-79,-6,-28,-24,-89,-27,-88,-31,-84,-34,-76,-34,-64,-36,-67,-37,-71,-36,-73,-37,-73,-41,-73,-42,-74,-38,-74,-35,-78,-37,-81,-40,-82,-42,-82,-38,-76,-35,-72,-31,-75,-30,-67,-27,-62,-21,-57,-17,-50,-15,-44,-10,-41,-6,-42,9,-32,15,-26,3,-5,2,-2,-1,0,-1,1,0,-1,0,-3,0,-7,-3,-39,-4,-29,-16,-23,-17,-26,-17,-36,-14,-48,-13,-49,-17,-48,-19,-50,-18,-54,-20,-62,-17,-67,-14,-69,-12,-70,-11,-71,-9,-79,-8,-82,-4,-85,-2,-85,-4,-78,-8,-73,-10,-73,-12,-74,-13,-74,-17,-73,-22,-78,-20,-85,-16,-87]"
CSI_DATA,16525,1a:00:00:00:00:00,-1,11,1,0,0,1,1,0,0,0,0,-96,0,6,0,55167613,0,47,1,256,1,"[47,-16,2,0,-49,89,-35,90,-18,91,-24,89,-33,86,-32,85,-31,88,-28,86,-25,87,-19,93,-19,85,-28,76,-29,81,-14,89,-17,101,-33,101,-32,90,-27,77,-26,66,-27,64,-24,61,-25,60,-25,59,-15,42,-13,32,-4,8,0,0,0,0,0,0,0,0,0,0,0,0,0,0,0,0,0,0,-3,9,-7,35,-9,31,-22,39,-31,52,-29,48,-26,45,-30,53,-30,58,-32,62,-43,63,-58,66,-66,65,-62,61,-59,61,-59,67,-61,72,-64,65,-61,57,-60,61,-53,57,-45,50,-48,53,-49,55,-46,68,-47,80,-54,78,-6,24,-22,77,-22,78,-20,78,-17,76,-20,77,-21,75,-18,77,-16,79,-12,83,-9,86,-6,85,-2,75,-7,75,-6,68,-3,63,-4,56,-10,48,-12,48,-16,56,-20,61,-21,66,-16,55,-13,52,-12,53,-9,44,-5,35,12,37,20,35,4,6,2,2,0,-1,0,-2,-1,0,-1,3,-2,9,-6,48,-3,41,-5,28,-7,29,-15,33,-22,45,-20,48,-17,50,-18,50,-21,52,-25,55,-32,60,-37,64,-36,63,-38,58,-40,57,-43,61,-45,63,-47,64,-45,59,-46,56,-43,53,-40,55,-39,61,-37,65,-33,68,-31,71,-28,67]"
CSI_DATA,16526,1a:00:00:00:00:00,0,11,1,0,0,1,1,0,0,0,0,-96,0,6,0,55167791,0,47,1,256,1,"[47,-16,2,0,-68,-82,-68,-82,-64,-78,-62,-71,-64,-69,-65,-70,-65,-65,-66,-59,-70,-61,-70,-64,-63,-61,-57,-60,-63,-64,-74,-64,-86,-65,-85,-67,-66,-65,-53,-60,-50,-56,-50,-56,-48,-50,-47,-40,-42,-34,-26,-34,-18,-35,-5,-9,0,0,0,0,0,0,0,0,0,0,0,0,0,0,0,0,0,0,-4,-9,-14,-29,-20,-26,-22,-35,-17,-40,-22,-38,-34,-44,-37,-51,-34,-48,-37,-56,-39,-74,-34,-88,-27,-93,-26,-88,-26,-79,-27,-81,-28,-91,-33,-87,-37,-76,-31,-72,-23,-72,-24,-69,-31,-69,-34,-78,-39,-87,-45,-89,-45,-87,-14,3,-45,3,-47,4,-48,10,-47,15,-44,15,-44,11,-46,8,-45,8,-47,14,-48,18,-41,17,-33,19,-33,19,-36,19,-40,17,-48,16,-45,11,-42,13,-45,13,-43,14,-39,10,-36,7,-32,5,-28,6,-19,2,-14,-6,-23,9,-26,5,-6,0,-3,-1,0,-1,0,-1,-1,0,-1,1,-4,2,-20,19,-15,16,-12,2,-20,2,-25,0,-26,1,-26,4,-29,4,-30,2,-34,2,-38,1,-39,-3,-38,-3,-33,-1,-33,3,-35,4,-36,0,-37,-7,-43,-7,-47,-6,-45,-6,-41,-8,-44,-5,-45,-3,-42,-1,-34,1,-28,2,-32,1]"
CSI_DATA,16527,1a:00:00:00:00:00,-1,11,1,0,0,1,1,0,0,0,0,-96,0,6,0,55167951,0,47,1,256,1,"[47,-16,2,0,95,12,103,9,103,5,91,4,89,2,95,0,93,0,80,-3,81,-5,93,-3,91,1,87,3,95,5,102,2,97,0,90,4,90,2,84,0,73,1,72,2,69,4,60,8,52,9,44,2,37,-3,8,-1,0,0,0,0,0,0,0,0,0,0,0,0,0,0,0,0,0,0,10,2,38,2,31,-3,42,6,54,13,43,10,39,2,47,0,57,4,72,10,78,20,79,28,85,28,82,26,80,26,88,30,93,38,79,39,65,33,70,32,78,23,76,17,66,19,68,19,87,16,96,19,87,25,25,-3,83,-9,87,-9,88,-10,80,-15,70,-18,72,-20,74,-20,75,-19,76,-21,79,-22,81,-18,78,-18,76,-18,78,-19,81,-22,82,-25,79,-21,78,-17,77,-15,67,-19,62,-19,57,-12,52,-8,50,-6,47,-3,44,0,31,3,24,7,4,2,1,0,-1,-1,-2,-1,0,0,2,0,6,0,38,-1,31,-4,29,-9,34,-10,43,-8,49,-3,47,-5,48,-10,50,-11,53,-6,62,0,68,9,73,12,75,13,74,13,77,11,79,12,80,16,79,16,73,14,70,11,72,6,72,3,70,3,71,4,77,6,83,6,84,5]"
CSI_DATA,16528,1a:00:00:00:00:00,0,11,1,0,0,1,1,0,0,0,0,-96,0,6,0,55181243,0,47,1,256,1,"[47,-16,2,0,-76,-66,-74,-68,-66,-75,-65,-75,-72,-66,-75,-60,-76,-55,-70,-53,-60,-62,-55,-71,-51,-73,-51,-75,-60,-72,-76,-72,-95,-71,-90,-64,-66,-62,-55,-59,-53,-54,-53,-54,-46,-47,-39,-36,-37,-31,-28,-36,-24,-46,-7,-13,0,0,0,0,0,0,0,0,0,0,0,0,0,0,0,0,0,0,-4,-9,-15,-28,-22,-24,-28,-34,-28,-37,-35,-29,-50,-35,-58,-37,-54,-30,-49,-39,-45,-60,-36,-82,-27,-93,-26,-89,-31,-79,-35,-78,-38,-86,-46,-83,-49,-69,-41,-66,-36,-67,-39,-64,-43,-64,-39,-73,-36,-87,-37,-93,-41,-91,-19,-20,-64,-64,-66,-64,-65,-62,-61,-64,-59,-66,-59,-65,-57,-62,-57,-58,-59,-56,-63,-54,-64,-50,-62,-45,-65,-49,-72,-54,-78,-56,-82,-59,-73,-59,-63,-56,-55,-55,-49,-50,-46,-51,-38,-44,-35,-32,-37,-28,-30,-32,-21,-38,-21,-23,-15,-24,-3,-6,-1,-2,0,0,0,0,-1,-1,-2,-2,-3,-5,-20,-25,-16,-21,-21,-20,-24,-27,-28,-36,-28,-41,-31,-38,-35,-42,-35,-46,-34,-48,-37,-53,-37,-62,-41,-67,-42,-65,-42,-63,-43,-68,-38,-73,-34,-78,-35,-78,-35,-73,-32,-69,-28,-68,-29,-68,-37,-67,-42,-66,-46,-67,-50,-67,-50,-64]"
CSI_DATA,16529,1a:00:00:00:00:00,-1,11,1,0,0,1,1,0,0,0,0,-96,0,6,0,55189799,0,47,1,256,1,"[47,-16,2,0,-86,-48,-33,-47,20,-38,-29,-28,-84,-26,-91,-27,-87,-28,-80,-27,-86,-28,-91,-33,-82,-33,-77,-31,-87,-31,-98,-31,-91,-32,-81,-37,-80,-38,-80,-31,-74,-24,-71,-25,-71,-23,-62,-24,-44,-29,-30,-24,-26,-17,-7,-4,0,0,0,0,0,0,0,0,0,0,0,0,0,0,0,0,0,0,-10,-7,-37,-16,-33,-9,-37,-25,-42,-38,-40,-27,-43,-19,-51,-21,-58,-24,-68,-32,-71,-49,-65,-64,-62,-68,-58,-63,-55,-55,-66,-55,-74,-62,-64,-56,-54,-50,-59,-50,-66,-47,-61,-44,-56,-46,-62,-52,-75,-59,-82,-61,-76,-60,-9,-25,-38,-70,-42,-70,-28,-70,-16,-70,-31,-64,-47,-60,-46,-55,-45,-56,-49,-55,-55,-54,-57,-56,-53,-54,-51,-55,-55,-55,-59,-55,-57,-59,-51,-61,-50,-58,-49,-58,-43,-48,-40,-44,-35,-37,-32,-34,-29,-35,-23,-34,-20,-35,3,-37,8,-32,2,-8,1,-2,-1,0,-1,1,0,0,0,-3,0,-7,1,-39,-5,-29,-25,-17,-21,-22,-19,-33,-15,-42,-15,-44,-19,-43,-21,-42,-22,-42,-25,-46,-27,-55,-27,-61,-24,-64,-18,-64,-15,-69,-15,-69,-14,-72,-10,-72,-9,-69,-13,-63,-19,-59,-23,-58,-25,-62,-29,-63,-36,-68,-41,-73,-41,-74]"
CSI_DATA,16530,1a:00:00:00:00:00,0,11,1,0,0,1,1,0,0,0,0,-96,0,6,0,55212951,0,47,1,256,1,"[47,-16,2,0,-79,71,-72,69,-64,64,-67,67,-68,71,-64,67,-62,68,-58,66,-59,62,-65,61,-66,56,-66,57,-66,65,-66,72,-69,87,-70,84,-70,66,-62,57,-55,53,-54,50,-45,41,-36,39,-37,41,-39,28,-43,21,-12,5,0,0,0,0,0,0,0,0,0,0,0,0,0,0,0,0,0,0,-7,3,-26,15,-27,19,-37,25,-43,29,-38,35,-42,44,-42,49,-35,48,-41,47,-56,48,-76,44,-88,36,-84,34,-78,37,-79,39,-84,40,-81,44,-69,46,-67,42,-65,34,-63,33,-67,40,-73,39,-82,41,-87,50,-86,56,4,17,4,59,3,59,5,58,6,57,4,59,2,59,1,57,1,54,4,57,8,58,11,53,14,48,14,52,15,57,17,52,16,48,12,47,10,49,7,52,5,52,0,46,1,38,4,34,5,34,2,27,-5,20,16,17,11,10,0,0,-1,-2,-1,-1,-2,-2,0,0,2,2,4,6,23,37,20,31,0,20,-3,21,-8,23,-4,28,2,31,3,36,0,39,-1,42,-5,46,-11,50,-13,52,-11,49,-9,49,-8,53,-9,53,-13,50,-12,54,-11,52,-13,49,-15,47,-12,50,-11,52,-9,53,-8,54,-10,59,-9,60]"
CSI_DATA,16531,1a:00:00:00:00:00,0,11,1,0,0,1,1,0,0,0,0,-96,0,6,0,55234304,0,47,1,256,1,"[47,-16,2,0,-90,61,-73,63,-52,68,-62,70,-73,67,-69,65,-68,66,-62,67,-45,71,-36,79,-37,81,-41,80,-47,79,-50,79,-59,89,-60,82,-50,68,-46,61,-43,51,-43,50,-36,48,-26,49,-25,47,-17,30,-18,24,-7,7,0,0,0,0,0,0,0,0,0,0,0,0,0,0,0,0,0,0,-7,4,-23,16,-24,15,-42,19,-61,23,-57,16,-47,12,-50,20,-56,29,-56,33,-60,37,-72,40,-77,37,-72,35,-71,33,-79,32,-90,31,-89,22,-78,17,-74,22,-68,22,-66,14,-69,15,-63,31,-62,51,-69,64,-78,67,-30,11,-91,37,-89,33,-80,30,-71,31,-73,36,-76,41,-73,44,-72,45,-71,44,-70,40,-68,38,-64,33,-67,34,-73,42,-76,51,-78,58,-73,55,-68,49,-66,46,-58,38,-55,33,-48,27,-43,25,-40,26,-35,20,-28,16,-35,2,-27,2,-4,1,0,0,-1,0,1,0,-1,0,-3,0,-6,-1,-30,-5,-26,-6,-23,5,-25,3,-37,3,-50,7,-54,10,-56,15,-57,18,-58,17,-59,11,-66,6,-73,0,-74,-3,-72,-6,-79,-5,-82,-4,-87,-1,-88,-1,-82,0,-75,4,-72,11,-70,10,-75,9,-76,9,-78,11,-82,15,-84,19]"
CSI_DATA,16532,1a:00:00:00:00:00,-1,11,1,0,0,1,1,0,0,0,0,-96,0,6,0,55234491,0,47,1,256,1,"[47,-16,2,0,-85,55,-77,65,-61,74,-48,65,-45,64,-50,71,-55,68,-58,66,-61,70,-60,73,-55,64,-51,60,-51,73,-56,81,-64,74,-68,64,-63,62,-54,62,-46,58,-44,59,-41,61,-43,52,-48,39,-35,29,-21,22,-5,4,0,0,0,0,0,0,0,0,0,0,0,0,0,0,0,0,0,0,-12,7,-34,29,-23,26,-41,23,-60,26,-52,23,-38,20,-38,31,-45,46,-57,53,-71,46,-83,32,-85,25,-79,21,-72,25,-74,38,-83,37,-79,21,-70,17,-66,29,-61,38,-62,35,-70,30,-74,32,-77,40,-77,46,-77,44,-25,16,-76,52,-77,54,-72,55,-65,56,-61,53,-61,50,-62,51,-64,53,-63,58,-61,67,-56,71,-48,67,-45,64,-47,71,-52,75,-58,76,-61,69,-63,62,-64,55,-60,45,-54,41,-49,43,-42,40,-40,38,-34,34,-27,33,-26,32,-21,35,-4,7,-1,3,0,0,1,-1,-1,-1,-3,0,-6,3,-36,17,-31,21,-25,27,-24,26,-35,23,-49,23,-52,23,-52,24,-54,25,-59,28,-64,29,-70,29,-73,30,-70,30,-69,24,-73,24,-77,25,-82,27,-85,23,-79,20,-73,19,-70,20,-71,20,-73,25,-74,32,-74,41,-73,48,-69,51]"
CSI_DATA,16533,1a:00:00:00:00:00,0,11,1,0,0,1,1,0,0,0,0,-96,0,6,0,55234669,0,47,1,256,1,"[47,-16,2,0,72,-78,60,-80,41,-79,50,-80,68,-71,69,-61,63,-65,51,-70,39,-77,29,-90,20,-85,24,-77,31,-79,26,-87,30,-106,45,-106,53,-85,53,-65,51,-54,49,-55,40,-53,27,-58,19,-67,17,-49,18,-36,5,-10,0,0,0,0,0,0,0,0,0,0,0,0,0,0,0,0,0,0,6,-6,25,-25,29,-26,42,-27,48,-27,46,-25,54,-28,61,-29,57,-29,56,-34,62,-44,77,-51,85,-45,79,-43,76,-43,80,-39,82,-39,81,-45,75,-44,75,-36,72,-22,69,-15,70,-27,63,-40,58,-58,62,-70,69,-70,25,-13,80,-43,79,-42,74,-39,68,-37,70,-40,73,-42,72,-45,68,-49,65,-51,65,-50,62,-47,57,-37,61,-34,67,-44,66,-56,67,-66,68,-63,67,-55,63,-49,57,-40,54,-36,47,-31,40,-28,36,-31,33,-24,28,-17,29,-7,24,-9,3,-3,-1,-2,0,-1,-2,0,0,-1,2,-1,6,-1,32,0,27,0,23,-9,26,-9,35,-8,45,-9,49,-14,56,-21,58,-21,59,-19,59,-13,65,-9,74,-4,76,-4,74,-1,78,0,80,2,82,-1,84,-6,79,-11,75,-12,71,-11,71,-8,75,-12,77,-16,77,-18,80,-19,78,-20]"
CSI_DATA,16534,1a:00:00:00:00:00,-1,11,1,0,0,1,1,0,0,0,0,-96,0,6,0,55239357,0,47,1,256,1,"[47,-16,2,0,-100,-14,-106,-5,-106,-1,-93,-6,-88,-11,-93,-15,-93,-20,-88,-20,-92,-8,-98,6,-90,7,-86,2,-95,0,-104,-2,-102,-11,-95,-18,-91,-19,-82,-22,-72,-25,-72,-24,-70,-16,-62,-9,-55,-9,-45,-3,-38,-3,-9,-2,0,0,0,0,0,0,0,0,0,0,0,0,0,0,0,0,0,0,-12,-1,-39,3,-31,6,-47,-1,-67,-7,-57,-5,-46,-1,-53,-1,-64,-4,-77,-4,-86,-6,-91,-11,-93,-13,-88,-13,-81,-12,-87,-14,-95,-22,-81,-30,-69,-29,-76,-26,-79,-27,-72,-31,-68,-32,-76,-23,-93,-10,-98,-8,-88,-16,-23,7,-74,18,-80,19,-81,22,-72,26,-61,28,-60,28,-62,28,-63,27,-69,24,-77,21,-79,20,-73,21,-68,21,-68,23,-72,25,-74,28,-72,26,-70,24,-67,23,-54,23,-47,20,-45,17,-45,15,-45,12,-45,8,-46,5,-43,18,-43,17,-9,3,-3,1,-1,-1,1,-1,-1,0,-3,0,-8,2,-42,15,-34,13,-27,10,-30,15,-39,13,-52,11,-52,11,-49,18,-48,19,-51,14,-58,10,-69,2,-77,-4,-79,-7,-76,-8,-77,-5,-77,-4,-79,-6,-79,-4,-74,-2,-71,3,-68,6,-66,7,-67,5,-70,1,-78,-1,-82,-2,-79,-1]"
CSI_DATA,16535,1a:00:00:00:00:00,-1,11,1,0,0,1,1,0,0,0,0,-96,0,6,0,55279724,0,47,1,256,1,"[47,-16,2,0,-39,78,-41,90,-37,100,-35,93,-32,87,-28,89,-26,84,-25,69,-26,71,-24,88,-21,88,-27,85,-34,89,-36,93,-36,93,-35,84,-38,88,-37,81,-31,64,-29,63,-24,53,-20,37,-20,35,-14,37,-12,30,-4,6,0,0,0,0,0,0,0,0,0,0,0,0,0,0,0,0,0,0,-4,8,-9,34,-8,31,-24,41,-33,49,-23,41,-11,46,-10,52,-14,52,-22,59,-32,63,-42,68,-46,73,-44,70,-47,67,-53,69,-61,70,-59,59,-51,48,-55,59,-53,70,-42,65,-37,54,-36,55,-43,78,-49,89,-50,84,-21,9,-63,38,-67,39,-68,43,-64,50,-62,51,-57,50,-53,49,-54,46,-58,44,-59,43,-58,43,-54,42,-53,44,-54,49,-56,53,-62,53,-63,47,-64,45,-63,43,-56,40,-49,38,-45,30,-42,23,-39,23,-34,21,-35,20,-41,-5,-43,-9,-9,-2,-4,-2,0,-1,1,0,0,-1,-2,-2,-8,-3,-43,-12,-40,-7,-18,17,-24,17,-33,19,-42,20,-41,18,-39,24,-39,31,-43,30,-49,29,-59,25,-63,21,-59,16,-57,12,-62,15,-63,18,-66,18,-70,17,-66,15,-63,21,-59,29,-59,30,-61,26,-60,23,-62,28,-64,34,-62,36]"
CSI_DATA,16536,1a:00:00:00:00:00,-1,11,1,0,0,1,1,0,0,0,0,-96,0,6,0,55279911,0,47,1,256,1,"[47,-16,2,0,83,-31,91,-38,100,-39,94,-35,88,-34,91,-35,84,-32,68,-28,70,-28,83,-28,87,-25,89,-25,92,-31,93,-44,93,-50,90,-42,91,-33,83,-27,72,-22,70,-21,59,-18,46,-11,43,-10,41,-11,38,-9,9,-2,0,0,0,0,0,0,0,0,0,0,0,0,0,0,0,0,0,0,10,-2,36,-12,31,-14,46,-7,55,-7,42,-15,41,-24,45,-28,49,-26,65,-21,76,-7,82,4,89,5,88,3,86,2,88,-2,92,-5,83,-5,72,-4,76,-4,84,-7,83,-9,75,-7,76,-3,95,-6,101,-8,91,-4,24,-13,75,-43,73,-47,73,-51,73,-51,71,-47,71,-44,74,-43,71,-44,66,-49,61,-55,56,-55,52,-54,54,-54,58,-58,61,-63,68,-64,70,-53,70,-44,70,-38,62,-32,57,-29,49,-26,39,-23,37,-23,37,-18,39,-12,29,-16,29,-16,6,-3,1,-2,-1,-1,-2,0,0,0,2,0,5,-3,26,-16,19,-20,23,-22,29,-25,39,-25,48,-22,46,-23,45,-27,44,-27,49,-29,57,-31,65,-28,67,-28,65,-27,64,-25,69,-24,73,-22,78,-21,77,-21,72,-20,70,-16,72,-14,74,-16,71,-20,68,-23,73,-30,75,-35,71,-35]"
CSI_DATA,16537,1a:00:00:00:00:00,-1,11,1,0,0,1,1,0,0,0,0,-96,0,6,0,55280071,0,47,1,256,1,"[47,-16,2,0,-97,9,-90,17,-76,33,-82,30,-86,22,-80,23,-81,25,-79,24,-75,32,-75,47,-68,46,-67,38,-77,37,-81,40,-91,39,-94,30,-89,27,-78,23,-68,18,-67,18,-57,18,-50,21,-53,24,-39,21,-32,14,-9,2,0,0,0,0,0,0,0,0,0,0,0,0,0,0,0,0,0,0,-10,3,-36,12,-30,3,-43,-8,-64,-6,-59,-3,-49,-2,-53,1,-60,7,-66,13,-73,12,-84,4,-87,-1,-79,-3,-75,-4,-81,-3,-89,-10,-82,-23,-70,-24,-76,-15,-73,-9,-63,-9,-64,-7,-67,1,-79,14,-89,20,-93,19,0,-16,-14,-40,-15,-39,-10,-36,-6,-32,-11,-31,-15,-35,-13,-40,-13,-41,-14,-43,-14,-42,-14,-38,-12,-34,-13,-32,-18,-34,-19,-34,-19,-36,-17,-36,-14,-38,-13,-37,-14,-32,-13,-28,-8,-27,-8,-24,-10,-20,-6,-18,-9,-16,13,-47,11,-50,2,-10,0,-4,-1,-1,-2,1,0,0,1,-3,4,-7,25,-39,20,-35,-3,-8,0,-17,-2,-23,-4,-26,-3,-28,-4,-29,-8,-28,-6,-29,-4,-31,-4,-35,-3,-36,-1,-35,4,-35,3,-37,3,-34,5,-36,7,-40,7,-38,4,-31,-2,-28,-2,-31,-4,-37,-4,-38,-7,-37,-12,-35,-18,-32]"
CSI_DATA,16538,1a:00:00:00:00:00,-1,11,1,0,0,1,1,0,0,0,0,-96,0,6,0,55280240,0,47,1,256,1,"[47,-16,2,0,93,-11,101,-19,100,-30,84,-29,80,-30,85,-33,85,-29,75,-24,74,-29,84,-38,83,-34,85,-31,94,-35,99,-36,95,-28,87,-20,91,-23,83,-22,69,-18,69,-21,63,-20,51,-13,47,-9,41,-14,33,-12,7,-2,0,0,0,0,0,0,0,0,0,0,0,0,0,0,0,0,0,0,13,-1,47,-11,37,-13,48,-2,57,5,46,1,43,-11,50,-17,60,-12,71,-10,74,-5,81,0,87,0,83,3,82,3,90,1,96,8,84,16,69,16,77,12,85,4,78,0,66,5,65,-1,83,-12,97,-12,98,-4,23,14,78,33,77,32,77,26,70,21,62,21,66,20,71,17,73,18,71,17,71,15,74,15,72,16,73,16,78,11,82,7,84,9,80,15,77,15,71,18,59,15,58,12,52,14,45,17,44,16,40,16,35,18,21,38,16,35,3,7,0,1,-1,-1,-1,-2,-1,0,0,2,3,6,19,40,19,31,27,5,26,8,33,16,36,27,34,29,38,25,41,23,45,23,50,24,50,31,48,37,45,40,43,42,49,48,52,47,54,51,54,54,50,50,50,43,54,37,53,33,51,35,53,32,61,31,65,35,66,38]"
CSI_DATA,16539,1a:00:00:00:00:00,0,11,1,0,0,1,1,0,0,0,0,-96,0,6,0,55294072,0,47,1,256,1,"[47,-16,2,0,80,61,72,57,60,60,62,61,77,55,82,49,82,43,82,44,81,56,76,59,64,55,53,54,59,55,79,57,100,58,102,53,79,48,64,44,60,39,58,37,52,33,50,29,52,26,40,27,33,32,8,8,0,0,0,0,0,0,0,0,0,0,0,0,0,0,0,0,0,0,4,6,16,21,19,19,30,30,35,37,37,37,45,39,53,35,51,26,48,35,50,60,43,82,34,89,34,83,34,72,33,70,34,81,39,81,48,70,46,65,39,64,41,57,49,58,51,73,50,83,49,80,48,76,14,22,49,75,50,75,46,73,40,74,43,75,48,73,49,65,50,61,53,58,59,62,60,61,54,57,53,64,56,68,63,69,68,71,63,69,57,67,53,65,47,59,40,54,30,43,30,36,37,33,30,33,21,32,13,24,4,20,-2,2,-1,0,0,0,0,-2,-1,0,0,2,-1,6,-3,42,-3,37,8,29,7,31,10,40,13,46,19,46,26,49,29,50,26,49,23,55,21,65,23,76,24,78,24,76,19,81,13,79,9,80,10,79,15,74,16,72,16,71,18,69,25,72,32,75,36,79,38,80,39,77]"
CSI_DATA,16540,1a:00:00:00:00:00,-1,11,1,0,0,1,1,0,0,0,0,-96,0,6,0,55300997,0,47,1,256,1,"[47,-16,2,0,-89,38,-89,49,-86,61,-78,57,-74,52,-79,56,-77,49,-67,45,-72,47,-80,42,-76,35,-71,34,-71,47,-69,65,-71,66,-80,52,-76,45,-63,45,-58,42,-58,39,-55,40,-53,34,-51,22,-37,14,-24,13,-6,3,0,0,0,0,0,0,0,0,0,0,0,0,0,0,0,0,0,0,-13,2,-40,11,-29,11,-39,5,-53,5,-46,7,-37,12,-42,17,-50,24,-65,26,-83,9,-91,-10,-89,-16,-82,-12,-72,-3,-75,8,-88,13,-82,8,-72,5,-72,11,-74,18,-74,18,-73,12,-81,8,-93,12,-95,14,-88,8,-24,11,-76,39,-79,44,-76,48,-71,50,-68,50,-62,52,-61,57,-62,59,-65,62,-69,59,-70,51,-65,45,-59,42,-56,50,-57,62,-63,70,-67,63,-65,59,-58,58,-48,54,-43,46,-42,43,-42,38,-41,33,-39,28,-37,28,-31,34,-30,36,-6,6,-2,2,-1,-1,1,0,-1,-1,-4,-2,-10,-3,-51,-10,-43,-6,-33,6,-35,8,-42,7,-53,5,-55,9,-53,16,-50,22,-53,25,-62,25,-75,15,-81,1,-79,-7,-75,-8,-74,-2,-76,3,-82,4,-83,7,-77,10,-72,13,-71,19,-75,22,-77,20,-79,16,-83,17,-84,17,-77,15]"
CSI_DATA,16541,1a:00:00:00:00:00,-1,11,1,0,0,1,1,0,0,0,0,-96,0,6,0,55324870,0,47,1,256,1,"[47,-16,2,0,-99,19,-110,19,-109,10,-95,11,-97,13,-103,10,-94,10,-78,10,-75,17,-82,31,-82,37,-90,36,-99,33,-102,30,-95,30,-85,29,-91,25,-90,15,-80,10,-78,13,-69,18,-48,23,-38,26,-45,23,-50,13,-13,2,0,0,0,0,0,0,0,0,0,0,0,0,0,0,0,0,0,0,-11,-4,-39,-9,-35,2,-45,0,-47,-5,-41,-3,-52,2,-59,2,-56,-4,-66,-8,-75,-1,-86,3,-95,0,-92,-2,-88,-4,-93,-13,-98,-22,-87,-16,-73,-9,-76,-17,-81,-24,-80,-22,-72,-15,-73,-3,-92,8,-100,13,-92,13,-23,-13,-78,-32,-81,-34,-84,-34,-84,-32,-84,-28,-85,-21,-81,-16,-78,-18,-78,-22,-77,-23,-75,-22,-72,-20,-74,-18,-78,-17,-81,-17,-83,-20,-79,-22,-79,-23,-79,-23,-74,-17,-68,-14,-58,-15,-48,-15,-44,-14,-42,-16,-43,-21,-19,-40,-14,-44,-3,-10,-1,-4,0,0,0,1,-1,-1,-2,-3,-4,-7,-26,-37,-23,-28,-32,-12,-35,-15,-40,-21,-41,-29,-41,-29,-48,-25,-52,-24,-50,-28,-54,-35,-55,-42,-57,-45,-55,-46,-52,-45,-54,-47,-56,-50,-57,-57,-56,-60,-53,-57,-57,-51,-61,-45,-63,-42,-62,-42,-59,-40,-64,-40,-70,-40,-70,-38]"
CSI_DATA,16542,1a:00:00:00:00:00,-1,11,1,0,0,1,1,0,0,0,0,-96,0,6,0,55371504,0,47,1,256,1,"[47,-16,2,0,-89,36,-86,48,-77,60,-72,52,-73,43,-76,44,-75,40,-69,38,-68,46,-71,55,-69,49,-71,42,-78,46,-81,56,-85,53,-86,40,-82,37,-73,33,-64,25,-63,24,-59,25,-54,21,-50,18,-33,18,-21,17,-5,3,0,0,0,0,0,0,0,0,0,0,0,0,0,0,0,0,0,0,-9,7,-27,28,-21,22,-39,21,-58,28,-50,25,-38,22,-40,26,-47,33,-54,38,-66,32,-77,27,-81,27,-77,23,-72,22,-75,29,-88,29,-86,15,-74,7,-76,16,-76,23,-70,19,-69,13,-71,18,-80,34,-86,40,-87,32,-29,3,-88,16,-89,18,-86,22,-75,26,-68,25,-73,24,-78,24,-79,23,-81,27,-81,31,-79,33,-73,31,-69,28,-73,32,-78,37,-85,38,-86,31,-84,26,-81,21,-69,16,-62,13,-57,12,-53,11,-51,12,-45,12,-42,13,-42,4,-37,5,-8,1,-2,0,0,0,1,0,0,-1,-3,-2,-8,-2,-42,-10,-38,-4,-28,13,-30,11,-40,8,-52,6,-54,6,-54,9,-53,12,-55,12,-60,12,-70,8,-74,4,-74,1,-72,-4,-74,-6,-75,-5,-81,-5,-84,-9,-78,-9,-72,-6,-72,0,-72,0,-74,0,-75,2,-79,9,-82,13,-81,14]"
CSI_DATA,16543,1a:00:00:00:00:00,-1,11,1,0,0,1,1,0,0,0,0,-96,0,6,0,55371695,0,47,1,256,1,"[47,-16,2,0,-97,30,-85,39,-66,53,-72,49,-81,39,-77,38,-78,40,-74,40,-62,46,-59,58,-60,58,-65,56,-72,58,-71,61,-79,64,-80,55,-72,47,-67,38,-60,29,-60,30,-51,30,-41,32,-39,35,-27,27,-23,19,-7,4,0,0,0,0,0,0,0,0,0,0,0,0,0,0,0,0,0,0,-8,4,-29,15,-28,8,-43,1,-61,5,-57,8,-46,7,-48,8,-56,14,-61,20,-66,18,-77,12,-85,8,-83,6,-81,6,-85,10,-90,9,-84,-2,-72,-5,-76,3,-75,4,-68,0,-67,1,-65,12,-74,27,-89,34,-96,32,-26,-10,-80,-22,-79,-22,-73,-19,-61,-15,-59,-16,-68,-15,-76,-13,-78,-12,-77,-11,-72,-12,-68,-10,-61,-8,-61,-7,-69,-3,-77,1,-84,1,-83,-4,-78,-9,-71,-9,-60,-8,-55,-7,-49,-9,-45,-10,-42,-7,-36,-8,-34,-4,-36,-22,-35,-14,-7,-2,-3,0,-1,0,0,1,0,-1,-2,-4,-5,-8,-20,-41,-18,-31,-18,-5,-21,-10,-29,-18,-39,-26,-44,-29,-47,-27,-48,-24,-50,-25,-51,-26,-53,-31,-52,-38,-50,-42,-46,-44,-50,-45,-51,-44,-56,-47,-59,-51,-55,-47,-52,-38,-54,-32,-54,-33,-57,-36,-57,-37,-60,-34,-63,-32,-63,-29]"
CSI_DATA,16544,1a:00:00:00:00:00,0,11,1,0,0,1,1,0,0,0,0,-96,0,6,0,55378494,0,47,1,256,1,"[47,-16,2,0,101,-39,91,-40,72,-42,78,-42,88,-37,85,-34,85,-39,78,-45,68,-51,64,-58,61,-56,65,-54,72,-52,77,-53,90,-70,93,-66,82,-40,72,-27,67,-24,70,-25,62,-22,47,-31,44,-43,45,-29,48,-20,12,-6,0,0,0,0,0,0,0,0,0,0,0,0,0,0,0,0,0,0,7,-4,30,-14,36,-14,49,-14,51,-9,49,-6,60,-12,64,-23,61,-24,61,-21,68,-30,82,-32,88,-22,87,-20,87,-19,87,-10,92,-4,95,-10,84,-11,76,-5,71,3,74,5,79,-4,74,-17,75,-29,82,-40,86,-43,25,1,85,1,87,5,82,8,70,8,67,5,77,1,80,-4,76,-6,74,-6,72,-3,69,1,64,7,70,10,74,5,66,-2,71,-11,80,-12,81,-4,74,-3,68,0,65,2,55,5,44,4,41,0,37,3,34,8,22,17,21,13,3,1,0,-1,-1,-1,-1,-1,0,0,1,0,3,2,19,11,19,9,22,2,25,4,34,6,40,9,44,7,54,0,58,-4,58,0,56,10,56,16,62,23,62,28,60,31,65,33,68,36,72,36,75,32,71,26,67,22,64,18,64,19,70,19,71,21,69,24,71,23,71,19]"
CSI_DATA,16545,1a:00:00:00:00:00,-1,11,1,0,0,1,1,0,0,0,0,-96,0,6,0,55393806,0,47,1,256,1,"[47,-16,2,0,70,-70,77,-69,77,-61,70,-53,68,-59,67,-66,59,-66,48,-62,45,-67,48,-76,47,-75,51,-72,62,-71,69,-76,60,-79,50,-75,51,-72,51,-63,49,-54,48,-56,45,-52,33,-46,23,-45,22,-42,26,-35,7,-8,0,0,0,0,0,0,0,0,0,0,0,0,0,0,0,0,0,0,10,-4,33,-14,25,-15,36,-19,45,-20,37,-21,33,-29,35,-35,44,-31,60,-33,67,-41,70,-45,75,-49,76,-50,73,-44,81,-35,93,-28,83,-26,65,-28,67,-28,75,-29,71,-34,61,-33,60,-42,70,-59,76,-62,73,-56,22,-16,71,-55,73,-57,73,-58,70,-58,66,-56,65,-56,62,-55,60,-54,57,-57,53,-64,53,-65,50,-65,52,-67,54,-70,55,-73,56,-76,54,-69,55,-62,58,-56,51,-51,49,-48,45,-41,38,-38,33,-38,31,-32,34,-26,28,-14,24,-11,5,-2,1,-1,-1,-1,-2,-1,0,0,2,0,6,0,37,-5,30,-8,26,-17,31,-20,40,-22,48,-20,45,-20,43,-27,43,-31,49,-27,60,-25,67,-25,69,-29,70,-30,70,-29,75,-29,78,-26,83,-22,81,-21,74,-21,70,-21,69,-23,66,-27,63,-30,62,-34,69,-41,74,-45,74,-45]"
CSI_DATA,16546,1a:00:00:00:00:00,-1,11,1,0,0,1,1,0,0,0,0,-96,0,6,0,55393984,0,47,1,256,1,"[47,-16,2,0,-94,-20,-95,-6,-91,8,-80,8,-80,11,-88,17,-88,12,-87,6,-94,4,-95,5,-83,1,-74,0,-82,9,-91,16,-98,7,-102,-4,-97,3,-88,12,-76,14,-73,15,-72,17,-70,10,-68,-2,-49,-2,-34,-2,-8,-1,0,0,0,0,0,0,0,0,0,0,0,0,0,0,0,0,0,0,-13,-4,-42,-9,-32,-7,-46,-19,-65,-27,-57,-25,-43,-19,-55,-7,-71,0,-80,-4,-85,-24,-85,-47,-78,-53,-66,-49,-59,-38,-69,-28,-76,-36,-65,-48,-60,-47,-69,-33,-70,-18,-67,-19,-71,-29,-77,-34,-81,-32,-80,-26,-78,-25,-26,-6,-83,-21,-85,-20,-84,-15,-77,-11,-71,-9,-79,-4,-84,2,-84,3,-85,0,-88,-6,-85,-10,-75,-11,-72,-12,-78,-4,-87,4,-95,3,-96,-2,-92,-2,-85,2,-72,3,-65,4,-59,0,-57,-6,-55,-9,-48,-8,-43,-6,-35,-8,-27,-7,-6,-1,-1,0,0,-1,1,0,-1,-1,-3,-2,-7,-5,-31,-23,-24,-16,-23,-9,-25,-9,-34,-17,-48,-25,-53,-23,-55,-17,-57,-12,-61,-11,-64,-18,-68,-32,-66,-46,-62,-51,-56,-50,-58,-47,-61,-43,-67,-44,-71,-47,-69,-42,-67,-34,-66,-24,-66,-24,-68,-31,-71,-38,-75,-39,-75,-40,-72,-39]"
CSI_DATA,16547,1a:00:00:00:00:00,0,11,1,0,0,1,1,0,0,0,0,-96,0,6,0,55394175,0,47,1,256,1,"[47,-16,2,0,-31,95,-20,91,-4,86,-7,85,-13,85,-11,83,-9,86,-9,91,-9,97,-2,95,0,78,-6,71,-6,81,1,88,-2,100,-14,105,-17,93,-13,80,-12,72,-13,72,-10,67,-8,66,-9,68,-10,49,-14,35,-5,9,0,0,0,0,0,0,0,0,0,0,0,0,0,0,0,0,0,0,-1,9,-3,33,-7,31,-19,44,-27,58,-25,54,-21,51,-17,59,-12,63,-12,67,-22,77,-39,83,-50,77,-48,68,-43,65,-40,69,-44,73,-49,67,-47,64,-42,68,-36,60,-34,55,-37,65,-38,72,-34,77,-28,82,-29,81,-3,26,-12,86,-13,87,-12,83,-11,79,-11,78,-10,76,-7,76,-5,79,-3,87,-2,91,1,86,3,77,-1,82,2,77,7,61,8,46,3,43,1,47,-1,59,-8,67,-12,72,-9,62,-6,58,-5,59,-8,50,-7,39,5,32,13,24,3,3,2,0,0,-1,0,-2,-1,0,-1,3,-2,8,-11,43,-9,35,-4,28,-8,27,-16,32,-20,44,-18,50,-15,56,-17,56,-17,57,-21,59,-29,66,-38,71,-37,69,-38,65,-40,66,-41,68,-41,70,-43,71,-40,67,-39,64,-35,58,-36,60,-34,66,-32,71,-28,75,-26,79,-23,76]"
CSI_DATA,16548,1a:00:00:00:00:00,0,11,1,0,0,1,1,0,0,0,0,-96,0,6,0,55394335,0,47,1,256,1,"[47,-16,2,0,-13,-103,-12,-95,-3,-86,-2,-94,-14,-95,-20,-89,-25,-87,-22,-88,-8,-89,1,-87,6,-82,5,-80,-6,-85,-18,-94,-28,-109,-28,-109,-14,-91,-11,-76,-14,-70,-13,-70,-10,-61,-9,-54,-8,-53,5,-45,17,-48,4,-14,0,0,0,0,0,0,0,0,0,0,0,0,0,0,0,0,0,0,2,-7,7,-23,3,-27,0,-42,1,-55,-2,-56,-6,-60,-10,-64,-14,-59,-9,-61,7,-70,31,-78,47,-80,45,-77,34,-76,27,-79,29,-84,26,-84,14,-81,10,-78,13,-71,10,-67,10,-73,22,-76,32,-81,32,-88,29,-93,-2,-27,-5,-91,-5,-95,-5,-94,0,-91,1,-91,-1,-90,-2,-83,-6,-79,-8,-82,-10,-77,-13,-65,-13,-70,-13,-83,-16,-89,-21,-85,-25,-83,-21,-83,-16,-83,-11,-78,-9,-74,-4,-69,-2,-58,-4,-50,-8,-51,-2,-46,7,-40,0,-27,6,-19,2,-3,0,0,0,0,-1,1,0,-1,-1,-3,0,-7,3,-36,1,-29,1,-26,4,-29,7,-39,8,-47,3,-50,2,-56,4,-58,6,-58,10,-63,18,-70,22,-79,20,-78,20,-79,21,-83,24,-83,27,-81,25,-80,22,-76,23,-75,24,-70,24,-71,20,-76,18,-79,16,-82,14,-87,11,-85]"
CSI_DATA,16549,1a:00:00:00:00:00,-1,11,1,0,0,1,1,0,0,0,0,-96,0,6,0,55394948,0,47,1,256,1,"[47,-16,2,0,-44,79,-37,88,-35,91,-41,83,-47,78,-47,80,-45,79,-39,69,-28,71,-20,88,-18,88,-24,82,-32,85,-30,94,-33,97,-36,91,-33,90,-36,77,-38,61,-36,62,-29,57,-26,49,-21,52,-7,48,-4,39,-3,9,0,0,0,0,0,0,0,0,0,0,0,0,0,0,0,0,0,0,-8,7,-23,29,-15,23,-28,32,-43,50,-35,43,-25,36,-30,41,-39,45,-47,51,-52,50,-57,56,-60,67,-56,67,-54,64,-59,66,-70,66,-71,51,-62,41,-64,51,-65,57,-57,51,-52,42,-45,48,-44,73,-50,83,-57,70,-13,27,-37,84,-37,84,-35,85,-31,85,-29,80,-26,80,-22,75,-21,76,-16,75,-11,78,-10,83,-9,81,-12,82,-14,84,-12,78,-13,75,-16,79,-14,76,-16,66,-14,60,-14,63,-14,54,-12,48,-11,48,-12,45,-14,42,-18,28,-19,21,-4,4,-2,0,0,-1,0,-2,-1,-1,-2,2,-3,6,-17,36,-10,28,-11,27,-12,29,-20,36,-31,44,-32,46,-28,47,-27,48,-30,48,-35,52,-42,54,-44,56,-47,58,-49,57,-56,63,-60,62,-67,61,-66,58,-58,56,-52,57,-49,60,-43,60,-39,59,-36,59,-39,71,-44,80,-44,80]"
CSI_DATA,16550,1a:00:00:00:00:00,0,11,1,0,0,1,1,0,0,0,0,-96,0,6,0,55551804,0,47,1,256,1,"[47,-16,2,0,-78,73,-69,68,-57,59,-63,62,-67,68,-61,67,-56,71,-53,76,-55,76,-53,77,-48,69,-49,62,-52,66,-53,78,-55,102,-57,102,-57,75,-54,58,-50,53,-49,54,-44,48,-34,48,-29,56,-32,46,-40,38,-11,10,0,0,0,0,0,0,0,0,0,0,0,0,0,0,0,0,0,0,-6,3,-23,13,-29,18,-43,25,-46,28,-46,29,-54,37,-54,44,-44,43,-48,43,-65,49,-81,48,-89,36,-86,32,-79,33,-78,30,-84,29,-85,35,-79,40,-76,36,-72,25,-68,25,-72,36,-75,41,-77,45,-76,52,-75,57,-23,16,-77,53,-81,52,-78,48,-75,42,-77,44,-75,47,-69,48,-65,50,-64,54,-68,57,-66,57,-63,50,-69,50,-73,56,-71,65,-73,73,-69,68,-66,59,-63,52,-62,45,-59,41,-51,34,-43,32,-41,36,-39,29,-36,20,-26,10,-18,7,-2,0,0,-1,0,0,1,-1,-1,0,-3,1,-7,2,-35,11,-31,7,-25,7,-28,8,-37,10,-43,14,-44,21,-51,29,-55,30,-55,29,-60,26,-70,24,-81,22,-81,20,-81,16,-84,15,-85,13,-86,14,-87,18,-81,22,-77,20,-72,17,-72,18,-76,24,-80,28,-82,31,-84,33,-81,36]"
CSI_DATA,16551,1a:00:00:00:00:00,-1,11,1,0,0,1,1,0,0,0,0,-96,0,6,0,55579008,0,47,1,256,1,"[47,-16,2,0,8,97,15,43,21,-17,21,30,22,86,22,93,17,90,15,78,20,79,29,89,27,88,26,88,28,96,27,102,22,96,16,87,17,87,14,79,11,69,12,71,15,66,11,53,5,44,7,38,8,30,1,6,0,0,0,0,0,0,0,0,0,0,0,0,0,0,0,0,0,0,-1,12,5,42,10,33,-1,45,-9,55,-5,43,4,41,6,49,4,57,4,71,-2,79,-9,83,-8,88,-9,85,-9,84,-9,92,-14,98,-18,83,-15,68,-14,76,-10,85,-8,82,-12,70,-8,71,3,91,4,101,-3,94,-9,27,-20,89,-18,91,-14,77,-9,53,-6,60,-2,79,-1,84,-3,84,-4,84,-1,85,0,86,0,83,1,82,4,85,6,88,3,92,-3,88,-6,85,-8,82,-4,72,-3,68,-5,62,-7,54,-7,49,-8,44,-10,42,-28,34,-31,34,-7,6,-3,2,0,-1,1,-1,-1,-1,-2,0,-5,4,-24,30,-19,29,0,33,-4,37,-12,45,-21,50,-20,49,-15,51,-12,55,-13,58,-16,65,-25,70,-30,71,-31,67,-32,64,-35,69,-35,72,-40,74,-42,72,-39,67,-35,66,-30,69,-27,71,-28,70,-26,70,-23,79,-22,85,-22,83]"
CSI_DATA,16552,1a:00:00:00:00:00,-1,11,1,0,0,1,1,0,0,0,0,-96,0,6,0,55587547,0,47,1,256,1,"[47,-16,2,0,-94,-4,-90,6,-89,19,-92,13,-93,5,-91,6,-89,7,-86,9,-88,20,-92,33,-82,31,-78,20,-86,14,-91,21,-100,23,-100,14,-92,10,-82,6,-70,0,-68,0,-63,2,-59,2,-59,5,-42,9,-30,5,-8,0,0,0,0,0,0,0,0,0,0,0,0,0,0,0,0,0,0,0,-10,2,-34,12,-30,6,-47,-4,-65,-6,-57,-4,-49,0,-55,1,-60,2,-67,5,-74,3,-84,-3,-89,-6,-83,-6,-78,-8,-83,-12,-93,-19,-86,-28,-74,-29,-79,-26,-75,-22,-65,-19,-66,-17,-73,-10,-87,3,-96,7,-95,2,-23,10,-71,27,-70,27,-68,29,-61,34,-56,34,-58,33,-63,38,-62,41,-65,46,-71,48,-71,46,-62,41,-57,34,-58,35,-62,42,-68,50,-68,48,-67,45,-63,38,-54,31,-49,25,-44,23,-40,23,-41,24,-38,24,-33,25,-20,43,-17,46,-4,9,-1,3,0,0,2,-1,-1,-1,-5,1,-11,3,-52,19,-44,16,-30,12,-31,12,-39,8,-53,10,-54,15,-50,20,-47,21,-49,20,-56,17,-68,14,-76,9,-74,7,-71,5,-71,5,-73,3,-77,1,-79,0,-74,2,-71,3,-67,7,-68,14,-69,17,-74,16,-80,17,-82,17,-74,16]"
CSI_DATA,16553,1a:00:00:00:00:00,0,11,1,0,0,1,1,0,0,0,0,-96,0,6,0,55596919,0,47,1,256,1,"[47,-16,2,0,83,51,90,50,90,51,81,49,76,46,76,46,74,43,69,37,71,39,74,48,69,51,64,47,74,45,88,40,94,35,86,36,71,40,66,39,64,37,62,38,59,36,54,31,43,26,32,26,32,28,8,6,0,0,0,0,0,0,0,0,0,0,0,0,0,0,0,0,0,0,5,8,22,25,24,15,27,23,30,31,33,21,40,20,47,26,48,25,54,36,56,56,49,71,47,79,48,75,49,63,54,62,59,67,60,59,57,52,51,53,48,56,48,57,49,56,51,61,57,69,63,73,62,70,17,-4,59,-5,64,-7,65,-10,63,-12,60,-12,57,-13,56,-12,55,-13,57,-15,59,-16,58,-10,52,-9,52,-12,54,-16,51,-20,49,-24,53,-20,58,-17,58,-14,53,-14,47,-10,43,-4,38,-3,36,-4,32,4,30,11,26,-9,19,-6,4,-1,0,-1,-1,0,-2,-1,0,-1,2,0,6,0,34,-3,28,-5,23,-1,29,-4,33,-2,35,-1,34,-5,35,-8,36,-5,44,-2,51,3,55,13,56,18,55,20,53,19,55,15,54,16,55,18,60,13,61,11,56,9,52,12,52,12,53,10,55,10,59,12,63,13,61,14]"
CSI_DATA,16554,1a:00:00:00:00:00,0,11,1,0,0,1,1,0,0,0,0,-96,0,6,0,55597088,0,47,1,256,1,"[47,-16,2,0,-79,65,-76,58,-75,48,-76,50,-72,62,-66,67,-59,71,-58,73,-68,71,-72,65,-68,53,-64,45,-65,52,-70,70,-71,92,-66,93,-62,68,-56,55,-49,55,-47,54,-47,45,-43,41,-36,42,-36,30,-39,26,-11,7,0,0,0,0,0,0,0,0,0,0,0,0,0,0,0,0,0,0,-7,2,-24,8,-28,11,-40,16,-44,19,-42,25,-50,36,-51,43,-42,42,-51,37,-74,32,-89,21,-93,12,-90,14,-80,17,-79,15,-89,12,-89,21,-80,32,-76,27,-75,20,-71,28,-73,36,-86,35,-96,31,-95,31,-88,33,-21,16,-74,53,-77,50,-76,47,-76,44,-75,45,-72,50,-64,48,-61,49,-60,53,-63,58,-59,60,-54,57,-58,60,-61,63,-65,69,-67,76,-64,70,-62,61,-61,57,-55,52,-51,45,-42,35,-36,34,-32,38,-32,31,-35,22,-22,18,-20,10,-4,-1,-1,-1,0,0,1,-1,-1,-1,-3,0,-8,0,-43,5,-38,5,-32,10,-35,9,-45,10,-49,12,-48,18,-53,24,-54,25,-52,24,-58,22,-68,19,-78,21,-77,23,-76,22,-80,19,-79,13,-82,9,-84,10,-81,13,-78,12,-74,12,-73,17,-74,24,-74,29,-78,33,-80,36,-77,38]"
CSI_DATA,16555,1a:00:00:00:00:00,0,11,1,0,0,1,1,0,0,0,0,-96,0,6,0,55597329,0,47,1,256,1,"[47,-16,2,0,62,-84,65,-80,58,-69,55,-60,63,-62,68,-66,61,-68,50,-70,43,-79,35,-84,30,-79,41,-72,57,-70,60,-76,55,-87,55,-87,59,-70,59,-53,58,-48,59,-49,56,-45,39,-46,25,-54,30,-47,41,-36,11,-9,0,0,0,0,0,0,0,0,0,0,0,0,0,0,0,0,0,0,6,-8,19,-25,14,-25,20,-36,26,-38,26,-38,27,-51,24,-57,26,-48,41,-51,47,-70,48,-80,53,-78,52,-74,53,-67,65,-57,75,-53,67,-56,56,-55,57,-47,64,-38,65,-40,61,-50,57,-60,55,-72,52,-78,47,-75,10,-22,41,-76,46,-79,47,-79,44,-79,42,-77,44,-76,42,-70,40,-67,39,-70,36,-76,32,-75,29,-73,33,-77,35,-79,34,-84,34,-89,34,-82,37,-73,40,-66,40,-63,40,-56,36,-46,30,-42,25,-44,26,-37,31,-26,12,-18,10,-13,1,-2,-1,-1,-1,0,-1,1,0,-1,1,-2,3,-5,19,-27,12,-24,11,-26,14,-29,20,-36,24,-40,20,-43,19,-51,20,-54,26,-51,38,-51,48,-55,52,-62,53,-62,53,-60,54,-62,58,-58,60,-57,58,-60,54,-58,54,-55,54,-50,54,-51,54,-56,53,-59,54,-64,54,-70,53,-70]"
CSI_DATA,16556,1a:00:00:00:00:00,-1,11,1,0,0,1,1,0,0,0,0,-96,0,6,0,55597561,0,47,1,256,1,"[47,-16,2,0,39,83,50,80,60,77,50,72,38,72,37,75,35,79,36,74,52,64,69,59,67,57,58,59,56,69,60,80,55,86,45,81,39,76,29,73,24,66,25,63,26,58,26,50,25,45,25,27,23,16,5,4,0,0,0,0,0,0,0,0,0,0,0,0,0,0,0,0,0,0,5,8,23,27,21,23,20,43,25,63,23,49,19,33,20,40,25,54,33,62,36,66,36,72,39,74,40,71,35,70,32,76,26,88,12,84,8,70,17,71,18,73,10,70,7,68,22,66,46,72,54,79,45,80,-5,29,-4,89,0,87,6,84,10,77,9,70,7,77,6,80,7,82,12,80,19,78,23,77,22,73,19,75,21,78,25,82,24,88,17,85,13,80,8,81,6,69,7,63,5,55,3,50,4,46,1,39,-2,38,-21,35,-21,28,-5,6,-2,1,0,-1,0,-2,-1,-1,-3,2,-4,6,-23,34,-16,29,8,26,5,28,0,38,-6,49,-8,50,-8,48,-8,49,-7,52,-5,57,-8,61,-11,63,-15,63,-18,61,-23,68,-25,71,-28,76,-31,77,-28,72,-21,67,-17,67,-15,66,-15,68,-9,66,-2,73,-2,80,-5,82]"
CSI_DATA,16557,1a:00:00:00:00:00,-1,11,1,0,0,1,1,0,0,0,0,-96,0,6,0,55597730,0,47,1,256,1,"[47,-16,2,0,-62,-78,-64,-86,-54,-83,-48,-69,-55,-70,-60,-74,-61,-69,-54,-58,-58,-50,-74,-46,-79,-40,-80,-49,-79,-64,-78,-69,-75,-63,-70,-52,-69,-56,-60,-62,-52,-59,-57,-57,-56,-49,-47,-30,-46,-17,-48,-19,-42,-26,-10,-8,0,0,0,0,0,0,0,0,0,0,0,0,0,0,0,0,0,0,0,-12,-5,-39,-12,-32,-14,-42,-10,-48,-7,-42,-19,-45,-27,-50,-19,-55,-20,-66,-33,-68,-41,-70,-43,-78,-41,-79,-36,-80,-28,-88,-17,-97,-13,-86,-15,-70,-15,-73,-15,-80,-18,-78,-21,-67,-34,-59,-53,-67,-59,-75,-55,-74,-10,-25,-37,-80,-40,-83,-42,-85,-45,-82,-47,-76,-49,-71,-49,-66,-49,-66,-47,-66,-49,-67,-48,-67,-48,-65,-50,-67,-55,-69,-58,-67,-59,-67,-54,-64,-52,-65,-49,-65,-48,-58,-46,-55,-38,-53,-31,-46,-29,-41,-25,-39,-17,-41,6,-32,12,-28,3,-6,1,-3,0,0,-1,1,-1,-1,0,-2,1,-6,2,-33,1,-30,-9,-32,-12,-37,-13,-46,-9,-51,-9,-48,-16,-49,-19,-53,-14,-58,-10,-67,-7,-72,-7,-76,-5,-76,-6,-75,-8,-79,-6,-84,-3,-87,-4,-86,-5,-78,-9,-75,-12,-75,-14,-76,-16,-75,-18,-73,-21,-78,-23,-83,-22,-82]"
CSI_DATA,16558,1a:00:00:00:00:00,-1,11,1,0,0,1,1,0,0,0,0,-96,0,6,0,55641841,0,47,1,256,1,"[47,-16,2,0,-21,89,-19,100,-14,104,-12,93,-9,91,-9,97,-11,93,-9,77,-8,76,-9,90,-10,92,-13,93,-15,97,-13,100,-16,97,-22,91,-21,96,-17,87,-14,70,-13,70,-12,63,-13,50,-13,48,-5,48,-2,39,-1,8,0,0,0,0,0,0,0,0,0,0,0,0,0,0,0,0,0,0,-4,12,-8,44,-2,35,-12,45,-18,55,-11,44,-2,45,3,52,-3,56,-14,65,-25,66,-34,71,-36,80,-34,80,-34,81,-36,85,-43,84,-44,69,-37,57,-38,69,-35,81,-29,79,-30,66,-27,63,-24,85,-27,95,-34,89,-12,26,-31,85,-28,86,-25,88,-21,84,-20,81,-18,88,-18,80,-19,68,-17,58,-15,53,-15,56,-11,65,-11,75,-12,89,-12,86,-17,90,-25,85,-27,85,-28,80,-23,68,-19,61,-17,58,-16,51,-14,49,-14,46,-14,44,-17,42,-17,46,-4,8,-1,3,0,0,1,-2,-1,-1,-3,1,-5,6,-20,37,-14,35,-6,34,-9,38,-16,44,-24,50,-22,50,-15,53,-10,53,-12,57,-19,65,-29,71,-36,73,-38,71,-39,65,-40,65,-44,66,-50,66,-50,65,-45,60,-44,59,-41,63,-42,67,-42,68,-40,70,-35,78,-32,83,-30,79]"
CSI_DATA,16559,1a:00:00:00:00:00,0,11,1,0,0,1,1,0,0,0,0,-96,0,6,0,55642010,0,47,1,256,1,"[47,-16,2,0,90,37,99,41,100,38,90,29,92,23,97,24,88,22,75,16,73,21,79,35,76,41,75,43,83,42,93,34,91,29,82,36,79,39,75,29,69,21,66,24,61,26,50,26,43,29,39,26,34,18,7,3,0,0,0,0,0,0,0,0,0,0,0,0,0,0,0,0,0,0,11,6,40,16,32,7,37,15,43,22,40,16,46,9,50,3,51,2,62,15,67,35,67,52,69,57,66,53,65,47,73,48,77,54,68,46,59,35,61,37,71,35,73,30,65,33,64,41,76,50,82,52,74,49,22,-1,75,0,80,0,83,0,77,-4,67,-9,68,-10,69,-10,68,-11,70,-13,74,-10,75,-1,71,2,68,2,69,-1,75,-7,79,-11,76,-7,75,-5,74,-6,65,-9,59,-7,52,-1,46,1,44,4,41,10,38,15,33,7,30,10,6,2,2,0,-1,-1,-2,-1,0,0,2,1,7,1,46,1,39,-2,32,-4,35,-5,41,-2,45,1,44,-3,46,-9,48,-11,51,-9,58,-3,64,11,68,20,69,24,65,24,67,21,69,24,72,28,75,23,72,18,67,14,67,12,65,10,63,10,64,13,70,16,76,17,75,16]"
CSI_DATA,16560,1a:00:00:00:00:00,-1,11,1,0,0,1,1,0,0,0,0,-96,0,6,0,55642309,0,47,1,256,1,"[47,-16,2,0,16,96,27,89,41,82,37,80,30,81,29,81,25,80,26,80,35,85,43,84,35,71,26,66,31,76,41,84,38,91,24,92,17,86,16,78,14,68,14,67,15,64,12,64,8,62,6,43,4,32,0,8,0,0,0,0,0,0,0,0,0,0,0,0,0,0,0,0,0,0,5,9,25,30,20,25,12,43,13,62,13,54,12,45,17,50,26,56,31,62,27,73,18,87,11,89,4,80,4,72,12,77,12,88,0,83,-5,75,2,77,7,70,3,63,1,69,5,75,15,82,19,85,15,86,9,26,29,84,32,84,35,80,38,76,36,75,32,76,32,74,31,74,37,77,43,79,47,74,44,63,39,60,43,65,49,71,52,79,45,77,37,75,30,77,19,71,14,63,16,60,19,55,19,55,15,47,14,37,26,30,32,24,6,4,3,0,0,-1,-1,-2,-1,0,0,3,2,7,15,41,18,35,20,26,20,26,16,35,16,47,18,51,20,54,18,56,19,59,19,64,17,72,16,78,17,77,11,73,9,74,10,77,12,82,11,85,8,81,5,78,3,73,2,73,6,75,11,76,19,77,24,80,26,78]"
CSI_DATA,16561,1a:00:00:00:00:00,0,11,1,0,0,1,1,0,0,0,0,-96,0,6,0,55642469,0,47,1,256,1,"[47,-16,2,0,-92,-46,-89,-39,-81,-34,-85,-34,-93,-29,-91,-25,-88,-22,-84,-22,-84,-32,-84,-39,-75,-39,-69,-38,-77,-31,-91,-25,-107,-25,-108,-29,-94,-30,-80,-24,-71,-20,-68,-19,-60,-15,-57,-15,-59,-18,-45,-22,-37,-29,-10,-9,0,0,0,0,0,0,0,0,0,0,0,0,0,0,0,0,0,0,-6,-6,-22,-20,-25,-18,-38,-27,-48,-35,-48,-34,-51,-32,-58,-24,-58,-15,-59,-22,-63,-45,-62,-70,-56,-80,-50,-73,-49,-62,-56,-57,-60,-66,-58,-66,-60,-57,-62,-52,-57,-48,-54,-43,-58,-48,-59,-60,-63,-68,-69,-64,-71,-59,-21,7,-70,12,-72,11,-71,13,-65,15,-59,16,-67,15,-70,12,-66,14,-63,17,-63,18,-58,22,-50,24,-53,26,-60,28,-64,30,-69,30,-67,25,-64,25,-65,24,-61,19,-54,12,-42,9,-37,12,-37,15,-31,11,-24,3,-12,21,-5,12,0,0,1,-1,-1,0,1,-1,-1,-1,-3,1,-7,3,-41,15,-32,13,-22,-2,-24,-4,-33,-8,-41,-7,-43,-2,-46,1,-49,-1,-50,0,-53,-3,-57,-9,-61,-11,-59,-6,-58,-3,-63,-3,-64,-7,-62,-12,-62,-13,-62,-11,-64,-12,-61,-13,-63,-11,-65,-9,-62,-7,-61,-4,-63,1,-61,6]"
CSI_DATA,16562,1a:00:00:00:00:00,0,11,1,0,0,1,1,0,0,0,0,-96,0,6,0,55642629,0,47,1,256,1,"[47,-16,2,0,92,16,93,22,92,28,90,25,93,15,95,8,90,3,79,0,75,7,79,20,83,26,90,28,94,28,100,28,107,17,97,11,84,21,77,20,72,14,72,15,59,19,42,17,40,13,42,17,42,21,10,5,0,0,0,0,0,0,0,0,0,0,0,0,0,0,0,0,0,0,9,2,36,5,35,2,46,12,47,16,40,4,50,-9,56,-19,51,-15,59,1,65,13,71,24,81,32,83,32,82,34,81,40,84,46,81,35,69,22,65,25,71,27,76,24,71,22,70,25,83,36,89,40,87,36,7,24,36,47,38,40,41,30,45,26,47,26,46,32,41,42,37,55,35,53,38,56,38,57,41,58,48,56,54,55,56,54,54,53,44,50,36,54,33,52,35,49,34,46,25,46,16,40,18,37,16,34,9,35,-22,24,-25,19,-5,3,-3,1,-1,-1,0,-2,-1,0,-1,1,0,4,3,28,6,25,22,13,21,20,24,26,21,31,19,28,26,25,29,26,26,34,25,45,25,55,26,59,25,64,24,53,27,41,30,30,29,27,29,29,24,36,23,46,26,54,28,49,28,52,27,57,30,61,36,63,38,59]"
CSI_DATA,16563,1a:00:00:00:00:00,0,11,1,0,0,1,1,0,0,0,0,-96,0,6,0,55642798,0,47,1,256,1,"[47,-16,2,0,-102,-8,-101,-7,-94,-13,-90,-15,-91,-12,-91,-13,-88,-10,-86,-4,-92,-3,-93,-1,-78,0,-69,-8,-79,-9,-94,1,-103,6,-105,3,-96,-3,-82,-9,-72,-12,-69,-12,-64,-7,-63,-3,-63,0,-53,-5,-47,-13,-12,-4,0,0,0,0,0,0,0,0,0,0,0,0,0,0,0,0,0,0,-9,-5,-28,-14,-26,-8,-40,-8,-53,-11,-53,-9,-56,-4,-58,-2,-54,0,-62,-6,-77,-21,-82,-36,-81,-44,-75,-42,-71,-36,-76,-36,-79,-38,-74,-34,-74,-25,-76,-24,-68,-31,-63,-29,-68,-25,-76,-30,-84,-32,-85,-27,-82,-25,-19,9,-67,27,-74,27,-76,28,-73,25,-68,27,-63,28,-57,28,-54,29,-56,32,-64,33,-63,33,-58,33,-60,32,-66,34,-70,38,-75,38,-69,32,-63,31,-58,29,-54,25,-51,21,-47,16,-42,12,-43,12,-38,7,-32,-1,-22,11,-17,6,-3,0,-1,-1,0,-1,1,-1,-1,0,-2,0,-5,2,-27,15,-24,16,-25,7,-28,8,-38,4,-43,4,-41,9,-41,15,-40,16,-40,18,-48,18,-58,10,-66,6,-63,6,-62,6,-66,5,-68,2,-70,-1,-70,1,-67,4,-64,4,-57,2,-58,5,-61,9,-64,11,-68,12,-72,14,-69,15]"
CSI_DATA,16564,1a:00:00:00:00:00,0,11,1,0,0,1,1,0,0,0,0,-96,0,6,0,55653202,0,47,1,256,1,"[47,-16,2,0,47,81,45,86,35,92,42,93,55,91,52,86,47,77,39,65,33,68,35,81,34,85,32,91,30,94,31,36,43,-22,43,31,23,92,14,88,17,76,18,74,11,60,15,41,20,40,13,48,9,55,3,14,0,0,0,0,0,0,0,0,0,0,0,0,0,0,0,0,0,0,4,8,22,27,29,21,35,30,29,36,28,32,50,38,64,32,55,22,47,34,48,50,51,72,50,86,44,79,39,77,34,83,28,94,36,88,40,69,33,69,30,73,31,72,29,67,28,68,32,85,40,95,47,92,-8,17,-17,61,-23,63,-25,65,-26,63,-21,57,-13,59,-11,62,-14,56,-22,55,-26,57,-28,54,-30,52,-28,57,-25,66,-25,54,-27,39,-23,48,-25,64,-24,62,-23,61,-22,57,-27,45,-25,32,-24,31,-22,28,-22,23,-26,-8,-21,-12,-4,-3,-1,-3,1,-1,0,-1,-1,0,-1,0,-4,1,-23,10,-20,12,1,17,-1,19,-1,25,-6,28,-6,27,2,32,1,35,-7,35,-16,37,-21,39,-22,42,-21,39,-27,37,-29,44,-32,52,-30,56,-27,55,-22,48,-19,48,-14,49,-17,50,-21,51,-26,50,-29,52,-28,55,-22,52]"
CSI_DATA,16566,1a:00:00:00:00:00,0,11,1,0,0,1,1,0,0,0,0,-96,0,6,0,55654531,0,47,1,256,1,"[47,-16,2,0,-47,-82,-53,-86,-48,-95,-43,-91,-43,-81,-42,-81,-39,-78,-39,-70,-45,-74,-49,-80,-41,-77,-36,-73,-43,-75,-56,-81,-63,-83,-58,-81,-45,-81,-35,-79,-31,-72,-30,-67,-28,-60,-26,-51,-24,-42,-17,-32,-13,-29,-3,-8,0,0,0,0,0,0,0,0,0,0,0,0,0,0,0,0,0,0,-3,-10,-11,-31,-14,-27,-14,-41,-15,-51,-23,-41,-30,-40,-30,-50,-30,-53,-29,-63,-23,-78,-15,-85,-12,-89,-13,-86,-15,-78,-17,-79,-18,-89,-18,-84,-23,-75,-21,-78,-12,-82,-11,-77,-12,-74,-14,-83,-23,-96,-28,-97,-25,-92,-18,-13,-58,-46,-65,-52,-66,-54,-64,-52,-62,-46,-60,-36,-64,-31,-53,-31,-43,-33,-33,-37,-27,-39,-27,-35,-42,-33,-59,-35,-77,-39,-74,-42,-68,-43,-61,-40,-57,-36,-55,-28,-52,-26,-44,-27,-39,-27,-37,-28,-29,-31,-22,-34,-26,-26,-22,-26,-5,-6,-2,-3,0,0,1,1,0,-1,-2,-3,-7,-5,-39,-20,-35,-12,-28,-14,-30,-19,-31,-29,-32,-36,-36,-33,-40,-31,-38,-32,-40,-35,-44,-41,-42,-51,-41,-58,-38,-60,-35,-58,-37,-58,-35,-61,-34,-68,-39,-71,-42,-67,-40,-61,-36,-56,-37,-51,-40,-50,-40,-53,-44,-59,-48,-61,-50,-59]"
CSI_DATA,16567,1a:00:00:00:00:00,0,11,1,0,0,1,1,0,0,0,0,-96,0,6,0,55657757,0,47,1,256,1,"[47,-16,2,0,57,76,64,82,61,86,52,77,50,74,52,77,49,70,43,58,56,48,78,43,80,39,77,42,79,55,81,64,76,61,70,51,70,53,58,60,44,56,46,52,48,41,43,22,40,11,39,11,32,17,6,5,0,0,0,0,0,0,0,0,0,0,0,0,0,0,0,0,0,0,0,10,4,34,8,25,10,37,8,51,7,45,13,41,12,47,6,56,11,69,22,74,29,76,34,81,33,78,29,74,24,83,16,96,9,85,11,68,12,75,9,83,8,75,9,64,26,61,54,72,61,79,51,77,-9,16,-16,59,-17,61,-15,63,-11,60,-10,55,-5,59,0,62,-2,60,-4,59,-3,56,-1,50,-3,47,-2,51,4,56,9,50,5,45,0,46,0,54,0,58,0,57,0,53,-2,43,-5,32,-2,27,-1,22,-3,23,-32,11,-36,8,-8,1,-4,0,0,-1,1,-1,-1,-1,-2,-1,-6,0,-33,6,-27,8,-8,21,-14,21,-19,26,-26,27,-26,26,-22,29,-21,35,-23,40,-25,45,-27,43,-28,40,-27,35,-29,33,-34,36,-35,40,-36,43,-37,44,-35,40,-32,43,-29,49,-30,51,-32,50,-27,46,-20,46,-19,50,-20,51]"
CSI_DATA,16576,1a:00:00:00:00:00,-1,11,1,0,0,1,1,0,0,0,0,-96,0,6,0,55702986,0,47,1,256,1,"[47,-16,2,0,-85,46,-88,55,-74,66,-60,61,-57,60,-57,65,-58,62,-57,54,-61,51,-69,56,-70,50,-72,45,-77,52,-76,58,-78,49,-80,36,-80,41,-70,47,-57,44,-58,42,-57,39,-54,27,-53,15,-40,16,-27,15,-6,3,0,0,0,0,0,0,0,0,0,0,0,0,0,0,0,0,0,0,-8,7,-25,31,-18,30,-32,31,-48,36,-42,32,-32,33,-31,41,-38,46,-47,51,-57,45,-71,36,-79,33,-77,27,-77,29,-79,41,-83,42,-82,27,-71,18,-70,28,-64,41,-57,40,-59,30,-59,26,-69,35,-83,42,-90,38,-18,-9,-59,-15,-64,-15,-65,-12,-54,-8,-47,-12,-50,-11,-55,-14,-57,-16,-61,-20,-62,-20,-58,-17,-53,-12,-52,-8,-59,-5,-66,-7,-73,-13,-71,-18,-65,-20,-56,-17,-47,-14,-43,-11,-41,-13,-39,-16,-39,-16,-34,-13,-33,-9,-29,-34,-33,-32,-7,-6,-4,-2,-1,0,0,1,0,0,-1,-3,-3,-9,-15,-43,-16,-39,-15,-2,-19,-5,-26,-7,-34,-11,-36,-12,-38,-9,-39,-5,-41,-11,-41,-16,-44,-24,-45,-30,-43,-32,-39,-34,-43,-30,-45,-24,-48,-25,-51,-31,-46,-31,-41,-24,-38,-17,-40,-19,-45,-24,-46,-30,-47,-29,-50,-22,-51,-16]"
CSI_DATA,16577,1a:00:00:00:00:00,-1,11,1,0,0,1,1,0,0,0,0,-96,0,6,0,55703228,0,47,1,256,1,"[47,-16,2,0,22,-95,14,-95,-2,-96,0,-91,6,-88,1,-90,-2,-92,-2,-88,-3,-89,-10,-95,-10,-88,1,-85,3,-92,-6,-97,-3,-102,7,-100,7,-96,5,-86,6,-73,6,-72,4,-65,6,-57,8,-56,1,-45,0,-35,0,-9,0,0,0,0,0,0,0,0,0,0,0,0,0,0,0,0,0,0,-1,-10,-4,-39,0,-38,14,-49,19,-59,10,-51,3,-48,6,-54,9,-60,8,-66,15,-69,29,-74,38,-79,39,-78,40,-80,38,-85,39,-86,44,-77,41,-66,37,-72,30,-73,25,-66,26,-66,25,-66,21,-80,24,-95,31,-96,-2,-29,-4,-87,-3,-86,-4,-83,-8,-74,-8,-67,-8,-70,-12,-80,-16,-84,-19,-84,-20,-85,-22,-84,-22,-76,-17,-69,-18,-75,-23,-81,-23,-85,-15,-83,-10,-81,-5,-76,-3,-66,-4,-61,-5,-58,-5,-51,-5,-50,-6,-47,-8,-44,-18,-39,-23,-36,-5,-7,-3,-2,-1,0,-1,1,0,-1,0,-3,-2,-8,-5,-38,-8,-35,-7,-30,-7,-33,0,-41,7,-52,4,-53,0,-55,3,-55,5,-60,5,-64,10,-68,15,-72,16,-71,21,-69,25,-72,28,-75,27,-77,28,-77,24,-70,23,-67,21,-66,20,-69,18,-72,14,-77,9,-80,7,-82,6,-78]"
CSI_DATA,16579,1a:00:00:00:00:00,0,11,1,0,0,1,1,0,0,0,0,-96,0,6,0,55704013,0,47,1,256,1,"[47,-16,2,0,81,66,84,69,71,61,64,55,64,66,62,72,61,66,59,52,66,44,79,35,81,26,82,33,84,46,84,48,91,44,90,44,78,55,63,60,53,57,56,53,53,43,51,24,56,12,52,19,42,28,9,7,0,0,0,0,0,0,0,0,0,0,0,0,0,0,0,0,0,0,5,8,22,27,25,23,31,32,27,37,24,37,36,48,42,50,34,45,33,51,48,55,63,64,62,74,56,69,52,68,43,78,40,85,46,75,47,64,37,68,25,73,23,73,32,66,43,58,60,58,71,58,75,59,20,17,68,60,67,64,65,64,63,60,64,55,64,54,62,51,60,47,61,43,67,42,71,40,70,40,74,46,78,51,72,48,68,46,69,43,70,43,66,41,62,39,55,39,45,36,41,30,44,26,36,28,25,31,16,21,10,17,0,2,-1,0,-1,-1,-1,-2,0,0,0,1,2,5,18,28,18,23,19,23,21,26,24,34,23,37,25,34,32,37,35,40,34,44,33,51,35,57,40,64,40,65,40,66,42,70,38,74,35,76,38,74,38,65,35,62,32,57,34,58,42,59,48,60,52,64,55,65,56,62]"
CSI_DATA,16583,1a:00:00:00:00:00,-1,11,1,0,0,1,1,0,0,0,0,-96,0,6,0,55760941,0,47,1,256,1,"[47,-16,2,0,-9,-99,-11,-110,-8,-113,-12,-97,-17,-93,-14,-98,-13,-93,-15,-80,-22,-79,-29,-88,-26,-88,-24,-92,-25,-101,-25,-106,-29,-99,-29,-87,-20,-89,-12,-86,-12,-78,-14,-77,-14,-70,-15,-54,-15,-42,-17,-41,-16,-43,-4,-11,0,0,0,0,0,0,0,0,0,0,0,0,0,0,0,0,0,0,4,-11,9,-38,-3,-35,4,-45,14,-48,7,-40,-2,-50,-5,-59,-3,-60,4,-70,7,-76,12,-82,16,-89,17,-86,15,-86,19,-94,28,-99,22,-87,11,-73,15,-74,20,-79,17,-79,15,-72,10,-74,5,-92,2,-103,1,-100,13,-24,35,-80,35,-78,32,-78,30,-73,23,-66,18,-72,15,-75,17,-75,16,-74,12,-76,11,-78,12,-76,14,-80,16,-83,14,-84,14,-82,14,-75,15,-75,17,-76,12,-72,11,-69,11,-57,10,-47,8,-42,9,-39,14,-37,29,-19,29,-15,6,-2,2,-1,-1,-1,-2,0,0,0,2,-1,5,-3,27,-18,17,-15,7,-28,10,-27,20,-32,30,-32,28,-34,26,-42,26,-47,28,-47,31,-52,35,-52,37,-55,39,-55,42,-54,51,-56,55,-57,59,-54,58,-50,52,-46,47,-47,44,-52,41,-55,41,-57,37,-59,37,-67,38,-73,39,-75]"
CSI_DATA,16584,1a:00:00:00:00:00,0,11,1,0,0,1,1,0,0,0,0,-96,0,6,0,55761588,0,47,1,256,1,"[47,-16,2,0,98,-27,92,-33,79,-34,82,-35,84,-43,78,-44,74,-43,71,-41,76,-32,83,-28,77,-22,73,-21,77,-31,81,-42,90,-50,94,-46,84,-39,70,-37,60,-33,60,-32,54,-31,53,-28,57,-24,47,-13,42,-6,11,-2,0,0,0,0,0,0,0,0,0,0,0,0,0,0,0,0,0,0,8,-1,29,-5,27,-9,41,-11,57,-11,57,-9,55,-9,56,-17,52,-26,57,-23,72,-10,88,9,91,23,83,25,76,13,79,1,86,3,86,8,81,2,82,-7,75,-10,66,-9,70,-6,75,3,83,6,89,1,91,-2,19,-17,65,-49,68,-50,65,-51,61,-49,64,-50,67,-52,62,-48,60,-46,56,-48,55,-51,49,-55,40,-53,40,-52,44,-56,48,-61,55,-66,57,-63,56,-59,58,-57,56,-46,50,-39,41,-35,35,-36,34,-38,30,-30,25,-19,10,-29,3,-21,-1,-3,-2,-1,-1,-1,-2,0,0,0,2,-2,4,-6,28,-28,20,-28,17,-15,18,-14,28,-13,41,-16,45,-21,47,-25,50,-26,50,-29,53,-29,60,-27,66,-25,64,-24,63,-20,66,-21,68,-23,71,-23,73,-23,70,-22,70,-19,68,-17,66,-18,66,-21,64,-24,64,-29,63,-36,59,-40]"
CSI_DATA,16585,1a:00:00:00:00:00,0,11,1,0,0,1,1,0,0,0,0,-96,0,6,0,55793936,0,47,1,256,1,"[47,-16,2,0,87,-63,84,-57,75,-47,78,-48,81,-54,76,-53,71,-58,66,-63,68,-64,69,-64,65,-58,65,-52,71,-53,76,-64,82,-83,81,-83,76,-59,69,-44,62,-41,62,-42,57,-35,46,-38,38,-49,41,-37,50,-24,13,-7,0,0,0,0,0,0,0,0,0,0,0,0,0,0,0,0,0,0,7,-3,26,-11,29,-16,40,-24,44,-24,44,-27,53,-38,53,-44,45,-39,53,-34,70,-39,84,-38,92,-30,88,-30,83,-31,85,-24,91,-19,88,-28,79,-37,76,-30,75,-17,73,-17,75,-27,78,-32,83,-35,86,-41,87,-45,34,-9,85,-30,75,-28,59,-24,52,-21,55,-24,66,-29,73,-32,81,-34,73,-37,77,-40,76,-39,73,-34,80,-31,87,-34,88,-41,90,-46,82,-43,76,-36,72,-32,69,-28,66,-23,58,-17,49,-16,46,-22,43,-16,40,-6,25,3,16,4,1,1,-1,0,-1,-1,-2,-1,0,0,1,-1,5,0,32,0,29,-2,28,-7,31,-6,39,-6,44,-5,44,-10,50,-17,53,-21,55,-18,62,-14,71,-11,80,-10,80,-9,81,-6,85,-3,87,3,87,6,86,1,79,-5,75,-4,72,-3,73,-3,78,-9,82,-12,86,-13,89,-16,86,-19]"
CSI_DATA,16586,1a:00:00:00:00:00,-1,11,1,0,0,1,1,0,0,0,0,-96,0,6,0,55794114,0,47,1,256,1,"[47,-16,2,0,-102,7,-110,13,-106,22,-89,24,-85,27,-92,30,-90,26,-77,24,-77,25,-91,23,-92,16,-92,15,-101,19,-103,23,-95,21,-87,14,-88,16,-82,19,-71,19,-72,18,-71,15,-61,5,-54,-3,-46,3,-35,10,-8,2,0,0,0,0,0,0,0,0,0,0,0,0,0,0,0,0,0,0,-13,0,-41,8,-31,13,-44,5,-55,-2,-43,-1,-38,6,-45,15,-58,17,-73,13,-78,1,-82,-8,-88,-7,-86,-8,-87,-8,-97,-8,-104,-13,-91,-17,-74,-14,-76,-11,-83,2,-82,9,-73,1,-72,-3,-89,3,-100,3,-95,-2,-29,-3,-95,-2,-97,-3,-96,1,-86,8,-75,10,-78,14,-82,16,-83,13,-83,13,-84,14,-88,12,-86,10,-87,11,-90,14,-91,17,-91,18,-87,13,-85,10,-84,8,-74,11,-71,11,-64,5,-57,-1,-53,-3,-48,-5,-44,-5,-32,-20,-27,-22,-6,-5,-2,-2,0,0,1,0,0,-1,-2,-2,-7,-3,-39,-15,-34,-9,-32,5,-35,5,-45,0,-53,-8,-53,-8,-55,-3,-58,2,-62,1,-69,-2,-73,-12,-73,-17,-73,-20,-73,-21,-80,-24,-83,-24,-84,-26,-83,-28,-76,-26,-74,-21,-76,-14,-76,-8,-74,-10,-73,-11,-82,-11,-89,-13,-89,-14]"
CSI_DATA,16587,1a:00:00:00:00:00,0,11,1,0,0,1,1,0,0,0,0,-96,0,6,0,55806106,0,47,1,256,1,"[47,-16,2,0,-102,31,-103,27,-90,21,-87,21,-94,18,-92,16,-83,21,-79,29,-81,36,-81,44,-73,46,-74,37,-82,29,-86,36,-92,51,-95,50,-88,31,-81,17,-75,12,-73,14,-66,17,-56,27,-49,37,-44,22,-42,6,-11,0,0,0,0,0,0,0,0,0,0,0,0,0,0,0,0,0,0,0,-8,1,-29,4,-30,8,-39,12,-41,8,-46,6,-61,11,-64,12,-57,10,-63,9,-77,15,-88,14,-93,7,-89,7,-84,4,-86,-8,-95,-14,-96,-2,-88,6,-81,-5,-76,-17,-72,-15,-74,-2,-78,6,-87,12,-93,19,-95,23,-25,5,-87,18,-97,14,-99,11,-88,13,-81,20,-83,26,-79,30,-75,30,-77,29,-81,29,-80,28,-78,25,-83,22,-88,23,-89,29,-93,33,-87,31,-81,26,-74,24,-70,23,-67,20,-59,12,-52,10,-51,11,-46,3,-42,-9,-27,-8,-22,-10,-4,-3,-1,-2,0,0,1,0,-1,-1,-2,-1,-6,-2,-30,-3,-27,2,-30,6,-35,3,-43,1,-45,-1,-46,2,-51,8,-51,10,-53,8,-64,4,-72,-2,-82,-5,-82,-7,-81,-8,-83,-11,-84,-17,-87,-22,-88,-19,-82,-13,-77,-9,-71,-6,-72,-3,-77,2,-82,2,-86,0,-89,2,-90,5]"
CSI_DATA,16588,1a:00:00:00:00:00,0,11,1,0,0,1,1,0,0,0,0,-96,0,6,0,55838024,0,47,1,256,1,"[47,-16,2,0,-81,-71,-76,-59,-70,-45,-75,-53,-80,-61,-76,-56,-79,-50,-84,-48,-85,-49,-85,-44,-76,-37,-69,-40,-73,-43,-83,-40,-102,-44,-102,-50,-79,-48,-65,-41,-59,-39,-58,-40,-52,-35,-53,-29,-60,-28,-46,-27,-35,-30,-10,-9,0,0,0,0,0,0,0,0,0,0,0,0,0,0,0,0,0,0,-7,-6,-25,-21,-24,-26,-32,-38,-40,-47,-37,-49,-38,-50,-45,-48,-47,-40,-48,-42,-55,-56,-56,-74,-46,-85,-39,-82,-37,-75,-39,-74,-43,-82,-44,-84,-43,-77,-41,-71,-33,-65,-31,-62,-41,-67,-46,-70,-53,-69,-62,-67,-67,-67,-21,-19,-65,-65,-64,-68,-61,-66,-57,-64,-59,-66,-62,-65,-63,-59,-65,-55,-70,-54,-73,-58,-71,-56,-62,-52,-61,-57,-68,-59,-77,-55,-86,-57,-81,-56,-73,-54,-65,-51,-57,-51,-51,-50,-44,-45,-41,-39,-45,-38,-37,-35,-27,-30,-21,-20,-16,-12,-3,-1,-1,1,-1,0,0,1,-1,-1,-2,-2,-4,-6,-19,-30,-15,-25,-14,-21,-13,-25,-16,-34,-24,-41,-31,-41,-38,-43,-40,-45,-39,-47,-37,-54,-36,-65,-35,-77,-34,-78,-31,-77,-30,-79,-30,-80,-31,-81,-34,-82,-35,-75,-34,-70,-32,-65,-32,-67,-37,-71,-42,-75,-46,-77,-49,-77,-50,-74]"
CSI_DATA,16589,1a:00:00:00:00:00,-1,11,1,0,0,1,1,0,0,0,0,-96,0,6,0,55838211,0,47,1,256,1,"[47,-16,2,0,58,86,59,73,62,56,60,65,54,75,52,70,57,66,65,64,71,61,77,53,69,45,59,48,61,57,70,56,86,62,82,71,62,68,50,62,43,57,42,57,37,51,41,44,49,41,37,32,26,29,6,8,0,0,0,0,0,0,0,0,0,0,0,0,0,0,0,0,0,0,6,5,26,20,22,27,24,43,29,52,28,50,29,51,31,52,34,50,37,53,41,64,39,77,31,86,27,85,26,81,25,81,27,85,27,84,25,78,24,77,18,71,16,65,24,71,32,73,41,73,50,77,54,80,20,12,62,48,63,52,62,51,59,50,58,50,57,46,60,39,64,36,69,36,73,40,72,38,68,36,74,39,67,42,58,39,49,41,36,40,32,37,41,36,48,37,54,38,43,35,42,32,43,31,36,28,29,22,27,11,24,3,3,-1,0,-2,0,-1,-2,-1,0,0,3,0,7,2,37,16,27,16,18,16,14,21,13,30,21,37,31,36,38,36,38,36,39,37,41,43,42,53,42,62,39,60,37,61,37,63,36,66,35,68,37,70,36,64,33,59,31,53,34,54,39,56,45,56,51,56,53,59,51,58]"
CSI_DATA,16590,1a:00:00:00:00:00,0,11,1,0,0,1,1,0,0,0,0,-96,0,6,0,55856096,0,47,1,256,1,"[47,-16,2,0,96,7,87,-4,79,-15,75,-14,79,-17,87,-23,88,-22,91,-20,97,-19,91,-18,78,-13,71,-9,75,-16,83,-26,32,-25,-25,-17,26,-16,77,-17,68,-17,65,-21,62,-25,63,-21,65,-17,47,-13,34,-6,8,-1,0,0,0,0,0,0,0,0,0,0,0,0,0,0,0,0,0,0,11,2,37,5,29,6,45,17,67,20,61,19,43,13,48,1,59,-8,69,-3,82,15,86,38,78,47,68,44,60,34,64,24,71,31,66,44,64,41,69,27,65,18,63,19,74,25,83,28,85,24,84,16,80,15,26,-4,88,-7,90,-8,88,-10,85,-11,82,-11,84,-14,81,-17,79,-18,82,-20,86,-23,80,-25,72,-23,74,-21,78,-25,76,-32,59,-36,46,-33,64,-28,81,-25,75,-18,66,-15,59,-14,56,-16,57,-19,49,-14,37,-8,27,-12,15,-12,0,-3,-2,-2,-1,-1,-2,0,0,0,2,-1,6,-2,39,-4,33,-2,30,1,27,3,33,9,46,10,51,6,53,3,55,1,58,0,64,5,71,14,77,22,76,20,72,21,74,21,75,20,78,21,78,24,75,22,73,20,70,18,70,19,75,17,79,15,81,10,85,5,83,0]"
CSI_DATA,16591,1a:00:00:00:00:00,-1,11,1,0,0,1,1,0,0,0,0,-96,0,6,0,55856265,0,47,1,256,1,"[47,-16,2,0,-83,50,-71,57,-59,67,-71,65,-81,54,-76,50,-73,50,-69,51,-58,63,-47,82,-40,81,-44,68,-56,63,-64,70,-75,76,-77,65,-68,53,-64,43,-58,34,-57,34,-51,32,-46,33,-42,36,-24,28,-18,22,-7,5,0,0,0,0,0,0,0,0,0,0,0,0,0,0,0,0,0,0,-6,7,-19,28,-19,20,-40,24,-60,33,-54,25,-45,19,-49,23,-52,30,-51,36,-56,41,-67,47,-70,50,-61,47,-59,40,-70,39,-86,38,-87,25,-78,15,-78,20,-71,19,-62,11,-63,13,-62,31,-62,58,-65,69,-70,64,-26,-3,-81,1,-79,4,-74,5,-63,7,-62,9,-71,11,-78,12,-81,15,-83,13,-80,11,-71,11,-61,11,-59,9,-66,14,-74,21,-86,25,-87,21,-76,15,-65,14,-64,13,-64,11,-57,7,-52,6,-49,6,-41,3,-38,6,-44,-9,-41,-7,-8,-2,-3,-1,-1,-1,0,1,0,-1,-2,-4,-5,-9,-24,-42,-20,-33,-17,1,-22,-6,-34,-10,-48,-12,-53,-12,-54,-8,-56,1,-58,0,-57,-6,-60,-13,-57,-20,-50,-25,-47,-28,-52,-25,-57,-23,-63,-25,-69,-28,-67,-26,-65,-20,-65,-13,-68,-13,-69,-15,-66,-17,-65,-14,-64,-12,-60,-8]"
CSI_DATA,16592,1a:00:00:00:00:00,0,11,1,0,0,1,1,0,0,0,0,-96,0,6,0,55856425,0,47,1,256,1,"[47,-16,2,0,54,-94,47,-89,33,-78,38,-78,53,-75,54,-70,47,-76,35,-82,24,-84,11,-90,2,-86,8,-82,20,-85,18,-89,15,-108,24,-110,37,-90,42,-73,40,-65,38,-66,33,-61,16,-61,1,-68,7,-53,15,-40,4,-10,0,0,0,0,0,0,0,0,0,0,0,0,0,0,0,0,0,0,4,-8,18,-31,23,-32,33,-38,36,-36,35,-34,44,-42,49,-47,47,-42,48,-43,48,-56,55,-70,65,-68,64,-64,66,-62,72,-54,74,-52,70,-61,62,-62,63,-50,67,-31,67,-28,64,-45,52,-55,43,-66,43,-79,48,-84,31,-9,72,-32,61,-31,46,-27,37,-24,39,-27,52,-30,65,-35,73,-41,64,-45,65,-45,68,-41,53,-33,45,-33,38,-39,30,-47,31,-54,40,-52,53,-46,64,-43,59,-40,58,-37,55,-29,42,-23,35,-23,31,-16,26,-7,23,7,17,1,3,-1,-1,-1,-2,-1,-1,-1,0,0,0,0,3,2,19,10,20,8,20,-5,26,-1,34,0,37,1,37,-3,45,-10,51,-12,55,-6,58,0,62,3,66,4,63,4,63,8,69,10,76,13,77,11,76,4,70,-2,66,-3,65,-1,69,0,72,-7,72,-10,71,-11,72,-9,70,-9]"
CSI_DATA,16593,1a:00:00:00:00:00,-1,11,1,0,0,1,1,0,0,0,0,-96,0,6,0,55856585,0,47,1,256,1,"[47,-16,2,0,-48,81,-49,88,-59,86,-56,79,-49,74,-49,73,-49,70,-43,66,-40,72,-40,81,-40,74,-40,66,-41,73,-42,87,-42,94,-42,90,-46,78,-49,67,-47,59,-44,57,-37,53,-27,49,-20,43,-18,33,-20,28,-5,6,0,0,0,0,0,0,0,0,0,0,0,0,0,0,0,0,0,0,-8,5,-23,21,-16,24,-26,31,-36,35,-28,36,-25,44,-32,50,-34,47,-42,51,-55,56,-67,54,-72,54,-67,53,-59,49,-62,50,-72,53,-67,52,-53,53,-56,52,-65,46,-63,41,-58,41,-63,50,-68,66,-66,72,-64,68,-3,21,-12,72,-10,80,-8,85,-7,80,-3,74,1,67,4,64,6,62,6,67,5,74,2,73,2,69,3,67,6,70,9,65,7,64,2,65,1,66,1,61,6,56,7,50,4,48,0,44,-2,45,-10,39,-17,32,-8,29,-10,24,-2,4,-2,1,-1,-2,0,-2,-1,0,-1,1,-2,6,-5,34,0,30,-4,28,-4,33,-12,38,-19,40,-17,40,-14,44,-13,45,-12,49,-15,58,-26,64,-35,67,-37,70,-35,56,-34,42,-34,29,-38,25,-34,33,-28,47,-27,57,-28,63,-26,57,-23,59,-24,64,-27,72,-28,76,-28,72]"
CSI_DATA,16594,1a:00:00:00:00:00,-1,11,1,0,0,1,1,0,0,0,0,-96,0,6,0,55856763,0,47,1,256,1,"[47,-16,2,0,0,-93,-8,-96,-19,-92,-14,-83,-11,-83,-15,-85,-15,-86,-13,-80,-20,-77,-36,-84,-37,-83,-32,-83,-31,-91,-32,-95,-26,-97,-20,-91,-25,-89,-20,-84,-13,-74,-16,-73,-18,-64,-13,-53,-13,-49,-20,-39,-17,-32,-3,-9,0,0,0,0,0,0,0,0,0,0,0,0,0,0,0,0,0,0,1,-11,2,-40,2,-33,13,-45,19,-64,13,-54,3,-46,0,-54,7,-66,9,-75,9,-73,12,-75,15,-82,19,-81,20,-83,20,-90,28,-91,38,-78,34,-64,29,-75,22,-80,16,-71,17,-63,9,-61,-2,-81,-1,-98,7,-98,9,-30,23,-92,21,-90,16,-89,8,-80,9,-72,12,-76,13,-83,14,-85,10,-88,1,-89,-8,-89,-12,-83,-12,-80,-12,-86,-11,-91,-7,-94,-1,-89,4,-84,10,-80,11,-68,8,-63,7,-61,5,-55,2,-53,-2,-48,-2,-46,13,-43,11,-44,2,-9,0,-4,-1,-1,-1,0,0,0,1,-2,2,-6,17,-33,13,-36,2,-39,4,-41,14,-45,22,-53,23,-51,19,-52,20,-55,24,-59,29,-62,32,-65,32,-70,31,-71,35,-66,38,-69,40,-70,44,-73,50,-72,46,-65,41,-62,37,-62,34,-62,33,-66,30,-70,24,-79,20,-85,17,-86]"
CSI_DATA,16595,1a:00:00:00:00:00,-1,11,1,0,0,1,1,0,0,0,0,-96,0,6,0,55856950,0,47,1,256,1,"[47,-16,2,0,-35,87,-36,98,-32,105,-29,96,-25,89,-20,91,-18,87,-16,77,-24,80,-35,90,-36,86,-35,76,-35,81,-32,95,-28,97,-32,87,-34,87,-27,85,-21,75,-21,69,-23,62,-28,50,-31,41,-24,31,-17,25,-4,5,0,0,0,0,0,0,0,0,0,0,0,0,0,0,0,0,0,0,-4,9,-8,35,-4,31,-19,40,-26,46,-14,40,-5,46,-4,56,-5,58,-17,63,-39,66,-56,66,-60,69,-53,65,-45,60,-47,66,-56,76,-53,72,-48,62,-50,66,-44,72,-34,71,-34,63,-43,65,-53,78,-56,81,-55,73,-6,26,-17,83,-17,86,-16,88,-15,89,-15,87,-15,83,-15,81,-14,81,-5,79,3,81,5,82,7,76,6,75,4,80,3,87,2,90,-4,85,-8,82,-11,79,-10,69,-10,67,-12,57,-11,47,-10,44,-12,41,-15,40,-3,35,-2,29,-1,6,0,1,0,-1,0,-2,-1,-1,-2,2,-2,6,-6,36,1,29,4,32,0,36,-10,44,-20,48,-18,48,-15,51,-17,53,-19,56,-22,61,-29,65,-28,68,-26,69,-25,67,-31,71,-38,72,-46,75,-47,75,-43,71,-39,66,-37,65,-32,64,-26,66,-23,67,-24,76,-24,80,-23,79]"
CSI_DATA,16596,1a:00:00:00:00:00,-1,11,1,0,0,1,1,0,0,0,0,-96,0,6,0,55860705,0,47,1,256,1,"[47,-16,2,0,-31,94,-23,38,-13,-18,-13,34,-16,88,-18,94,-19,90,-15,85,-15,91,-21,94,-23,86,-19,79,-14,85,-5,96,-4,97,-13,91,-15,83,-12,79,-12,72,-13,68,-11,68,-13,64,-19,49,-16,28,-10,20,-3,5,0,0,0,0,0,0,0,0,0,0,0,0,0,0,0,0,0,0,-6,10,-14,36,-7,29,-20,36,-30,46,-22,41,-13,38,-16,46,-17,56,-25,68,-47,74,-63,70,-64,64,-56,59,-43,55,-40,67,-47,79,-46,69,-43,60,-41,63,-37,67,-36,62,-40,60,-48,71,-50,85,-47,87,-47,78,-6,25,-16,82,-12,88,-5,73,1,51,-1,60,-5,80,-7,86,-6,84,-1,86,5,87,7,83,9,74,9,78,10,70,13,62,13,58,6,52,0,44,-5,48,-8,57,-10,68,-8,57,-4,53,-5,50,-6,43,-5,39,3,36,5,32,1,7,1,1,0,-1,0,-2,-1,-1,-2,1,-1,5,-4,32,2,31,-1,30,-2,34,-8,39,-16,46,-16,49,-13,52,-13,51,-13,54,-17,63,-25,70,-27,72,-25,69,-26,65,-25,65,-29,67,-34,73,-35,74,-34,69,-34,64,-33,63,-32,65,-29,67,-26,71,-20,79,-15,83,-12,80]"
CSI_DATA,16597,1a:00:00:00:00:00,-1,11,1,0,0,1,1,0,0,0,0,-96,0,6,0,55879302,0,47,1,256,1,"[47,-16,2,0,88,41,98,31,102,29,87,29,80,34,82,44,78,49,74,43,80,26,91,13,92,15,87,20,90,25,98,31,95,37,86,37,78,36,66,42,56,42,55,41,58,35,55,26,44,21,34,9,33,1,8,0,0,0,0,0,0,0,0,0,0,0,0,0,0,0,0,0,0,0,9,2,34,3,30,-2,44,12,60,25,49,19,35,13,41,18,55,22,68,26,75,31,78,34,82,31,82,28,78,29,80,37,85,49,70,51,57,43,61,41,63,44,56,49,50,53,63,45,88,31,96,26,83,31,19,17,68,54,76,52,81,47,82,41,78,39,75,37,74,36,74,39,76,40,78,38,77,38,73,39,70,39,73,37,81,38,85,40,80,41,74,42,69,44,62,37,57,34,51,36,45,35,42,33,36,29,33,29,17,34,8,33,1,7,-1,2,-1,-1,-1,-2,0,0,0,2,3,7,23,40,22,32,27,13,30,14,37,21,44,32,43,32,45,28,47,28,50,32,56,39,56,51,53,58,50,59,50,56,54,59,55,60,56,64,55,65,53,60,54,53,56,51,56,52,53,54,54,53,61,52,62,55,59,58]"
CSI_DATA,16598,1a:00:00:00:00:00,-1,11,1,0,0,1,1,0,0,0,0,-96,0,6,0,55879462,0,47,1,256,1,"[47,-16,2,0,16,91,24,82,29,74,25,71,30,73,38,75,39,75,40,80,41,89,41,84,31,68,24,58,33,64,45,75,49,88,43,97,35,86,32,69,31,61,34,58,34,52,33,54,34,60,25,49,13,39,2,10,0,0,0,0,0,0,0,0,0,0,0,0,0,0,0,0,0,0,0,11,3,38,-1,32,-12,46,-12,61,-8,58,-4,48,7,51,16,54,13,63,-1,83,-20,93,-30,88,-29,79,-21,68,-11,67,-16,77,-27,76,-24,73,-10,73,-3,69,-2,67,-5,75,-8,83,-6,84,-1,78,1,72,-12,24,-29,80,-27,80,-23,75,-22,66,-21,62,-17,70,-10,73,-9,70,-7,69,-8,73,-10,73,-14,63,-20,65,-15,72,-9,80,-8,85,-11,83,-15,77,-15,72,-12,59,-10,54,-9,47,-10,45,-7,48,-9,41,-9,31,-24,21,-15,13,-1,2,0,-1,-1,0,0,-2,-1,0,-2,2,-3,4,-22,27,-17,24,-7,24,-9,23,-18,31,-25,40,-25,44,-23,49,-20,51,-18,51,-23,53,-30,60,-42,64,-46,65,-47,60,-51,59,-49,57,-51,62,-53,64,-47,62,-38,58,-31,56,-30,54,-33,59,-35,64,-37,67,-37,69,-33,71]"
CSI_DATA,16599,1a:00:00:00:00:00,-1,11,1,0,0,1,1,0,0,0,0,-96,0,6,0,55903008,0,47,1,256,1,"[47,-16,2,0,-78,48,-84,52,-90,52,-79,48,-73,51,-74,55,-72,53,-63,47,-65,45,-74,50,-74,49,-76,50,-82,53,-87,56,-84,61,-73,57,-74,48,-71,41,-63,38,-62,39,-54,33,-41,24,-35,22,-37,22,-37,19,-9,4,0,0,0,0,0,0,0,0,0,0,0,0,0,0,0,0,0,0,-11,3,-35,18,-28,21,-42,17,-49,13,-35,16,-35,29,-40,38,-42,36,-54,34,-63,31,-74,25,-85,25,-84,24,-81,22,-87,21,-94,21,-86,24,-70,25,-71,21,-76,22,-73,26,-67,24,-68,24,-82,31,-91,34,-90,32,-25,9,-81,35,-82,39,-84,45,-82,47,-77,47,-69,48,-66,48,-65,47,-67,46,-72,43,-74,38,-72,36,-71,37,-70,43,-70,50,-75,53,-73,47,-72,43,-70,40,-62,40,-56,37,-53,28,-47,20,-45,18,-45,12,-45,5,-36,-6,-34,-10,-7,-3,-3,-2,0,-1,1,0,-1,-1,-2,-1,-8,-2,-39,-4,-35,1,-28,15,-30,17,-39,16,-45,10,-43,11,-46,20,-47,26,-51,27,-60,27,-69,20,-75,10,-74,6,-72,5,-76,7,-80,9,-82,10,-82,15,-76,16,-73,15,-73,16,-76,18,-75,17,-75,18,-79,20,-83,20,-81,17]"
CSI_DATA,16601,1a:00:00:00:00:00,-1,11,1,0,0,1,1,0,0,0,0,-96,0,6,0,55920870,0,47,1,256,1,"[47,-16,2,0,-91,-25,-83,-23,-72,-25,-69,-33,-79,-38,-84,-37,-83,-29,-88,-26,-96,-28,-93,-20,-78,-16,-64,-26,-67,-32,-86,-27,-105,-20,-101,-25,-77,-34,-62,-39,-59,-40,-58,-39,-53,-37,-54,-29,-61,-17,-50,-17,-38,-28,-10,-9,0,0,0,0,0,0,0,0,0,0,0,0,0,0,0,0,0,0,-9,-2,-29,-2,-31,0,-48,-4,-50,-9,-47,-12,-60,-11,-68,-4,-58,-5,-59,-16,-80,-22,-90,-29,-85,-37,-77,-36,-65,-31,-59,-36,-67,-46,-75,-43,-74,-37,-62,-40,-51,-46,-51,-45,-64,-42,-79,-43,-84,-38,-77,-32,-70,-32,-17,-20,-59,-61,-61,-60,-58,-59,-52,-61,-52,-64,-54,-66,-52,-60,-53,-56,-56,-51,-61,-52,-61,-51,-54,-50,-53,-61,-57,-65,-65,-62,-69,-62,-61,-63,-50,-64,-46,-66,-39,-63,-34,-59,-29,-50,-29,-43,-35,-37,-31,-35,-24,-32,-9,-28,-2,-18,0,-1,0,0,-1,-1,0,1,0,-1,-1,-3,-2,-7,-11,-39,-13,-33,-19,-18,-20,-20,-26,-28,-28,-33,-34,-32,-44,-31,-48,-31,-44,-33,-45,-41,-49,-47,-53,-56,-52,-59,-48,-60,-44,-66,-38,-68,-40,-71,-43,-67,-44,-60,-38,-60,-34,-61,-32,-62,-38,-63,-46,-62,-52,-62,-54,-62,-55,-61]"
CSI_DATA,16603,1a:00:00:00:00:00,-1,11,1,0,0,1,1,0,0,0,0,-96,0,6,0,55946351,0,47,1,256,1,"[47,-16,2,0,-5,-95,-16,-98,-31,-95,-24,-87,-12,-83,-12,-84,-12,-87,-14,-83,-31,-78,-50,-81,-50,-78,-40,-76,-33,-86,-32,-97,-26,-101,-18,-92,-17,-88,-15,-84,-11,-71,-11,-69,-13,-64,-13,-56,-11,-50,-15,-34,-18,-25,-5,-7,0,0,0,0,0,0,0,0,0,0,0,0,0,0,0,0,0,0,-2,-11,-9,-36,-7,-31,6,-50,11,-71,4,-57,-2,-43,1,-53,2,-65,-3,-72,-5,-76,-2,-84,-2,-87,-4,-83,0,-81,5,-85,14,-94,25,-85,25,-69,17,-77,12,-79,16,-70,19,-65,4,-69,-17,-83,-24,-95,-14,-96,20,-3,51,-22,48,-23,42,-21,36,-21,36,-27,42,-31,41,-33,41,-33,37,-35,33,-31,32,-28,30,-25,35,-24,37,-29,35,-34,36,-37,39,-33,40,-33,42,-36,36,-35,32,-31,24,-26,23,-21,21,-19,17,-10,13,-8,31,20,24,22,4,3,0,1,0,0,-2,-1,-1,0,2,1,6,2,36,15,28,9,4,-11,11,-9,21,-11,28,-12,31,-9,30,-8,28,-12,28,-16,29,-16,32,-15,32,-13,33,-5,34,2,41,6,39,3,42,2,47,0,47,-1,42,-7,41,-14,41,-17,44,-18,39,-17,35,-17,35,-20,37,-23]"
CSI_DATA,16604,1a:00:00:00:00:00,-1,11,1,0,0,1,1,0,0,0,0,-96,0,6,0,55946520,0,47,1,256,1,"[47,-16,2,0,-14,88,-10,98,-2,107,-4,100,-6,90,-1,91,2,87,0,79,-9,83,-14,94,-14,88,-18,81,-16,89,-5,100,-2,101,-13,95,-19,93,-13,86,-8,73,-9,70,-9,65,-15,54,-21,45,-17,38,-14,34,-4,8,0,0,0,0,0,0,0,0,0,0,0,0,0,0,0,0,0,0,0,11,6,39,7,32,-6,42,-12,53,-3,46,7,49,10,54,9,57,3,67,-19,74,-41,78,-47,80,-43,74,-37,72,-34,80,-34,89,-34,81,-32,68,-32,74,-24,80,-16,73,-18,66,-25,68,-33,84,-38,92,-41,86,-6,27,-13,87,-10,89,-7,90,-3,86,-4,79,-7,81,-8,85,-7,84,-1,83,6,85,9,86,12,80,9,78,7,84,8,91,8,94,1,88,-6,83,-11,78,-10,67,-9,64,-9,57,-6,49,-5,46,-7,43,-9,43,-4,37,-5,34,-2,7,-1,2,0,-1,0,-2,-1,-1,-1,2,-1,6,1,36,7,30,12,31,8,36,-1,45,-10,52,-9,52,-6,53,-9,53,-12,55,-15,61,-20,68,-20,73,-18,75,-19,72,-22,77,-27,79,-33,83,-37,81,-36,75,-33,69,-30,68,-26,67,-22,69,-18,72,-17,80,-15,85,-14,85]"
CSI_DATA,16605,1a:00:00:00:00:00,-1,11,1,0,0,1,1,0,0,0,0,-96,0,6,0,55951000,0,47,1,256,1,"[47,-16,2,0,-76,53,-69,63,-61,70,-57,59,-59,54,-60,58,-59,57,-59,58,-56,68,-49,78,-42,72,-43,65,-53,71,-62,76,-69,74,-69,66,-63,62,-59,53,-52,43,-51,45,-44,45,-36,42,-35,41,-24,35,-17,25,-5,5,0,0,0,0,0,0,0,0,0,0,0,0,0,0,0,0,0,0,-8,8,-26,30,-22,23,-40,25,-59,33,-52,28,-37,24,-37,32,-45,39,-52,46,-60,48,-70,44,-74,43,-71,39,-66,35,-70,39,-84,37,-83,23,-70,18,-70,29,-68,33,-63,27,-65,24,-65,33,-68,50,-72,59,-74,56,-23,14,-73,47,-73,50,-69,54,-64,56,-63,55,-58,56,-56,61,-56,64,-62,66,-66,65,-65,62,-58,55,-53,50,-54,56,-57,66,-62,71,-63,68,-62,64,-56,59,-46,53,-40,49,-40,43,-40,37,-39,36,-35,33,-33,31,-32,35,-32,37,-6,7,-3,2,-1,-1,1,-1,-1,0,-4,-1,-10,0,-51,4,-42,5,-27,16,-30,17,-42,16,-57,17,-58,18,-52,23,-47,28,-51,30,-58,32,-71,28,-78,19,-76,13,-72,10,-72,13,-74,15,-81,17,-86,17,-80,18,-74,22,-70,27,-71,28,-74,26,-77,26,-79,30,-79,31,-75,29]"
CSI_DATA,16606,1a:00:00:00:00:00,0,11,1,0,0,1,1,0,0,0,0,-96,0,6,0,55975071,0,47,1,256,1,"[47,-16,2,0,17,-96,17,-85,19,-76,20,-80,11,-89,2,-90,-6,-88,-7,-93,1,-101,4,-97,7,-81,11,-69,7,-77,-2,-94,-13,-106,-14,-104,-4,-88,0,-76,-4,-71,-7,-69,-2,-63,-4,-60,-10,-58,-1,-46,9,-45,2,-12,0,0,0,0,0,0,0,0,0,0,0,0,0,0,0,0,0,0,4,-6,13,-20,14,-24,22,-36,26,-42,24,-44,22,-55,17,-62,10,-55,18,-55,38,-70,56,-73,64,-66,60,-63,50,-58,48,-57,58,-61,57,-64,44,-67,39,-64,40,-58,33,-59,32,-70,43,-80,49,-82,45,-80,39,-77,2,-26,14,-88,18,-90,18,-87,19,-85,18,-86,13,-88,7,-84,3,-82,2,-83,4,-87,1,-84,0,-84,2,-76,0,-69,-4,-63,-5,-65,-2,-64,2,-71,3,-80,2,-85,2,-71,3,-56,1,-49,-3,-49,1,-44,9,-37,-2,-26,1,-17,0,-2,0,0,-1,-1,-1,1,0,-1,1,-3,3,-6,22,-37,17,-33,13,-29,15,-30,22,-37,24,-43,20,-48,19,-54,18,-56,16,-54,22,-55,34,-59,42,-66,40,-68,39,-65,43,-66,46,-61,50,-60,50,-64,42,-66,40,-65,39,-62,38,-62,37,-69,36,-74,34,-77,30,-80,26,-80]"
CSI_DATA,16607,1a:00:00:00:00:00,-1,11,1,0,0,1,1,0,0,0,0,-96,0,6,0,55994700,0,47,1,256,1,"[47,-16,2,0,-2,96,9,99,22,96,16,88,10,86,11,89,9,89,9,80,23,76,41,82,40,82,35,83,32,90,31,96,28,97,24,86,28,86,20,85,11,73,14,71,16,62,13,50,13,45,17,33,15,25,2,6,0,0,0,0,0,0,0,0,0,0,0,0,0,0,0,0,0,0,-1,9,1,33,-1,28,-14,44,-21,65,-15,53,-7,42,-6,51,-11,65,-12,74,-12,75,-12,78,-11,83,-13,80,-16,80,-19,88,-28,93,-38,79,-35,66,-30,76,-25,79,-21,70,-23,62,-14,65,3,86,7,100,0,96,-15,23,-40,78,-39,78,-34,79,-27,78,-26,77,-23,77,-21,78,-21,81,-22,84,-20,82,-18,78,-17,73,-16,69,-14,74,-12,83,-14,90,-19,86,-19,84,-19,81,-14,72,-10,65,-14,57,-18,50,-15,48,-11,43,-9,41,-28,41,-27,41,-6,8,-2,2,0,-1,2,-1,-1,-1,-5,0,-11,2,-54,16,-43,15,-16,22,-20,23,-30,30,-40,38,-40,39,-35,42,-32,47,-34,51,-37,55,-47,56,-53,52,-53,48,-51,44,-53,46,-54,48,-59,51,-65,52,-60,50,-51,52,-44,57,-43,57,-47,57,-47,57,-44,62,-43,66,-41,65]"
CSI_DATA,16608,1a:00:00:00:00:00,-1,11,1,0,0,1,1,0,0,0,0,-96,0,6,0,56010461,0,47,1,256,1,"[47,-16,2,0,81,-46,83,-56,85,-58,74,-52,72,-53,79,-55,75,-49,63,-45,68,-46,76,-44,73,-40,72,-41,76,-51,75,-62,73,-62,76,-51,76,-45,68,-46,62,-45,61,-43,57,-42,52,-37,50,-26,44,-22,37,-23,8,-6,0,0,0,0,0,0,0,0,0,0,0,0,0,0,0,0,0,0,12,-4,39,-16,28,-17,39,-14,51,-13,41,-15,37,-17,41,-25,43,-32,58,-34,77,-23,88,-10,91,-5,85,-3,76,-9,80,-19,87,-20,75,-17,63,-20,64,-22,69,-27,73,-29,75,-23,79,-20,88,-24,87,-24,78,-17,4,-16,22,-49,23,-58,20,-62,18,-58,15,-53,10,-47,6,-46,2,-46,3,-54,10,-59,18,-57,19,-52,19,-47,15,-47,9,-47,6,-47,8,-51,8,-56,5,-54,-1,-45,-2,-37,3,-36,8,-36,9,-35,14,-33,18,-33,-9,-40,-7,-38,-2,-7,-1,-3,0,0,-1,1,0,-1,2,-4,5,-10,22,-51,16,-43,14,-25,12,-28,16,-28,23,-30,22,-32,17,-33,14,-32,14,-37,20,-40,33,-41,45,-40,49,-38,47,-36,45,-39,47,-40,47,-41,41,-47,33,-49,28,-44,27,-42,28,-43,29,-42,34,-42,40,-45,44,-46,40,-42]"
CSI_DATA,16609,1a:00:00:00:00:00,-1,11,1,0,0,1,1,0,0,0,0,-96,0,6,0,56010639,0,47,1,256,1,"[47,-16,2,0,-100,11,-93,20,-82,24,-83,22,-85,26,-81,29,-81,30,-84,29,-88,21,-87,18,-76,12,-73,9,-80,20,-83,33,-92,37,-98,29,-89,25,-75,25,-66,22,-66,23,-60,22,-60,16,-65,10,-50,6,-41,1,-11,0,0,0,0,0,0,0,0,0,0,0,0,0,0,0,0,0,0,0,-11,0,-37,1,-31,-2,-46,-6,-68,-4,-64,-2,-51,0,-51,7,-56,15,-64,16,-73,-1,-80,-24,-83,-39,-78,-42,-74,-34,-79,-17,-83,-17,-79,-29,-77,-26,-83,-13,-75,-7,-66,-5,-70,-9,-72,-18,-77,-20,-84,-16,-86,-17,-26,-4,-86,-12,-90,-11,-88,-8,-82,-9,-81,-12,-79,-10,-77,-6,-78,-4,-83,-1,-86,1,-83,4,-76,4,-74,0,-81,4,-87,10,-95,11,-92,7,-87,2,-81,-2,-73,-8,-66,-10,-62,-9,-59,-6,-60,-4,-51,-4,-40,-2,-32,2,-24,7,-4,2,-1,1,0,0,1,0,-1,-1,-4,-2,-9,-3,-44,-18,-37,-12,-27,-4,-27,-4,-35,-10,-48,-14,-52,-13,-54,-12,-53,-14,-55,-14,-60,-18,-66,-26,-72,-34,-73,-35,-69,-38,-69,-39,-69,-38,-72,-38,-75,-41,-72,-37,-69,-34,-64,-31,-63,-31,-67,-30,-72,-30,-75,-27,-79,-24,-79,-22]"
CSI_DATA,16610,1a:00:00:00:00:00,0,11,1,0,0,1,1,0,0,0,0,-96,0,6,0,56039603,0,47,1,256,1,"[47,-16,2,0,82,66,80,51,75,35,76,43,78,51,76,49,78,46,83,44,85,45,84,40,74,33,67,34,73,37,82,34,99,39,100,48,80,45,64,38,55,37,56,38,53,33,56,29,63,30,46,26,34,24,8,6,0,0,0,0,0,0,0,0,0,0,0,0,0,0,0,0,0,0,8,5,30,18,29,20,38,33,46,42,42,43,40,43,47,40,51,33,51,35,58,50,59,69,50,80,42,77,41,68,45,67,49,75,47,78,46,71,47,66,38,59,34,57,43,63,48,65,55,64,64,61,65,61,19,20,63,67,64,69,60,65,56,61,57,62,60,62,60,58,63,55,67,54,69,57,67,54,60,50,57,54,65,56,74,54,81,57,77,58,69,57,61,55,50,55,44,52,40,45,39,40,43,39,35,36,27,28,21,21,18,12,3,0,0,-2,0,-1,-1,-2,0,0,2,2,4,5,20,31,15,26,15,18,14,21,18,31,26,40,33,42,39,44,41,46,41,47,38,52,38,62,37,73,35,75,30,74,29,76,30,77,32,79,34,81,35,75,33,70,31,65,29,66,35,71,40,74,45,74,48,73,49,69]"
CSI_DATA,16611,1a:00:00:00:00:00,0,11,1,0,0,1,1,0,0,0,0,-96,0,6,0,56039763,0,47,1,256,1,"[47,-16,2,0,-94,6,-92,2,-87,-9,-90,-7,-97,5,-96,7,-90,8,-82,10,-83,7,-89,5,-85,2,-85,-4,-90,-5,-37,-1,18,9,-36,10,-92,-3,-86,-9,-76,-4,-73,-3,-60,-5,-48,-2,-52,4,-56,1,-56,-3,-15,-1,0,0,0,0,0,0,0,0,0,0,0,0,0,0,0,0,0,0,-9,-3,-30,-5,-34,2,-51,1,-56,1,-48,6,-57,12,-61,21,-53,20,-58,9,-74,3,-88,-7,-92,-16,-86,-16,-81,-14,-82,-19,-86,-28,-84,-23,-74,-10,-73,-12,-76,-15,-75,-12,-73,-10,-77,-9,-89,-12,-93,-11,-89,-8,-21,-11,-75,-31,-79,-34,-80,-35,-80,-36,-80,-31,-76,-26,-72,-26,-69,-26,-72,-28,-78,-27,-79,-23,-78,-23,-80,-25,-85,-27,-63,-27,-40,-29,-53,-28,-72,-30,-68,-31,-67,-29,-63,-28,-51,-28,-40,-23,-42,-18,-37,-19,-31,-24,-5,-26,-1,-28,0,-6,0,-3,0,0,0,0,-1,-1,-1,-2,-3,-5,-19,-20,-21,-14,-29,-5,-33,-9,-42,-14,-42,-19,-40,-17,-45,-16,-49,-15,-49,-20,-54,-26,-61,-32,-69,-34,-66,-34,-64,-37,-65,-41,-67,-46,-66,-49,-65,-47,-60,-41,-58,-38,-56,-36,-59,-38,-62,-38,-66,-38,-72,-38,-76,-37,-74,-33]"
CSI_DATA,16612,1a:00:00:00:00:00,-1,11,1,0,0,1,1,0,0,0,0,-96,0,6,0,56043438,0,47,1,256,1,"[47,-16,2,0,22,-101,11,-103,-6,-106,-5,-98,5,-90,6,-92,7,-92,4,-90,-2,-95,-8,-100,-6,-89,2,-82,2,-89,-5,-99,-1,-105,10,-100,14,-91,10,-82,8,-72,11,-71,9,-67,10,-62,14,-55,9,-39,3,-30,1,-8,0,0,0,0,0,0,0,0,0,0,0,0,0,0,0,0,0,0,-2,-11,-10,-38,-6,-37,10,-52,15,-59,10,-50,5,-50,7,-56,7,-60,6,-68,15,-80,27,-87,32,-85,30,-78,28,-75,28,-83,31,-93,34,-84,35,-70,33,-71,28,-70,27,-66,29,-69,26,-77,20,-92,19,-100,25,-94,-5,-27,-12,-84,-11,-86,-16,-85,-24,-77,-25,-67,-25,-67,-27,-70,-27,-71,-26,-75,-22,-82,-21,-83,-19,-75,-18,-70,-23,-71,-27,-75,-32,-80,-29,-78,-25,-66,-26,-56,-25,-52,-20,-53,-13,-50,-8,-49,-5,-49,-3,-46,-4,-46,-10,-40,-8,-34,-3,-6,-1,-2,0,-1,0,1,-1,-1,0,-4,-1,-9,-5,-46,-6,-37,-12,-29,-14,-33,-8,-42,-3,-53,-3,-54,-7,-54,-9,-53,-6,-52,-3,-57,7,-67,17,-73,20,-73,20,-65,18,-62,18,-70,18,-80,15,-82,12,-77,7,-73,1,-71,-2,-69,0,-70,5,-71,9,-79,11,-84,10,-81]"
CSI_DATA,16613,1a:00:00:00:00:00,0,11,1,0,0,1,1,0,0,0,0,-96,0,6,0,56043598,0,47,1,256,1,"[47,-16,2,0,98,18,88,10,77,1,81,4,90,6,90,2,89,-2,92,-4,95,-6,91,-13,79,-13,74,-7,79,-7,86,-12,40,-17,-18,-12,26,-3,74,1,68,2,67,-1,60,-3,59,-9,64,-14,53,-8,45,2,11,1,0,0,0,0,0,0,0,0,0,0,0,0,0,0,0,0,0,0,9,1,33,6,32,7,46,16,56,21,52,23,52,22,58,15,56,6,58,9,75,18,86,32,81,44,73,44,64,39,64,36,71,44,72,50,69,44,67,38,59,35,55,34,66,34,76,34,81,27,84,19,84,17,24,8,82,29,83,32,79,31,72,31,72,31,73,30,71,25,71,22,78,21,85,19,81,14,75,14,76,18,82,17,80,11,65,9,49,8,63,11,74,14,70,18,64,20,57,18,53,13,55,9,47,10,35,12,25,7,18,0,2,-1,-1,-2,-1,-1,-2,-2,0,0,2,1,5,5,28,30,21,24,22,11,20,14,27,21,36,25,41,24,47,26,48,28,47,30,48,35,53,43,60,51,60,52,56,53,54,55,55,56,59,56,61,56,58,53,55,50,50,47,50,47,57,46,64,46,69,44,72,43,70,39]"
CSI_DATA,16614,1a:00:00:00:00:00,0,11,1,0,0,1,1,0,0,0,0,-96,0,6,0,56043776,0,47,1,256,1,"[47,-16,2,0,-27,-103,-23,-49,-16,13,-18,-34,-23,-90,-26,-93,-29,-89,-30,-80,-38,-82,-47,-88,-44,-83,-39,-83,-36,-95,-36,-103,-40,-93,-42,-82,-38,-81,-31,-82,-26,-76,-25,-74,-29,-74,-32,-58,-25,-37,-16,-32,-11,-37,-3,-10,0,0,0,0,0,0,0,0,0,0,0,0,0,0,0,0,0,0,0,-10,-1,-33,-9,-29,-8,-39,-1,-44,-2,-39,-9,-46,-7,-56,-1,-62,-3,-76,-6,-87,-6,-91,-6,-94,-5,-89,-4,-85,5,-33,15,18,9,-32,0,-80,6,-79,9,-81,4,-77,1,-74,-6,-82,-17,-98,-19,-105,-16,-98,16,-9,44,-43,44,-48,46,-32,51,-11,47,-21,40,-39,34,-42,33,-44,33,-49,29,-59,27,-65,28,-63,34,-63,37,-59,36,-51,36,-53,34,-51,31,-49,31,-46,28,-43,29,-42,23,-38,18,-31,15,-29,17,-28,20,-27,33,-2,33,4,6,1,2,1,-1,0,-2,-1,0,0,2,0,5,0,35,0,28,-3,13,-20,18,-14,25,-14,32,-11,31,-12,29,-16,33,-23,37,-26,39,-30,42,-31,44,-36,43,-36,44,-34,53,-32,60,-14,63,6,56,-5,46,-18,44,-19,43,-23,43,-25,45,-31,43,-40,42,-49,43,-53,44,-50]"
CSI_DATA,16616,1a:00:00:00:00:00,0,11,1,0,0,1,1,0,0,0,0,-96,0,6,0,56098204,0,47,1,256,1,"[47,-16,2,0,46,-95,35,-88,22,-79,28,-83,33,-87,29,-84,25,-87,21,-91,19,-94,14,-94,11,-82,15,-74,17,-82,14,-92,12,-109,20,-110,24,-91,24,-74,23,-67,22,-68,19,-60,12,-59,8,-65,12,-53,18,-45,5,-13,0,0,0,0,0,0,0,0,0,0,0,0,0,0,0,0,0,0,3,-9,14,-31,17,-31,28,-41,33,-49,32,-48,32,-51,30,-57,23,-55,25,-56,36,-69,52,-76,63,-70,63,-64,58,-60,55,-61,60,-65,62,-63,56,-62,53,-62,52,-52,51,-47,51,-57,49,-64,47,-71,44,-78,42,-80,12,-25,45,-80,48,-80,46,-76,44,-72,44,-74,42,-75,36,-74,33,-74,32,-76,33,-80,31,-80,29,-71,33,-72,35,-81,32,-89,32,-95,33,-90,33,-81,32,-74,34,-65,33,-60,29,-53,25,-50,22,-53,22,-45,20,-35,12,-25,5,-19,-1,-3,-2,0,-1,-1,-1,1,0,-1,1,-3,3,-6,20,-28,18,-23,16,-20,18,-20,26,-25,32,-33,30,-40,31,-47,33,-49,33,-49,38,-49,48,-52,59,-56,60,-56,61,-52,64,-52,65,-51,66,-52,67,-54,60,-53,56,-51,52,-47,53,-46,54,-53,55,-59,54,-64,54,-68,50,-69]"
CSI_DATA,16617,1a:00:00:00:00:00,0,11,1,0,0,1,1,0,0,0,0,-96,0,6,0,56098364,0,47,1,256,1,"[47,-16,2,0,27,99,23,103,10,99,7,85,9,86,9,92,11,87,15,81,24,83,37,83,40,77,31,82,25,96,28,102,35,96,35,87,24,80,11,78,4,76,4,77,9,76,19,63,28,47,22,45,12,51,2,13,0,0,0,0,0,0,0,0,0,0,0,0,0,0,0,0,0,0,-1,9,0,31,10,25,14,38,7,45,6,41,12,49,11,57,4,58,4,72,12,85,16,88,13,93,11,92,7,86,-5,92,-15,99,-9,89,1,77,-5,75,-16,75,-14,74,-7,74,4,80,16,90,20,93,17,86,-6,24,-10,79,-7,78,-7,86,-12,86,-14,75,-16,78,-16,80,-12,76,-4,78,7,85,16,84,19,87,14,82,11,75,10,56,9,45,4,48,0,63,-7,75,-9,78,-11,67,-8,58,-1,50,5,46,1,43,-7,41,-17,30,-20,28,-6,5,-2,1,0,-1,0,-2,-1,0,-2,1,-4,5,-17,31,-11,26,-1,30,-6,32,-10,42,-17,45,-17,44,-14,48,-14,51,-17,52,-19,61,-21,70,-16,76,-14,75,-15,75,-24,78,-32,77,-40,76,-39,71,-36,68,-36,65,-38,63,-34,64,-28,69,-18,72,-11,81,-10,87,-11,83]"
CSI_DATA,16618,1a:00:00:00:00:00,0,11,1,0,0,1,1,0,0,0,0,-96,0,6,0,56098601,0,47,1,256,1,"[47,-16,2,0,-11,-99,-11,-93,-9,-81,-9,-85,-15,-93,-20,-89,-23,-85,-23,-85,-22,-90,-24,-87,-24,-77,-20,-73,-20,-80,-25,-90,-35,-104,-33,-105,-19,-91,-13,-79,-13,-72,-16,-70,-16,-60,-19,-55,-25,-58,-16,-53,-4,-53,-1,-14,0,0,0,0,0,0,0,0,0,0,0,0,0,0,0,0,0,0,0,-9,2,-31,2,-31,2,-46,1,-57,3,-57,4,-60,-4,-62,-10,-56,-6,-60,-1,-78,9,-91,20,-91,21,-82,17,-73,18,-73,26,-84,28,-87,22,-82,18,-77,18,-70,16,-66,14,-72,15,-79,12,-84,4,-86,0,-87,8,-23,25,-77,26,-80,26,-76,28,-72,27,-75,23,-79,16,-74,14,-72,12,-72,11,-77,9,-76,10,-69,15,-74,16,-73,13,-73,12,-84,14,-86,19,-81,20,-75,17,-67,16,-62,11,-50,9,-46,4,-49,7,-46,12,-39,14,-22,12,-12,1,0,-1,0,0,-1,-2,0,0,-1,1,-2,5,-5,30,-26,25,-21,13,-27,16,-25,21,-31,23,-36,22,-40,22,-46,21,-46,20,-44,25,-48,29,-54,36,-63,40,-67,43,-63,50,-61,51,-57,53,-58,50,-59,44,-58,42,-57,39,-55,39,-51,40,-57,39,-63,36,-68,31,-73,28,-78]"
CSI_DATA,16619,1a:00:00:00:00:00,0,11,1,0,0,1,1,0,0,0,0,-96,0,6,0,56098761,0,47,1,256,1,"[47,-16,2,0,87,-35,92,-35,100,-32,99,-33,91,-38,88,-41,82,-44,73,-40,78,-27,90,-16,92,-10,92,-12,94,-24,97,-40,97,-55,90,-50,87,-33,81,-28,72,-28,70,-27,62,-22,49,-14,40,-11,37,-5,39,-2,10,-1,0,0,0,0,0,0,0,0,0,0,0,0,0,0,0,0,0,0,9,-1,33,-7,31,-14,42,-10,46,-7,39,-17,47,-29,52,-34,48,-33,59,-26,74,-9,85,7,91,15,87,14,83,8,88,2,96,-3,90,-11,77,-14,77,-9,79,-9,76,-14,74,-14,82,-4,98,5,103,5,97,2,25,-3,85,-16,87,-18,88,-18,86,-17,80,-16,82,-14,82,-12,78,-15,79,-21,80,-28,79,-31,77,-32,82,-33,87,-35,83,-39,79,-42,80,-33,82,-25,80,-18,71,-15,66,-12,55,-10,46,-10,42,-12,38,-7,39,0,30,-3,29,-2,6,0,1,-1,-1,-1,-2,-1,0,0,1,1,5,1,34,4,29,-1,32,-11,37,-6,46,-1,50,3,48,-1,52,-6,53,-6,55,-4,63,-1,73,5,80,3,81,3,79,3,83,5,84,9,87,13,84,13,79,13,74,13,72,12,71,9,74,4,77,1,84,-2,90,-5,89,-6]"
CSI_DATA,16620,1a:00:00:00:00:00,-1,11,1,0,0,1,1,0,0,0,0,-96,0,6,0,56098969,0,47,1,256,1,"[47,-16,2,0,91,-35,96,-37,98,-27,88,-19,87,-19,91,-20,88,-21,77,-23,72,-37,73,-55,70,-56,75,-49,88,-42,96,-43,91,-45,84,-42,82,-37,78,-22,71,-11,72,-14,68,-19,53,-26,41,-33,38,-31,42,-22,11,-4,0,0,0,0,0,0,0,0,0,0,0,0,0,0,0,0,0,0,10,-1,34,-6,26,-9,40,-11,56,-11,48,-12,41,-15,46,-13,57,-8,74,-12,82,-22,83,-27,88,-30,88,-32,84,-26,90,-13,99,-1,87,4,72,-1,75,-2,81,4,77,4,71,0,73,-14,86,-35,92,-39,84,-32,22,-10,78,-32,83,-36,84,-37,76,-39,67,-39,68,-39,69,-37,66,-36,68,-36,69,-40,71,-39,70,-41,72,-42,73,-43,75,-47,77,-51,74,-46,73,-39,72,-32,63,-31,58,-30,54,-25,48,-24,45,-23,42,-18,43,-11,27,4,24,11,4,3,1,1,-1,-1,-2,0,0,0,2,0,7,-1,40,-8,33,-11,26,-15,29,-18,38,-19,47,-17,45,-16,45,-21,45,-22,50,-17,61,-13,70,-10,75,-10,77,-11,77,-10,78,-12,79,-12,81,-8,79,-8,74,-9,72,-12,72,-12,71,-14,70,-15,70,-16,76,-18,83,-20,84,-20]"
CSI_DATA,16621,1a:00:00:00:00:00,0,11,1,0,0,1,1,0,0,0,0,-96,0,6,0,56132600,0,47,1,256,1,"[47,-16,2,0,44,86,42,96,39,98,37,90,37,87,39,88,42,80,43,67,43,70,39,81,34,80,31,82,34,89,45,89,55,84,51,80,39,82,32,77,30,70,29,68,26,62,23,50,20,41,14,41,10,44,2,11,0,0,0,0,0,0,0,0,0,0,0,0,0,0,0,0,0,0,2,9,10,31,12,26,12,36,11,41,17,34,28,39,32,44,29,43,27,57,23,75,16,85,13,91,15,86,14,83,11,90,10,95,18,83,24,71,18,72,15,77,19,76,20,71,18,76,18,93,23,98,26,92,9,22,36,73,43,77,45,79,46,77,45,72,43,67,42,66,44,64,49,65,52,69,46,69,41,63,40,62,45,64,53,66,57,72,49,73,44,73,41,70,40,61,38,56,32,51,24,44,23,41,15,40,6,40,8,31,5,31,1,6,0,2,-1,-1,-1,-2,-1,0,-1,2,1,6,11,33,15,27,20,25,20,31,19,41,15,46,18,43,25,44,27,45,28,48,30,58,25,72,21,79,16,79,15,75,16,76,11,78,9,82,15,81,18,76,16,72,15,71,18,72,21,72,23,74,25,79,29,81,30,77]"
CSI_DATA,16622,1a:00:00:00:00:00,0,11,1,0,0,1,1,0,0,0,0,-96,0,6,0,56132787,0,47,1,256,1,"[47,-16,2,0,-42,-96,-36,-102,-21,-94,-18,-85,-20,-91,-19,-93,-25,-85,-30,-80,-39,-83,-51,-80,-52,-71,-43,-76,-36,-90,-42,-95,-56,-93,-58,-87,-41,-83,-24,-82,-17,-78,-20,-77,-20,-71,-27,-56,-42,-44,-34,-45,-15,-50,-3,-13,0,0,0,0,0,0,0,0,0,0,0,0,0,0,0,0,0,0,-1,-9,-6,-30,-14,-27,-21,-39,-16,-45,-14,-48,-21,-61,-22,-63,-14,-56,-9,-67,-20,-82,-26,-90,-20,-94,-19,-90,-15,-85,1,-90,10,-101,-3,-95,-14,-84,-3,-80,11,-79,7,-77,-5,-77,-15,-81,-24,-88,-27,-90,-27,-90,12,-15,29,-53,28,-53,31,-53,38,-48,39,-43,35,-52,28,-60,25,-57,23,-55,23,-55,25,-47,30,-36,37,-41,37,-53,29,-59,25,-59,22,-54,24,-53,26,-54,28,-50,26,-46,22,-36,17,-24,10,-18,9,-16,11,-15,26,0,18,-3,2,-1,-1,-1,-1,-1,-2,0,0,-1,1,0,5,0,31,-3,27,-6,12,-19,13,-18,15,-24,18,-26,15,-29,10,-39,12,-45,20,-44,27,-43,27,-39,32,-35,33,-33,37,-30,44,-32,50,-38,50,-44,42,-44,34,-42,35,-42,36,-46,39,-45,40,-45,38,-45,38,-43,38,-41,36,-39]"
CSI_DATA,16623,1a:00:00:00:00:00,-1,11,1,0,0,1,1,0,0,0,0,-96,0,6,0,56176072,0,47,1,256,1,"[47,-16,2,0,94,19,102,8,106,-6,96,-4,89,2,94,4,92,8,82,7,85,0,96,-5,94,-2,89,3,94,4,100,-1,99,3,91,14,91,13,85,10,73,9,70,8,67,8,60,13,53,18,40,8,31,0,7,0,0,0,0,0,0,0,0,0,0,0,0,0,0,0,0,0,0,0,10,-1,37,-7,30,-9,46,3,63,9,50,5,40,1,50,1,62,0,73,3,78,15,82,26,85,25,80,22,77,20,86,21,94,27,80,34,67,36,74,31,78,21,71,19,64,25,69,24,88,16,97,14,90,22,26,14,85,38,86,36,86,30,80,23,72,23,77,23,82,22,84,23,85,21,87,17,88,15,83,13,79,13,83,13,89,12,94,17,90,24,86,26,82,27,68,22,61,19,56,19,51,19,50,19,45,16,44,14,39,23,35,22,7,4,2,1,-1,-1,-2,-2,-1,0,1,2,5,5,32,29,31,21,30,3,31,6,39,14,48,24,49,25,49,23,52,22,56,23,61,25,66,33,67,38,65,39,59,42,62,46,64,46,68,50,68,54,63,51,60,45,61,39,62,38,64,39,66,39,75,37,80,35,79,34]"
CSI_DATA,16625,1a:00:00:00:00:00,0,11,1,0,0,1,1,0,0,0,0,-96,0,6,0,56183210,0,47,1,256,1,"[47,-16,2,0,-49,-94,-41,-101,-33,-102,-34,-90,-41,-82,-49,-81,-53,-75,-55,-72,-57,-80,-54,-85,-46,-79,-40,-76,-41,-85,-48,-93,-58,-84,-58,-74,-48,-69,-43,-68,-42,-67,-40,-66,-39,-65,-37,-55,-28,-40,-15,-33,-10,-35,-3,-9,0,0,0,0,0,0,0,0,0,0,0,0,0,0,0,0,0,0,-2,-11,-8,-33,-13,-26,-13,-36,-9,-40,-13,-36,-24,-43,-26,-53,-24,-56,-25,-68,-25,-85,-17,-92,-13,-94,-15,-89,-13,-81,-6,-25,-2,24,-11,-32,-19,-82,-13,-77,-11,-80,-19,-76,-22,-73,-23,-84,-26,-97,-26,-100,-27,-95,-7,-25,-29,-83,-30,-90,-28,-93,-29,-93,-31,-87,-35,-84,-36,-75,-37,-71,-40,-72,-44,-75,-42,-75,-40,-74,-39,-80,-40,-81,-43,-82,-46,-83,-42,-76,-36,-72,-34,-74,-34,-68,-28,-63,-22,-54,-21,-49,-18,-45,-10,-39,-4,-39,2,-31,5,-26,2,-5,0,-2,-1,0,-1,1,0,-1,0,-3,1,-8,2,-42,-1,-33,-10,-30,-9,-34,-8,-44,-4,-49,-6,-47,-15,-50,-18,-53,-15,-55,-13,-66,-9,-75,-8,-80,-7,-79,-5,-77,-1,-80,4,-64,10,-52,6,-68,4,-81,3,-78,0,-78,-6,-77,-10,-77,-12,-77,-14,-84,-16,-90,-17,-91]"
CSI_DATA,16627,1a:00:00:00:00:00,0,11,1,0,0,1,1,0,0,0,0,-96,0,6,0,56205666,0,47,1,256,1,"[47,-16,2,0,-97,28,-104,27,-103,18,-94,17,-92,22,-95,22,-90,22,-76,24,-74,29,-84,32,-85,29,-86,28,-94,27,-101,32,-98,40,-90,39,-90,29,-84,20,-74,17,-73,18,-66,16,-51,16,-44,21,-45,18,-46,14,-12,3,0,0,0,0,0,0,0,0,0,0,0,0,0,0,0,0,0,0,-11,-2,-36,-2,-31,5,-43,2,-48,-2,-43,5,-50,15,-55,20,-54,18,-66,11,-78,6,-86,1,-94,-2,-92,1,-87,2,-90,-5,-97,-13,-89,-7,-77,2,-76,-3,-82,-8,-83,-5,-76,-2,-78,3,-95,8,-101,10,-94,11,-27,1,-90,9,-95,10,-97,11,-89,12,-79,15,-80,17,-82,17,-81,17,-82,21,-85,27,-84,28,-82,27,-85,28,-89,28,-83,30,-77,31,-79,26,-84,21,-81,17,-74,19,-71,18,-63,11,-54,8,-51,10,-48,4,-46,-3,-33,-9,-29,-11,-6,-3,-2,-2,0,0,1,0,-1,-1,-2,-2,-7,-3,-35,-7,-30,-1,-34,5,-40,4,-49,0,-52,-6,-50,-3,-54,2,-57,5,-61,2,-71,-2,-77,-8,-82,-8,-82,-9,-81,-9,-84,-12,-85,-17,-86,-24,-85,-22,-80,-18,-76,-16,-76,-15,-76,-12,-77,-8,-78,-5,-86,-3,-91,-1,-90,0]"
CSI_DATA,16628,1a:00:00:00:00:00,-1,11,1,0,0,1,1,0,0,0,0,-96,0,6,0,56205877,0,47,1,256,1,"[47,-16,2,0,-96,-7,-101,5,-104,20,-95,15,-89,4,-95,4,-95,0,-86,1,-88,11,-95,19,-91,15,-86,9,-89,9,-96,16,-100,10,-97,-3,-95,-2,-88,-1,-75,-3,-71,-2,-66,-2,-61,-7,-57,-11,-41,0,-26,5,-6,0,0,0,0,0,0,0,0,0,0,0,0,0,0,0,0,0,0,0,-11,1,-39,9,-35,7,-51,-2,-66,-6,-53,-3,-42,4,-52,4,-62,2,-71,0,-78,-12,-87,-21,-90,-18,-83,-13,-78,-13,-83,-13,-93,-16,-84,-26,-70,-30,-76,-24,-80,-17,-72,-19,-68,-23,-73,-18,-90,-7,-99,-3,-94,-10,-27,-14,-85,-35,-84,-35,-81,-31,-73,-23,-67,-20,-73,-18,-82,-17,-86,-18,-90,-18,-90,-16,-90,-15,-84,-13,-78,-14,-82,-15,-89,-14,-94,-17,-90,-23,-87,-22,-83,-20,-73,-13,-66,-10,-59,-10,-52,-14,-51,-15,-46,-12,-42,-8,-39,-20,-38,-17,-8,-3,-3,-1,-1,-1,0,1,0,-1,-2,-3,-6,-7,-28,-34,-24,-26,-26,-5,-29,-11,-37,-20,-45,-30,-46,-30,-47,-24,-51,-20,-56,-23,-60,-27,-63,-37,-65,-44,-61,-46,-54,-47,-54,-49,-56,-50,-60,-54,-60,-58,-56,-54,-55,-46,-60,-38,-63,-39,-67,-42,-69,-43,-74,-40,-77,-36,-77,-33]"
CSI_DATA,16629,1a:00:00:00:00:00,-1,11,1,0,0,1,1,0,0,0,0,-96,0,6,0,56206064,0,47,1,256,1,"[47,-16,2,0,-78,43,-85,48,-91,50,-82,47,-75,49,-75,54,-72,53,-64,46,-67,43,-75,49,-75,49,-76,46,-81,49,-84,55,-82,58,-75,53,-75,47,-73,41,-65,38,-62,39,-56,34,-45,24,-39,19,-35,20,-34,17,-9,3,0,0,0,0,0,0,0,0,0,0,0,0,0,0,0,0,0,0,-10,3,-32,16,-26,18,-41,14,-50,12,-37,18,-37,30,-44,35,-47,32,-58,30,-66,26,-75,20,-85,17,-84,16,-82,17,-87,17,-95,16,-87,16,-72,16,-74,15,-78,17,-73,21,-67,18,-69,20,-85,27,-95,29,-94,27,-28,8,-85,32,-84,34,-84,36,-82,38,-78,37,-76,35,-77,34,-77,33,-77,36,-77,41,-75,44,-68,47,-66,47,-73,49,-77,50,-79,48,-76,41,-75,32,-72,25,-64,24,-61,24,-56,21,-48,20,-45,20,-43,18,-42,14,-36,4,-35,3,-8,-1,-3,-1,0,0,0,-1,-1,-1,-2,0,-5,2,-23,15,-20,17,-23,20,-32,21,-45,19,-52,14,-49,15,-48,20,-50,21,-53,18,-60,18,-67,17,-73,20,-73,20,-72,17,-76,16,-80,13,-85,9,-85,7,-76,5,-72,3,-71,4,-73,6,-75,10,-76,14,-80,21,-81,28,-81,31]"
CSI_DATA,16630,1a:00:00:00:00:00,-1,11,1,0,0,1,1,0,0,0,0,-96,0,6,0,56219681,0,47,1,256,1,"[47,-16,2,0,86,8,97,7,98,7,91,5,95,1,98,-1,91,-4,73,-6,73,-9,87,-15,86,-17,88,-12,93,-4,97,-2,96,-3,89,-2,101,-1,97,3,77,2,73,-2,60,-2,43,-3,47,-9,51,-16,43,-11,9,-2,0,0,0,0,0,0,0,0,0,0,0,0,0,0,0,0,0,0,9,3,36,6,33,5,46,16,53,20,44,12,50,2,57,-2,56,4,61,12,66,13,79,17,89,19,86,17,84,20,83,29,82,42,71,43,62,35,74,35,82,34,77,27,65,23,64,15,86,10,97,10,93,11,27,7,88,17,88,19,88,18,80,12,71,4,74,-2,80,-5,83,-5,86,-5,87,-4,88,-2,83,-3,79,-2,81,-1,86,-1,91,0,88,4,89,5,85,4,74,-5,68,-8,61,-4,51,0,50,-1,50,0,49,3,42,10,43,13,8,2,3,1,-1,0,-2,-1,0,0,2,1,7,3,38,16,33,10,31,0,37,4,45,14,51,23,49,20,52,14,55,9,57,11,62,15,68,23,74,29,74,32,70,33,72,37,71,42,70,48,70,49,65,41,66,35,69,29,72,26,73,25,75,26,82,26,86,24,85,19]"
CSI_DATA,16631,1a:00:00:00:00:00,-1,11,1,0,0,1,1,0,0,0,0,-96,0,6,0,56219925,0,47,1,256,1,"[47,-16,2,0,-96,10,-91,26,-87,39,-79,32,-77,25,-85,24,-89,16,-88,17,-87,27,-83,32,-78,27,-75,24,-79,31,-85,37,-94,30,-98,16,-89,12,-76,10,-69,7,-68,10,-64,15,-64,15,-62,10,-41,10,-23,11,-5,2,0,0,0,0,0,0,0,0,0,0,0,0,0,0,0,0,0,0,-13,3,-41,15,-31,10,-46,4,-67,5,-57,5,-38,4,-42,12,-55,21,-67,23,-82,11,-91,-4,-89,-8,-83,-8,-73,-3,-72,5,-84,2,-81,-13,-70,-15,-67,-2,-69,2,-73,-7,-78,-14,-84,-8,-87,5,-86,11,-82,5,-27,1,-86,4,-89,5,-86,10,-76,14,-67,15,-70,20,-78,24,-80,25,-86,25,-88,21,-84,17,-77,13,-74,11,-77,19,-82,27,-90,29,-89,23,-84,21,-78,21,-66,19,-58,16,-55,13,-54,9,-53,6,-47,3,-42,5,-38,7,-33,9,-6,2,-2,0,-1,-1,1,0,-1,-1,-3,-3,-8,-4,-39,-21,-30,-17,-25,-1,-28,-3,-38,-7,-53,-12,-56,-8,-53,-1,-51,7,-56,9,-63,5,-72,-6,-75,-21,-73,-28,-68,-29,-68,-26,-70,-23,-76,-24,-79,-26,-75,-22,-70,-16,-70,-8,-75,-9,-78,-13,-80,-15,-82,-12,-82,-13,-77,-15]"
CSI_DATA,16632,1a:00:00:00:00:00,-1,11,1,0,0,1,1,0,0,0,0,-96,0,6,0,56220112,0,47,1,256,1,"[47,-16,2,0,74,48,85,43,94,42,84,48,73,54,74,56,71,51,64,43,72,30,89,17,88,11,86,17,91,27,97,30,97,31,89,31,84,32,68,39,53,43,56,40,52,29,43,17,41,10,37,1,31,5,7,3,0,0,0,0,0,0,0,0,0,0,0,0,0,0,0,0,0,0,6,7,26,22,23,19,26,37,35,52,34,40,32,29,32,36,33,46,43,51,49,54,53,61,57,64,57,62,54,59,55,64,55,76,42,74,34,62,43,66,44,72,37,66,31,58,43,51,72,51,84,56,73,60,7,23,34,73,35,74,39,71,43,67,45,67,46,65,48,61,49,61,46,62,42,60,40,57,38,52,39,51,47,52,54,53,57,59,52,61,49,61,47,63,44,57,42,50,34,45,25,41,23,37,20,32,20,32,1,42,0,40,0,7,-1,2,-1,0,0,-2,0,0,-2,2,-5,7,-25,41,-20,35,7,24,6,29,5,40,4,51,4,50,9,48,15,50,15,53,16,59,10,65,1,66,-6,62,-8,59,-5,64,-1,67,0,72,0,77,1,73,8,71,14,73,15,73,11,71,11,67,16,66,19,68,17,68]"
CSI_DATA,16633,1a:00:00:00:00:00,0,11,1,0,0,1,1,0,0,0,0,-96,0,6,0,56282368,0,47,1,256,1,"[47,-16,2,0,-39,-92,-40,-102,-33,-106,-32,-93,-37,-90,-40,-95,-40,-87,-36,-73,-38,-73,-44,-81,-45,-81,-45,-86,-45,-92,-48,-96,-52,-91,-49,-81,-40,-83,-34,-81,-32,-74,-33,-73,-33,-66,-30,-50,-27,-37,-23,-38,-19,-43,-5,-11,0,0,0,0,0,0,0,0,0,0,0,0,0,0,0,0,0,0,0,-11,-4,-37,-12,-32,-10,-44,-3,-47,-7,-38,-19,-47,-24,-55,-20,-55,-17,-67,-14,-78,-11,-86,-9,-92,-9,-90,-7,-87,-3,-94,2,-102,-3,-91,-8,-77,-3,-78,-1,-83,-6,-81,-8,-74,-13,-76,-20,-94,-23,-101,-22,-92,1,-27,-5,-90,-7,-93,-9,-96,-12,-90,-15,-79,-18,-80,-19,-82,-18,-81,-18,-81,-21,-83,-21,-84,-20,-82,-20,-84,-22,-87,-25,-88,-26,-89,-21,-84,-17,-83,-14,-81,-16,-74,-16,-70,-10,-63,-8,-53,-8,-48,-4,-45,2,-46,18,-33,25,-29,5,-6,2,-2,0,0,-1,1,0,-1,0,-2,1,-6,1,-36,-2,-31,-9,-33,-7,-39,-3,-50,5,-53,3,-51,-3,-54,-6,-58,-3,-60,1,-68,8,-75,10,-79,12,-78,13,-77,16,-82,19,-84,24,-85,23,-83,20,-77,17,-75,13,-76,10,-77,8,-77,6,-78,4,-86,4,-91,3,-89]"
CSI_DATA,16634,1a:00:00:00:00:00,-1,11,1,0,0,1,1,0,0,0,0,-96,0,6,0,56282546,0,47,1,256,1,"[47,-16,2,0,-80,59,-67,62,-53,68,-59,64,-63,61,-57,63,-57,66,-58,70,-54,75,-46,81,-42,73,-43,66,-50,72,-57,80,-64,87,-64,82,-55,70,-48,60,-44,52,-43,52,-37,47,-32,46,-34,48,-26,36,-23,28,-7,7,0,0,0,0,0,0,0,0,0,0,0,0,0,0,0,0,0,0,-6,6,-21,22,-26,15,-46,19,-62,30,-55,29,-43,25,-41,31,-43,38,-47,43,-62,47,-78,43,-81,36,-76,32,-70,31,-73,34,-84,34,-88,22,-79,19,-74,29,-67,31,-62,27,-67,28,-69,34,-70,46,-72,56,-74,56,-21,18,-69,54,-72,53,-69,56,-65,58,-68,59,-65,60,-57,62,-54,62,-56,62,-60,62,-58,62,-54,55,-56,53,-57,61,-58,71,-62,78,-63,75,-61,68,-58,61,-52,48,-46,42,-40,37,-39,34,-38,35,-34,30,-29,26,-22,22,-14,17,-2,3,0,0,0,0,1,-1,-1,0,-3,1,-6,4,-32,19,-25,15,-17,13,-19,14,-32,14,-46,21,-49,28,-47,34,-47,36,-48,39,-54,38,-63,36,-75,30,-76,27,-74,23,-75,24,-76,24,-80,27,-83,29,-77,30,-72,29,-67,29,-67,28,-71,30,-75,33,-77,38,-79,41,-79,42]"
CSI_DATA,16635,1a:00:00:00:00:00,-1,11,1,0,0,1,1,0,0,0,0,-96,0,6,0,56282769,0,47,1,256,1,"[47,-16,2,0,-70,65,-57,71,-47,77,-50,72,-55,69,-56,74,-57,70,-57,70,-59,78,-52,78,-44,64,-44,52,-48,60,-49,76,-58,84,-69,78,-63,64,-55,54,-51,47,-48,47,-43,47,-45,48,-46,47,-30,35,-20,24,-6,5,0,0,0,0,0,0,0,0,0,0,0,0,0,0,0,0,0,0,-7,10,-19,37,-18,31,-36,37,-49,46,-44,40,-36,34,-35,42,-34,50,-39,55,-58,58,-77,55,-80,48,-72,41,-59,35,-58,42,-71,50,-75,41,-70,36,-63,41,-57,42,-59,39,-68,40,-74,48,-71,55,-64,56,-64,51,-1,22,-15,66,-18,71,-15,73,-15,74,-14,70,-9,69,-6,68,-4,66,-6,67,-11,71,-6,69,-4,62,-4,63,-4,68,-3,73,-5,79,-10,74,-8,60,-5,51,-10,47,-13,47,-13,42,-12,40,-13,42,-15,40,-11,37,1,38,0,31,1,5,0,0,0,0,-1,-2,-1,0,0,1,2,4,12,28,9,26,-3,23,-6,25,-15,28,-20,35,-16,41,-10,47,-9,48,-7,47,-10,49,-20,52,-29,54,-27,55,-24,57,-24,64,-28,63,-32,65,-32,63,-28,59,-27,57,-24,55,-26,55,-27,55,-27,56,-23,61,-21,64,-18,61]"
CSI_DATA,16636,1a:00:00:00:00:00,0,11,1,0,0,1,1,0,0,0,0,-96,0,6,0,56283432,0,47,1,256,1,"[47,-16,2,0,63,78,55,72,40,75,47,82,64,77,68,67,70,61,66,64,53,76,46,82,40,79,35,77,42,78,57,84,75,91,76,83,54,71,43,64,42,58,42,55,34,47,31,42,35,43,24,42,15,49,4,14,0,0,0,0,0,0,0,0,0,0,0,0,0,0,0,0,0,0,2,5,8,21,15,22,27,32,36,39,40,38,46,44,53,41,51,28,45,37,40,63,31,87,21,97,19,91,22,79,25,78,23,90,26,92,36,79,37,73,31,68,32,61,37,65,31,79,25,89,27,93,33,94,-2,20,4,73,4,78,1,77,-4,77,0,78,5,71,6,64,8,62,10,67,15,75,18,77,17,75,13,79,11,84,15,86,17,87,11,79,4,74,0,67,0,63,-2,59,-4,49,0,44,7,44,2,39,-4,34,-22,16,-27,9,-6,0,-3,-1,-1,-1,0,-2,-1,0,-1,1,-3,5,-16,30,-12,24,0,22,-4,25,-3,32,-4,36,-1,36,2,39,2,42,-2,42,-4,50,-5,61,-3,74,-2,76,-5,76,-10,76,-15,74,-20,72,-19,70,-16,63,-15,59,-15,56,-15,55,-12,62,-7,73,-2,80,3,82,7,83]"
CSI_DATA,16638,1a:00:00:00:00:00,0,11,1,0,0,1,1,0,0,0,0,-96,0,6,0,56330216,0,47,1,256,1,"[47,-16,2,0,-96,15,-107,18,-111,17,-96,17,-91,20,-97,20,-92,17,-77,17,-78,23,-90,26,-90,23,-91,21,-99,22,-106,24,-100,26,-90,22,-91,21,-84,18,-74,14,-73,13,-67,12,-53,10,-45,6,-42,7,-38,7,-9,1,0,0,0,0,0,0,0,0,0,0,0,0,0,0,0,0,0,0,-13,-1,-41,2,-32,8,-45,1,-54,-4,-42,1,-44,9,-51,11,-55,9,-68,6,-78,-1,-85,-5,-91,-4,-88,-3,-86,-4,-94,-8,-102,-14,-88,-12,-73,-8,-76,-9,-85,-6,-84,-2,-75,-6,-77,-4,-97,4,-104,7,-95,4,-28,-5,-92,-7,-95,-7,-96,-5,-90,-1,-79,2,-80,6,-83,6,-83,5,-84,7,-87,10,-88,10,-86,10,-88,10,-91,12,-85,15,-81,14,-83,9,-87,6,-85,4,-76,6,-73,5,-65,1,-56,-1,-51,-2,-47,-5,-45,-9,-33,-22,-31,-25,-7,-6,-3,-3,0,0,1,0,0,-1,-2,-2,-6,-4,-36,-18,-34,-10,-36,3,-40,-1,-49,-8,-53,-16,-51,-15,-53,-9,-57,-5,-61,-7,-69,-11,-75,-20,-78,-23,-75,-24,-72,-25,-76,-28,-78,-31,-80,-35,-78,-35,-73,-32,-71,-28,-73,-24,-75,-20,-75,-20,-75,-18,-84,-17,-89,-16,-88,-15]"
CSI_DATA,16639,1a:00:00:00:00:00,-1,11,1,0,0,1,1,0,0,0,0,-96,0,6,0,56330376,0,47,1,256,1,"[47,-16,2,0,82,-59,67,-64,54,-74,55,-65,63,-52,72,-52,78,-53,76,-59,65,-73,52,-82,46,-74,49,-65,57,-68,63,-77,74,-78,80,-65,72,-50,68,-38,64,-30,63,-30,58,-33,51,-35,47,-34,31,-26,20,-18,5,-5,0,0,0,0,0,0,0,0,0,0,0,0,0,0,0,0,0,0,5,-11,16,-40,18,-33,38,-37,51,-45,42,-39,32,-35,35,-41,42,-48,47,-56,55,-61,65,-62,67,-59,64,-53,61,-49,63,-50,74,-51,76,-39,69,-29,64,-32,63,-29,68,-22,74,-26,70,-41,66,-60,66,-68,68,-62,26,-10,83,-35,83,-37,78,-39,69,-41,64,-38,71,-32,75,-29,76,-31,74,-39,71,-48,64,-56,57,-53,58,-49,62,-51,67,-56,78,-57,82,-48,80,-38,81,-30,74,-18,65,-16,58,-19,51,-24,47,-26,39,-21,33,-18,30,-19,25,-20,4,-5,0,-3,-1,-1,-2,0,0,0,3,-1,7,-3,42,-13,35,-17,18,-24,20,-22,32,-20,45,-21,49,-21,50,-22,53,-20,56,-23,59,-26,64,-30,70,-30,69,-29,68,-22,73,-18,75,-16,81,-18,86,-16,82,-14,76,-9,71,-5,72,-3,74,-9,73,-20,73,-33,75,-40,73,-40]"
CSI_DATA,16640,1a:00:00:00:00:00,-1,11,1,0,0,1,1,0,0,0,0,-96,0,6,0,56330581,0,47,1,256,1,"[47,-16,2,0,99,-16,104,-24,98,-41,83,-40,79,-35,84,-36,82,-32,76,-29,81,-31,90,-31,87,-23,84,-21,88,-30,92,-39,90,-35,85,-23,84,-21,81,-24,71,-21,69,-20,65,-20,57,-12,50,0,37,0,26,-3,6,-1,0,0,0,0,0,0,0,0,0,0,0,0,0,0,0,0,0,0,10,-4,36,-18,28,-17,43,-9,57,-5,47,-6,40,-14,47,-21,57,-23,68,-24,77,-13,85,0,86,6,81,8,78,5,85,-5,93,-7,84,1,73,6,77,2,79,-7,73,-8,69,-2,74,-1,91,-7,101,-9,98,-3,26,6,85,11,90,8,91,3,82,-3,74,-1,78,3,80,4,79,6,81,0,84,-8,87,-11,82,-13,78,-12,83,-14,88,-16,91,-12,87,-3,82,3,78,8,65,10,59,9,56,7,53,4,52,4,47,3,42,1,39,12,35,11,7,2,2,0,-1,-1,-1,-1,-1,0,1,1,4,2,29,14,33,7,32,-7,36,-5,43,2,49,10,49,14,49,14,50,15,55,15,60,15,67,17,73,19,74,20,67,24,67,27,69,25,75,27,76,33,70,34,63,31,60,28,59,28,65,26,71,22,80,15,87,9,89,7]"
CSI_DATA,16641,1a:00:00:00:00:00,0,11,1,0,0,1,1,0,0,0,0,-96,0,6,0,56330732,0,47,1,256,1,"[47,-16,2,0,96,-16,103,-9,105,-3,95,-5,92,-12,94,-18,88,-24,78,-25,79,-21,86,-14,88,-11,92,-10,99,-10,105,-16,101,-29,89,-29,84,-20,78,-16,73,-15,73,-13,66,-10,53,-8,43,-10,41,-6,41,0,10,0,0,0,0,0,0,0,0,0,0,0,0,0,0,0,0,0,0,0,10,2,35,4,31,-2,42,4,44,8,37,-2,45,-13,50,-16,50,-12,64,-4,76,3,82,11,87,15,87,14,84,15,89,23,96,26,87,16,74,7,72,11,78,10,80,3,74,1,79,5,94,9,99,10,92,7,24,6,86,16,89,18,90,19,91,19,89,15,87,9,80,4,78,4,81,4,83,4,83,8,83,9,88,10,86,8,80,3,87,0,84,2,79,6,77,7,73,4,68,5,58,8,51,9,47,9,41,11,36,17,19,21,13,20,1,4,-1,1,-1,-1,-1,-2,0,0,0,2,3,6,25,30,25,21,34,5,34,10,41,15,43,20,42,15,48,9,52,9,52,14,60,22,64,31,68,35,68,38,67,37,70,39,72,42,74,45,71,42,64,38,63,35,65,32,67,29,68,28,69,28,74,30,79,31,80,31]"
CSI_DATA,16645,1a:00:00:00:00:00,0,11,1,0,0,1,1,0,0,0,0,-96,0,6,0,56350296,0,47,1,256,1,"[47,-16,2,0,-47,-98,-38,-86,-29,-75,-29,-76,-39,-82,-49,-82,-58,-75,-63,-80,-58,-87,-53,-77,-50,-69,-46,-72,-45,-77,-55,-80,-76,-82,-74,-78,-47,-66,-36,-60,-39,-60,-41,-61,-35,-56,-36,-47,-45,-41,-34,-39,-21,-44,-5,-13,0,0,0,0,0,0,0,0,0,0,0,0,0,0,0,0,0,0,1,-7,2,-23,-2,-31,-7,-45,-11,-50,-13,-52,-17,-59,-23,-62,-23,-56,-16,-64,-12,-81,-2,-90,11,-92,11,-91,7,-84,10,-81,14,-90,7,-93,-3,-85,1,-75,5,-69,-3,-71,-12,-81,-11,-90,-11,-92,-15,-92,-18,-93,-9,-27,-29,-91,-27,-92,-23,-86,-21,-77,-24,-71,-27,-78,-29,-80,-34,-76,-41,-75,-47,-77,-49,-72,-48,-66,-50,-75,-49,-79,-52,-73,-58,-67,-52,-68,-45,-69,-43,-69,-41,-67,-34,-62,-27,-53,-29,-47,-35,-42,-28,-37,-17,-35,-7,-28,3,-22,2,-4,1,-1,-1,0,-1,1,0,-1,0,-3,2,-7,13,-39,9,-31,1,-29,4,-34,7,-45,8,-49,3,-49,-1,-54,-2,-58,1,-60,4,-67,7,-73,7,-80,6,-81,6,-81,10,-84,15,-83,20,-85,18,-85,14,-79,14,-74,14,-72,9,-75,2,-81,-4,-84,-9,-87,-12,-88,-14,-85]"
CSI_DATA,16647,1a:00:00:00:00:00,0,11,1,0,0,1,1,0,0,0,0,-96,0,6,0,56385477,0,47,1,256,1,"[47,-16,2,0,-76,-79,-69,-71,-58,-62,-62,-67,-69,-73,-66,-68,-69,-61,-74,-59,-74,-62,-74,-59,-68,-53,-63,-55,-66,-59,-76,-60,-98,-64,-98,-67,-71,-63,-55,-57,-51,-52,-52,-51,-46,-45,-48,-36,-57,-31,-43,-34,-30,-42,-8,-12,0,0,0,0,0,0,0,0,0,0,0,0,0,0,0,0,0,0,-4,-6,-15,-23,-20,-27,-30,-37,-32,-43,-31,-47,-39,-55,-46,-53,-43,-45,-39,-50,-45,-65,-45,-82,-35,-91,-32,-87,-33,-80,-30,-80,-26,-88,-34,-89,-41,-80,-35,-75,-24,-72,-23,-68,-34,-71,-37,-75,-41,-78,-49,-78,-54,-80,-14,-24,-46,-82,-45,-85,-41,-83,-35,-80,-38,-81,-42,-81,-43,-74,-45,-69,-49,-68,-51,-71,-50,-70,-44,-67,-43,-73,-48,-78,-56,-77,-64,-79,-61,-76,-53,-73,-47,-69,-40,-66,-34,-62,-27,-53,-26,-45,-32,-43,-25,-40,-15,-37,-6,-26,-3,-18,-1,-2,0,0,-1,0,0,1,0,-1,-1,-3,-2,-6,-8,-34,-7,-29,-9,-25,-8,-28,-10,-37,-13,-45,-19,-46,-26,-51,-28,-53,-25,-54,-20,-61,-18,-69,-17,-80,-17,-82,-14,-81,-12,-84,-10,-86,-9,-87,-13,-87,-18,-79,-16,-75,-14,-71,-14,-73,-19,-78,-23,-83,-25,-86,-27,-88,-31,-85]"
CSI_DATA,16648,1a:00:00:00:00:00,0,11,1,0,0,1,1,0,0,0,0,-96,0,6,0,56386155,0,47,1,256,1,"[47,-16,2,0,-99,-22,-105,-28,-93,-33,-81,-30,-86,-30,-88,-33,-85,-28,-75,-17,-72,-10,-81,-7,-85,-2,-89,-6,-95,-18,-100,-22,-101,-11,-93,-4,-88,-13,-80,-24,-71,-25,-71,-23,-63,-19,-51,-3,-46,10,-49,2,-50,-9,-12,-3,0,0,0,0,0,0,0,0,0,0,0,0,0,0,0,0,0,0,-8,-8,-28,-24,-27,-13,-37,-15,-37,-21,-37,-16,-53,-11,-56,-7,-47,-11,-55,-24,-67,-27,-77,-28,-83,-34,-81,-33,-78,-33,-78,-44,-78,-55,-74,-44,-67,-30,-62,-36,-60,-48,-61,-47,-62,-39,-67,-30,-82,-28,-91,-27,-91,-23,-14,-19,-53,-59,-55,-65,-57,-67,-59,-65,-60,-62,-63,-56,-62,-50,-59,-50,-57,-53,-54,-53,-50,-52,-50,-52,-55,-52,-63,-53,-69,-51,-72,-49,-64,-45,-58,-47,-56,-48,-56,-46,-52,-42,-42,-41,-32,-35,-28,-30,-24,-29,-23,-33,9,-28,12,-21,2,-4,1,-1,0,0,-1,1,0,-1,0,-2,2,-7,8,-36,2,-33,-19,-25,-20,-28,-23,-31,-21,-36,-22,-35,-31,-33,-35,-35,-30,-41,-27,-52,-23,-58,-22,-61,-20,-60,-18,-60,-23,-63,-29,-68,-30,-72,-32,-72,-30,-65,-33,-61,-36,-59,-38,-60,-38,-60,-35,-60,-34,-62,-37,-65,-38,-64]"
CSI_DATA,16649,1a:00:00:00:00:00,-1,11,1,0,0,1,1,0,0,0,0,-96,0,6,0,56403262,0,47,1,256,1,"[47,-16,2,0,-97,-15,-98,-4,-93,13,-89,7,-88,0,-86,6,-90,8,-86,6,-81,13,-90,28,-90,28,-89,18,-95,13,-97,16,-101,14,-95,8,-91,13,-84,14,-72,10,-73,10,-64,10,-56,6,-54,4,-42,11,-37,11,-10,2,0,0,0,0,0,0,0,0,0,0,0,0,0,0,0,0,0,0,-9,-1,-31,2,-23,-1,-39,-13,-64,-20,-55,-16,-44,-9,-53,-9,-65,-11,-70,-11,-69,-15,-75,-22,-82,-24,-80,-25,-83,-28,-91,-32,-93,-39,-81,-49,-66,-46,-76,-39,-78,-28,-68,-20,-62,-23,-61,-19,-80,-7,-99,-6,-102,-15,-20,-19,-69,-48,-67,-47,-64,-41,-60,-34,-61,-33,-61,-36,-60,-39,-64,-41,-68,-41,-71,-37,-72,-28,-69,-20,-66,-18,-72,-21,-76,-25,-79,-29,-74,-33,-68,-34,-61,-34,-52,-32,-47,-28,-43,-27,-41,-24,-42,-21,-36,-17,-35,-12,-29,-35,-32,-33,-7,-7,-3,-2,-1,0,-1,1,0,-1,0,-3,-2,-8,-10,-43,-13,-40,-21,-15,-20,-21,-25,-29,-35,-37,-35,-38,-36,-36,-40,-34,-41,-38,-41,-42,-42,-48,-45,-52,-44,-52,-39,-53,-43,-57,-45,-59,-45,-62,-41,-67,-37,-62,-36,-55,-38,-48,-39,-47,-42,-51,-45,-53,-52,-48,-60,-44,-64,-40]"
CSI_DATA,16651,1a:00:00:00:00:00,-1,11,1,0,0,1,1,0,0,0,0,-96,0,6,0,56417328,0,47,1,256,1,"[47,-16,2,0,-100,-17,-44,-7,18,8,-30,8,-85,1,-91,-2,-88,-7,-84,-8,-89,-3,-95,-2,-90,-5,-85,-7,-91,-6,-99,-1,-96,-7,-90,-20,-86,-18,-82,-11,-72,-10,-70,-12,-72,-10,-66,-11,-51,-18,-34,-13,-27,-3,-7,-1,0,0,0,0,0,0,0,0,0,0,0,0,0,0,0,0,0,0,-13,1,-39,6,-30,5,-45,-4,-60,-9,-52,-5,-44,-1,-52,3,-63,7,-75,7,-84,-8,-87,-24,-87,-26,-80,-22,-73,-18,-82,-15,-93,-20,-80,-25,-66,-26,-69,-20,-73,-13,-70,-17,-72,-24,-82,-23,-94,-16,-98,-12,-90,-15,-15,-23,-54,-61,-58,-59,-40,-55,-23,-51,-39,-45,-56,-43,-57,-40,-57,-42,-60,-41,-63,-39,-63,-40,-60,-40,-60,-43,-63,-44,-66,-42,-68,-44,-64,-47,-59,-46,-58,-47,-53,-38,-49,-36,-41,-32,-36,-32,-31,-31,-25,-28,-22,-25,2,-36,8,-30,1,-6,1,-2,-1,0,0,1,0,-1,0,-3,-2,-6,-9,-34,-11,-25,-22,-7,-19,-12,-22,-22,-26,-31,-27,-34,-31,-33,-35,-30,-36,-29,-39,-32,-42,-39,-42,-45,-38,-48,-34,-49,-33,-57,-33,-55,-33,-57,-32,-61,-30,-57,-32,-49,-38,-45,-41,-43,-43,-46,-45,-46,-49,-47,-51,-52,-52,-55]"
CSI_DATA,16652,1a:00:00:00:00:00,-1,11,1,0,0,1,1,0,0,0,0,-96,0,6,0,56425593,0,47,1,256,1,"[47,-16,2,0,-81,62,-68,66,-47,73,-56,72,-66,66,-58,64,-55,69,-54,71,-44,72,-33,82,-30,79,-37,76,-46,81,-46,84,-50,92,-52,87,-45,77,-41,67,-39,55,-41,55,-33,49,-24,46,-23,50,-16,38,-14,32,-5,8,0,0,0,0,0,0,0,0,0,0,0,0,0,0,0,0,0,0,-6,5,-22,19,-27,13,-45,14,-62,24,-57,25,-48,21,-48,23,-50,29,-51,36,-59,39,-73,37,-80,32,-80,29,-80,31,-82,33,-89,30,-89,19,-77,16,-77,27,-71,29,-63,25,-66,26,-63,32,-64,50,-73,64,-81,65,-26,10,-80,35,-82,30,-78,29,-71,30,-74,32,-74,37,-72,42,-70,47,-72,50,-73,48,-67,45,-60,39,-60,35,-66,44,-69,54,-74,62,-73,59,-70,53,-64,47,-56,39,-51,34,-47,28,-43,25,-42,26,-36,22,-30,21,-33,15,-27,19,-5,4,-1,1,0,0,1,0,-1,-1,-5,-1,-10,-3,-44,-11,-34,-9,-19,5,-24,3,-36,0,-51,0,-56,3,-57,8,-56,10,-58,8,-60,5,-67,1,-74,-5,-74,-7,-70,-9,-72,-8,-74,-9,-80,-10,-85,-12,-80,-9,-75,-3,-71,4,-71,5,-76,7,-80,7,-80,10,-82,13,-80,16]"
CSI_DATA,16653,1a:00:00:00:00:00,-1,11,1,0,0,1,1,0,0,0,0,-96,0,6,0,56430888,0,47,1,256,1,"[47,-16,2,0,79,61,85,50,89,38,84,42,80,47,79,46,77,44,74,40,77,34,87,28,85,26,80,30,84,35,90,34,95,38,89,43,82,40,71,37,57,35,57,37,54,32,50,28,49,26,37,14,28,10,7,3,0,0,0,0,0,0,0,0,0,0,0,0,0,0,0,0,0,0,8,4,31,13,27,11,36,28,46,42,39,38,35,33,43,34,49,36,53,40,55,48,57,58,58,63,54,61,52,58,58,62,61,73,51,75,43,67,50,65,51,60,45,53,41,55,47,54,67,53,79,57,75,63,22,10,71,37,72,35,74,30,73,27,73,32,79,32,70,29,59,27,50,24,48,22,50,21,56,19,71,21,75,19,62,15,57,14,50,18,48,23,53,25,57,25,64,25,55,24,51,21,49,19,45,14,43,11,42,-6,40,-13,7,-3,2,-3,-1,-1,-2,-2,-1,0,2,2,7,6,40,29,36,22,27,13,28,12,31,21,39,32,43,32,46,28,47,28,51,31,53,37,56,45,57,51,55,50,50,49,49,50,50,52,53,55,55,57,53,52,51,50,51,48,53,47,54,48,60,49,67,49,67,51,62,50]"
CSI_DATA,16654,1a:00:00:00:00:00,-1,11,1,0,0,1,1,0,0,0,0,-96,0,6,0,56446142,0,47,1,256,1,"[47,-16,2,0,89,38,100,37,102,37,86,31,81,32,87,37,81,38,72,34,80,27,91,20,87,16,85,17,92,23,99,30,90,37,79,38,80,38,73,39,62,37,62,35,61,27,51,19,43,18,40,12,33,12,7,4,0,0,0,0,0,0,0,0,0,0,0,0,0,0,0,0,0,0,10,5,36,13,31,6,43,20,54,33,46,26,41,18,48,19,54,25,65,31,74,37,78,43,80,44,74,41,68,37,73,41,77,53,63,53,52,46,60,47,65,49,58,51,51,50,62,43,84,39,89,37,78,37,22,16,74,48,76,51,78,51,79,47,77,42,77,35,78,31,77,32,78,36,79,40,78,41,72,37,69,35,74,35,81,38,85,40,81,40,80,39,77,38,68,29,61,24,53,24,47,25,44,25,40,25,40,26,36,31,35,30,7,5,2,1,-1,0,-2,-2,-1,0,1,2,5,6,31,36,25,28,27,12,30,13,35,23,42,36,44,37,46,33,48,29,49,31,52,38,55,51,53,59,50,60,44,59,46,59,47,61,49,68,51,71,50,66,53,57,58,51,58,50,56,53,55,55,60,57,63,58,63,55]"
CSI_DATA,16655,1a:00:00:00:00:00,0,11,1,0,0,1,1,0,0,0,0,-96,0,6,0,56449086,0,47,1,256,1,"[47,-16,2,0,86,-65,93,-56,90,-40,82,-35,84,-43,83,-49,73,-54,65,-60,67,-67,66,-71,57,-67,61,-55,77,-48,85,-58,78,-74,69,-76,69,-62,69,-47,65,-41,64,-42,63,-38,49,-41,32,-49,31,-39,39,-25,10,-6,0,0,0,0,0,0,0,0,0,0,0,0,0,0,0,0,0,0,9,-3,30,-9,23,-15,32,-25,36,-24,37,-25,44,-37,45,-40,44,-30,59,-30,73,-44,77,-48,82,-45,81,-45,77,-39,24,-23,-28,-15,26,-24,75,-34,74,-26,79,-16,77,-21,72,-31,75,-42,83,-49,85,-49,79,-49,12,11,50,24,55,22,56,24,49,29,42,28,45,23,47,18,46,18,51,15,60,9,62,7,58,7,62,13,60,18,53,15,56,14,55,15,53,16,51,18,49,16,48,16,41,14,33,10,30,4,29,6,26,10,9,31,6,29,0,6,-1,1,0,-1,0,-2,-1,0,-1,1,-1,5,0,29,3,24,18,11,15,14,17,15,15,20,17,18,21,15,24,18,25,24,32,27,38,26,44,25,46,24,46,26,44,36,26,44,7,48,18,39,30,29,30,29,32,29,33,29,39,28,47,23,55,21,58,21,57,22]"
CSI_DATA,16656,1a:00:00:00:00:00,0,11,1,0,0,1,1,0,0,0,0,-96,0,6,0,56461325,0,47,1,256,1,"[47,-16,2,0,-96,13,-100,13,-95,4,-97,9,-102,16,-98,9,-90,7,-75,12,-72,18,-86,22,-87,20,-87,16,-90,15,-34,17,21,28,-38,28,-103,11,-95,0,-78,2,-74,5,-60,3,-43,12,-48,23,-58,17,-59,10,-15,2,0,0,0,0,0,0,0,0,0,0,0,0,0,0,0,0,0,0,-9,-2,-34,-5,-38,3,-50,3,-51,-3,-48,0,-63,10,-66,19,-56,17,-59,8,-71,8,-89,3,-98,-5,-88,-4,-84,-3,-86,-11,-89,-21,-88,-11,-79,1,-79,-8,-80,-18,-79,-19,-74,-14,-73,-6,-87,-2,-98,4,-99,9,-20,-14,-68,-41,-65,-42,-66,-42,-61,-43,-58,-35,-66,-27,-72,-23,-71,-23,-71,-24,-72,-24,-72,-23,-66,-26,-67,-31,-71,-32,-58,-30,-42,-32,-50,-27,-67,-25,-67,-26,-63,-25,-60,-24,-49,-25,-36,-23,-34,-19,-31,-17,-25,-17,1,-31,5,-25,1,-5,1,-2,0,0,-1,1,0,-1,0,-2,0,-6,-3,-31,-8,-27,-25,-16,-25,-18,-30,-23,-26,-28,-25,-25,-34,-20,-41,-17,-41,-22,-44,-29,-47,-34,-52,-39,-51,-39,-46,-42,-45,-48,-45,-53,-45,-56,-45,-51,-44,-43,-46,-43,-49,-43,-51,-44,-53,-44,-54,-41,-59,-41,-62,-40,-62,-37]"
CSI_DATA,16657,1a:00:00:00:00:00,0,11,1,0,0,1,1,0,0,0,0,-96,0,6,0,56468219,0,47,1,256,1,"[47,-16,2,0,-43,95,-39,90,-35,77,-39,84,-37,88,-31,81,-29,83,-27,79,-28,73,-32,77,-34,76,-33,77,-34,84,-33,87,-30,102,-31,101,-37,84,-38,73,-35,65,-32,65,-25,55,-16,51,-15,56,-25,46,-35,44,-10,12,0,0,0,0,0,0,0,0,0,0,0,0,0,0,0,0,0,0,-5,5,-18,22,-16,29,-20,39,-23,42,-20,43,-24,55,-24,62,-17,58,-18,57,-28,65,-47,74,-63,74,-61,69,-56,68,-56,68,-58,66,-55,68,-46,69,-46,66,-48,56,-46,51,-45,56,-44,57,-50,63,-54,76,-52,86,-15,21,-53,73,-56,75,-56,73,-53,67,-51,68,-47,68,-42,66,-40,66,-43,68,-42,71,-38,71,-36,70,-39,74,-45,81,-46,83,-46,87,-43,79,-42,71,-40,64,-40,63,-41,60,-37,53,-30,47,-29,49,-31,39,-33,26,-21,11,-15,5,-3,-1,0,-2,0,-1,0,-2,-1,0,-2,1,-5,4,-24,24,-21,21,-19,21,-22,23,-27,28,-30,30,-28,32,-32,37,-37,39,-39,40,-44,45,-51,51,-57,58,-57,58,-59,56,-63,55,-68,54,-69,50,-67,51,-60,49,-57,45,-54,40,-55,41,-54,48,-55,56,-55,61,-56,67,-54,68]"
CSI_DATA,16658,1a:00:00:00:00:00,-1,11,1,0,0,1,1,0,0,0,0,-96,0,6,0,56484712,0,47,1,256,1,"[47,-16,2,0,-74,-51,-83,-55,-87,-51,-80,-41,-83,-38,-89,-40,-83,-38,-69,-31,-65,-36,-73,-46,-72,-49,-72,-56,-77,-60,-81,-58,-79,-57,-71,-57,-75,-60,-72,-53,-61,-42,-60,-43,-53,-40,-38,-35,-35,-36,-39,-30,-36,-22,-8,-5,0,0,0,0,0,0,0,0,0,0,0,0,0,0,0,0,0,0,-11,-6,-40,-13,-35,-7,-43,-19,-48,-26,-40,-18,-46,-11,-54,-6,-56,-11,-61,-22,-58,-34,-58,-49,-64,-58,-62,-57,-63,-59,-69,-61,-69,-66,-60,-61,-50,-50,-55,-50,-67,-46,-69,-41,-59,-42,-51,-45,-64,-55,-72,-63,-67,-64,-26,-16,-80,-45,-79,-44,-79,-43,-76,-38,-73,-35,-72,-34,-76,-37,-79,-39,-82,-37,-82,-36,-81,-36,-75,-32,-70,-31,-76,-34,-82,-35,-83,-38,-75,-44,-71,-48,-65,-48,-57,-41,-54,-38,-51,-37,-43,-31,-41,-29,-40,-29,-37,-30,-34,-24,-35,-25,-8,-5,-3,-2,0,0,1,0,0,-1,-2,-2,-7,-2,-35,-9,-35,-5,-36,-3,-41,-6,-46,-15,-51,-24,-49,-23,-52,-18,-54,-17,-58,-20,-62,-25,-65,-34,-67,-41,-65,-43,-61,-45,-63,-49,-64,-53,-64,-58,-63,-58,-56,-52,-53,-50,-56,-49,-59,-50,-60,-51,-62,-51,-68,-51,-73,-49,-71,-45]"
CSI_DATA,16659,1a:00:00:00:00:00,0,11,1,0,0,1,1,0,0,0,0,-96,0,6,0,56488415,0,47,1,256,1,"[47,-16,2,0,65,64,73,72,70,77,64,69,65,70,64,75,58,68,49,53,54,49,68,49,71,46,74,52,78,57,82,58,82,54,76,50,74,61,62,65,51,59,53,55,48,41,39,23,40,16,44,23,37,31,7,8,0,0,0,0,0,0,0,0,0,0,0,0,0,0,0,0,0,0,2,10,12,36,17,29,17,40,16,45,18,37,30,43,36,47,28,46,25,56,31,64,38,76,40,85,36,79,35,75,33,80,29,87,28,77,29,63,27,70,23,78,21,76,21,66,30,62,48,74,56,80,55,76,12,26,44,78,46,75,50,75,51,75,49,70,48,70,47,70,47,67,51,60,61,55,66,52,62,48,63,52,64,58,58,60,53,62,52,59,55,60,51,62,43,54,42,50,36,43,32,33,33,28,30,28,22,32,15,31,13,32,2,7,0,2,0,-1,-1,-2,-1,0,0,2,1,6,13,33,15,24,18,24,17,31,17,44,12,51,13,49,19,50,21,48,19,48,20,55,22,63,29,69,31,70,29,69,25,76,18,80,13,84,12,82,14,76,14,74,13,74,15,73,21,70,29,66,40,71,46,75,46,72]"
CSI_DATA,16660,1a:00:00:00:00:00,0,11,1,0,0,1,1,0,0,0,0,-96,0,6,0,56513582,0,47,1,256,1,"[47,-16,2,0,98,-9,107,-6,109,1,99,0,97,-5,101,-7,94,-11,78,-15,78,-14,88,-11,90,-11,93,-9,100,-7,105,-11,102,-21,92,-22,93,-14,88,-8,77,-7,75,-8,70,-7,55,-10,45,-12,44,-8,44,-3,10,-1,0,0,0,0,0,0,0,0,0,0,0,0,0,0,0,0,0,0,9,3,32,6,30,-1,41,5,45,10,39,1,47,-6,53,-8,55,-6,68,3,77,12,82,18,89,22,88,20,87,20,92,27,96,33,85,25,73,14,73,18,79,21,82,16,76,13,78,11,97,12,103,12,91,9,24,7,86,17,91,18,93,17,88,15,79,12,81,8,84,6,82,6,82,5,85,4,85,6,84,6,87,6,92,4,86,1,79,-1,79,2,83,6,80,9,74,5,70,5,61,8,52,9,48,7,43,10,40,16,20,23,11,23,1,5,0,1,-1,-1,-2,-2,0,0,1,1,4,4,31,21,29,13,32,3,36,6,45,11,47,19,45,17,50,11,54,10,56,14,64,22,68,31,72,34,71,36,70,36,74,39,76,43,75,46,73,43,67,38,66,35,68,33,71,30,72,29,73,28,80,30,85,31,82,30]"
CSI_DATA,16661,1a:00:00:00:00:00,0,11,1,0,0,1,1,0,0,0,0,-96,0,6,0,56513767,0,47,1,256,1,"[47,-16,2,0,-41,-96,-34,-93,-19,-91,-19,-88,-28,-87,-33,-87,-40,-83,-43,-82,-39,-88,-37,-88,-33,-81,-28,-82,-31,-90,-44,-98,-60,-98,-60,-88,-41,-76,-30,-72,-28,-71,-28,-72,-26,-67,-28,-56,-33,-46,-25,-44,-15,-51,-4,-14,0,0,0,0,0,0,0,0,0,0,0,0,0,0,0,0,0,0,1,-9,2,-29,-6,-30,-10,-44,-9,-49,-11,-46,-16,-54,-18,-60,-17,-58,-14,-68,-11,-84,-1,-92,10,-95,10,-93,4,-85,6,-89,13,-99,6,-95,-6,-86,-3,-79,4,-74,-1,-73,-7,-78,-4,-87,-4,-94,-4,-96,-4,-93,-3,-34,-10,-87,-9,-79,-7,-63,-6,-51,-12,-47,-19,-63,-25,-78,-28,-88,-29,-82,-27,-86,-23,-93,-18,-80,-15,-71,-18,-62,-26,-50,-32,-47,-31,-57,-27,-71,-25,-82,-27,-75,-26,-73,-17,-65,-11,-53,-12,-49,-5,-42,5,-39,10,-25,13,-19,2,-4,1,-1,-1,1,-1,0,0,-1,1,-1,3,-4,13,-25,5,-26,-3,-30,0,-35,4,-45,9,-47,6,-45,0,-50,-3,-55,-1,-60,6,-69,13,-75,19,-81,22,-79,23,-78,24,-81,27,-86,30,-88,26,-87,17,-80,12,-73,9,-70,7,-74,5,-80,6,-86,9,-88,10,-88,9,-86]"
CSI_DATA,16662,1a:00:00:00:00:00,-1,11,1,0,0,1,1,0,0,0,0,-96,0,6,0,56528875,0,47,1,256,1,"[47,-16,2,0,53,-89,44,-85,28,-82,26,-80,23,-83,15,-87,15,-90,19,-94,23,-99,22,-97,21,-82,19,-73,14,-83,13,-96,19,-107,25,-109,19,-97,8,-84,4,-75,3,-74,1,-68,2,-65,7,-65,11,-50,16,-40,5,-11,0,0,0,0,0,0,0,0,0,0,0,0,0,0,0,0,0,0,6,-7,21,-24,23,-19,40,-27,54,-41,52,-40,41,-38,32,-51,27,-59,34,-61,56,-65,76,-60,79,-49,73,-42,62,-41,58,-50,69,-53,74,-43,68,-42,60,-53,50,-55,46,-52,52,-57,59,-63,62,-66,58,-70,55,-72,9,-28,34,-85,35,-85,29,-82,24,-81,21,-83,17,-83,14,-80,14,-79,13,-78,15,-83,12,-85,9,-76,8,-76,5,-83,3,-91,6,-97,9,-95,9,-89,8,-85,10,-72,10,-64,8,-57,6,-55,5,-56,7,-48,7,-39,3,-31,0,-22,-2,-4,-1,-1,0,-1,-1,1,0,-1,1,-3,2,-6,15,-31,10,-29,12,-23,13,-21,24,-26,34,-35,36,-40,32,-46,31,-49,28,-50,33,-51,43,-55,52,-57,52,-57,52,-53,54,-57,53,-57,56,-59,57,-58,53,-57,48,-56,43,-56,43,-54,45,-58,45,-62,44,-67,41,-72,36,-74]"
CSI_DATA,16663,1a:00:00:00:00:00,0,11,1,0,0,1,1,0,0,0,0,-96,0,6,0,56529062,0,47,1,256,1,"[47,-16,2,0,-83,69,-66,72,-44,76,-47,71,-57,68,-59,72,-62,72,-64,72,-55,76,-44,82,-40,80,-42,76,-46,76,-50,79,-62,84,-68,77,-58,66,-50,60,-46,52,-46,52,-42,52,-38,49,-40,45,-27,33,-18,26,-6,7,0,0,0,0,0,0,0,0,0,0,0,0,0,0,0,0,0,0,-5,8,-16,32,-18,27,-38,35,-57,47,-53,38,-39,27,-36,36,-43,48,-47,52,-54,55,-67,57,-71,52,-66,47,-63,45,-66,50,-77,50,-79,36,-71,28,-66,36,-59,36,-61,30,-70,32,-68,43,-62,60,-62,70,-67,67,-25,2,-78,16,-79,21,-74,23,-66,22,-68,21,-71,21,-67,21,-67,21,-71,26,-65,29,-51,29,-50,28,-58,28,-62,34,-69,40,-79,45,-79,39,-73,30,-70,23,-62,15,-57,11,-52,11,-49,14,-50,18,-42,15,-31,12,-34,2,-27,6,-5,1,-1,1,-1,0,1,1,-1,-1,-3,-3,-7,-5,-36,-24,-32,-16,-21,8,-22,7,-32,7,-45,10,-49,8,-51,6,-49,6,-52,6,-54,2,-60,-1,-66,-4,-67,-6,-61,-11,-62,-12,-64,-9,-73,-5,-79,-5,-76,-7,-69,-7,-63,-6,-62,-8,-67,-5,-69,-2,-69,2,-71,7,-71,10]"
CSI_DATA,16664,1a:00:00:00:00:00,-1,11,1,0,0,1,1,0,0,0,0,-96,0,6,0,56548552,0,47,1,256,1,"[47,-16,2,0,-25,96,-18,102,1,99,4,88,7,82,13,81,11,81,5,82,-2,89,-5,95,-9,80,-11,73,-6,85,-2,92,-12,93,-23,94,-15,98,-1,90,3,74,1,71,-1,68,-9,65,-21,63,-16,46,-11,28,-4,6,0,0,0,0,0,0,0,0,0,0,0,0,0,0,0,0,0,0,0,11,5,40,1,32,-13,45,-18,63,-15,58,-7,50,4,56,12,64,9,72,-9,81,-32,85,-43,82,-45,70,-38,65,-28,74,-33,83,-45,73,-45,66,-33,78,-16,78,-11,68,-20,66,-28,70,-31,80,-30,88,-28,89,-6,29,-17,90,-19,89,-14,88,-7,79,-4,71,1,76,6,81,5,82,1,84,-7,87,-10,86,-12,76,-12,74,-6,80,-1,78,1,77,-1,81,-1,79,1,68,1,62,-2,63,-6,57,-11,55,-15,54,-16,48,-12,42,-11,37,-5,32,0,6,0,1,-1,-1,0,-2,-1,0,-2,2,-4,7,-22,37,-18,28,-1,26,-4,27,-11,36,-17,49,-16,54,-11,56,-6,55,-5,55,-10,59,-23,67,-36,68,-43,65,-45,62,-45,67,-40,68,-42,72,-44,73,-41,70,-32,69,-22,69,-19,69,-23,70,-29,69,-34,75,-36,78,-33,77]"
CSI_DATA,16665,1a:00:00:00:00:00,-1,11,1,0,0,1,1,0,0,0,0,-96,0,6,0,56548913,0,47,1,256,1,"[47,-16,2,0,-44,-90,-53,-91,-62,-71,-57,-61,-56,-62,-61,-60,-58,-61,-50,-58,-48,-59,-55,-69,-48,-71,-43,-75,-49,-80,-53,-76,-47,-77,-37,-82,-43,-80,-48,-69,-42,-57,-40,-59,-35,-57,-26,-53,-19,-53,-18,-39,-16,-23,-4,-5,0,0,0,0,0,0,0,0,0,0,0,0,0,0,0,0,0,0,-8,-9,-28,-28,-23,-20,-23,-31,-32,-46,-29,-44,-29,-36,-39,-33,-47,-38,-50,-47,-42,-57,-33,-70,-32,-78,-25,-76,-26,-74,-38,-76,-37,-84,-22,-83,-15,-72,-27,-73,-40,-68,-40,-58,-30,-60,-24,-62,-33,-72,-41,-84,-39,-89,10,-17,19,-57,18,-60,15,-59,13,-47,15,-41,13,-46,16,-51,19,-52,23,-56,23,-57,19,-55,14,-52,9,-51,7,-57,10,-62,16,-67,21,-65,24,-59,21,-52,18,-45,14,-40,15,-37,16,-36,15,-37,13,-32,11,-31,40,-28,39,-32,7,-7,2,-3,-1,-1,-2,0,-1,0,3,0,9,-2,50,-11,43,-14,4,-15,9,-18,12,-24,14,-30,15,-33,11,-36,6,-38,10,-39,14,-39,22,-42,27,-44,28,-40,31,-37,29,-39,24,-38,26,-41,32,-43,32,-40,25,-37,17,-37,18,-38,24,-43,29,-44,27,-45,20,-48,13,-49]"
CSI_DATA,16666,1a:00:00:00:00:00,-1,11,1,0,0,1,1,0,0,0,0,-96,0,6,0,56558735,0,47,1,256,1,"[47,-16,2,0,68,-67,54,-74,46,-84,56,-78,66,-67,68,-66,70,-64,67,-62,57,-71,46,-84,38,-80,39,-67,47,-65,53,-76,65,-86,73,-78,65,-64,59,-49,56,-37,54,-38,48,-41,46,-42,45,-42,26,-32,19,-26,5,-7,0,0,0,0,0,0,0,0,0,0,0,0,0,0,0,0,0,0,4,-10,11,-35,10,-32,29,-41,45,-53,38,-45,30,-35,35,-39,40,-43,43,-49,54,-57,66,-64,66,-64,56,-60,48,-53,55,-53,71,-58,75,-47,69,-38,67,-42,63,-40,61,-32,62,-32,61,-47,59,-70,57,-75,60,-63,23,-18,73,-56,72,-60,67,-61,64,-62,66,-59,67,-57,64,-55,63,-56,60,-60,55,-66,49,-72,45,-68,47,-64,51,-66,53,-71,60,-78,64,-71,62,-62,64,-54,60,-40,54,-35,48,-34,43,-35,42,-36,36,-30,32,-29,26,-22,19,-21,2,-5,-1,-2,-1,-1,-2,0,0,0,2,-2,4,-6,30,-27,24,-26,14,-25,15,-25,26,-27,40,-32,43,-36,43,-38,46,-38,49,-40,52,-42,58,-45,63,-48,63,-48,62,-43,67,-41,71,-39,77,-41,79,-40,72,-37,69,-34,68,-32,68,-30,68,-35,65,-44,64,-55,64,-61,62,-59]"
CSI_DATA,16668,1a:00:00:00:00:00,-1,11,1,0,0,1,1,0,0,0,0,-96,0,6,0,56592004,0,47,1,256,1,"[47,-16,2,0,-28,96,-16,97,3,96,-1,90,-9,85,-7,86,-8,89,-10,90,-5,93,4,98,4,88,-3,79,-4,86,2,94,-5,100,-19,99,-17,94,-11,85,-11,73,-11,70,-8,65,-11,60,-17,59,-10,44,-8,32,-3,8,0,0,0,0,0,0,0,0,0,0,0,0,0,0,0,0,0,0,0,10,5,39,1,31,-13,44,-19,65,-16,58,-10,47,-5,53,-3,64,-4,72,-15,79,-29,85,-36,84,-35,76,-32,73,-30,81,-35,87,-43,75,-44,63,-38,71,-28,71,-27,62,-31,63,-30,69,-23,83,-20,93,-25,93,-15,26,-43,83,-42,83,-37,80,-31,77,-32,77,-31,78,-28,79,-28,82,-28,85,-29,87,-26,86,-23,76,-24,71,-23,78,-21,85,-24,93,-30,89,-32,84,-31,78,-28,65,-26,58,-24,54,-24,51,-24,50,-21,42,-17,39,-19,35,-12,36,-2,7,0,2,0,0,1,-2,-1,-1,-3,2,-6,6,-30,33,-24,29,-6,26,-10,25,-20,30,-30,42,-32,47,-30,50,-28,51,-29,54,-33,57,-41,62,-49,62,-51,60,-52,53,-56,54,-57,56,-60,61,-64,61,-60,58,-54,55,-47,55,-46,55,-49,58,-49,62,-47,68,-46,72,-43,72]"
CSI_DATA,16669,1a:00:00:00:00:00,0,11,1,0,0,1,1,0,0,0,0,-96,0,6,0,56618752,0,47,1,256,1,"[47,-16,2,0,-16,-95,-20,-107,-20,-111,-22,-95,-25,-93,-26,-100,-23,-93,-20,-78,-24,-79,-32,-87,-33,-87,-31,-91,-33,-98,-34,-102,-30,-97,-26,-87,-25,-90,-23,-87,-20,-75,-20,-75,-22,-70,-20,-54,-16,-44,-17,-41,-15,-39,-3,-10,0,0,0,0,0,0,0,0,0,0,0,0,0,0,0,0,0,0,1,-12,-1,-41,-8,-35,-1,-49,6,-55,1,-44,-7,-47,-9,-55,-5,-60,-2,-70,1,-78,6,-86,8,-92,8,-89,8,-87,11,-94,17,-100,16,-87,11,-73,13,-77,11,-84,7,-83,8,-74,2,-74,-7,-93,-7,-102,-2,-92,3,-28,3,-91,1,-94,-2,-97,-7,-91,-11,-80,-13,-82,-13,-86,-12,-85,-12,-85,-14,-86,-14,-87,-14,-84,-14,-84,-18,-87,-21,-89,-20,-91,-14,-87,-12,-86,-10,-85,-12,-75,-12,-70,-8,-64,-5,-55,-5,-51,-2,-48,3,-48,17,-37,24,-35,5,-8,2,-3,0,0,-1,1,0,-1,1,-3,2,-7,10,-39,5,-34,-6,-35,-4,-41,2,-51,10,-55,10,-52,4,-55,2,-57,4,-60,8,-67,16,-73,21,-77,23,-76,24,-74,26,-79,28,-81,31,-82,31,-81,27,-76,23,-75,19,-76,16,-78,16,-77,14,-76,12,-85,11,-91,11,-89]"
CSI_DATA,16670,1a:00:00:00:00:00,-1,11,1,0,0,1,1,0,0,0,0,-96,0,6,0,56618966,0,47,1,256,1,"[47,-16,2,0,97,-52,78,-53,58,-56,66,-53,77,-46,76,-44,78,-50,79,-59,72,-65,59,-72,51,-67,55,-60,62,-61,64,-67,77,-80,85,-74,74,-53,65,-39,61,-33,62,-34,53,-32,46,-38,47,-47,37,-34,32,-23,9,-6,0,0,0,0,0,0,0,0,0,0,0,0,0,0,0,0,0,0,6,-8,27,-27,35,-20,51,-20,59,-24,54,-22,52,-20,54,-25,54,-29,55,-32,65,-38,79,-37,86,-28,85,-24,84,-23,85,-23,89,-22,88,-15,80,-13,75,-15,68,-9,69,-5,78,-14,75,-24,73,-37,77,-47,81,-47,23,8,77,18,76,16,68,16,54,17,52,18,62,16,70,13,73,9,72,6,68,10,61,13,51,14,54,18,65,16,74,9,82,5,79,8,73,14,67,14,58,14,53,13,45,12,38,11,37,8,32,11,25,10,22,25,21,18,4,2,1,-1,0,-1,-1,-2,0,0,2,2,4,4,22,27,18,21,17,4,23,7,32,11,40,15,44,16,50,16,51,15,51,16,49,18,50,23,53,30,54,36,50,39,51,42,50,43,55,44,60,44,59,38,55,33,53,31,52,34,57,36,59,36,59,33,59,32,59,30]"
CSI_DATA,16673,1a:00:00:00:00:00,0,11,1,0,0,1,1,0,0,0,0,-96,0,6,0,56664172,0,47,1,256,1,"[47,-16,2,0,-60,-85,-59,-92,-47,-93,-45,-84,-52,-82,-53,-83,-53,-77,-50,-68,-50,-70,-55,-75,-55,-72,-52,-77,-52,-85,-58,-90,-71,-87,-70,-78,-53,-78,-40,-77,-37,-71,-38,-70,-35,-62,-35,-45,-39,-35,-32,-40,-23,-47,-6,-13,0,0,0,0,0,0,0,0,0,0,0,0,0,0,0,0,0,0,-3,-11,-12,-36,-19,-29,-24,-37,-19,-40,-20,-37,-35,-48,-44,-51,-39,-46,-38,-57,-40,-70,-37,-82,-33,-91,-32,-88,-31,-83,-24,-88,-19,-96,-27,-89,-33,-75,-24,-74,-16,-79,-20,-77,-25,-71,-30,-74,-37,-87,-41,-93,-43,-90,-10,-25,-37,-84,-38,-88,-38,-90,-38,-88,-39,-84,-42,-80,-41,-74,-40,-71,-42,-71,-47,-74,-47,-74,-45,-73,-45,-78,-47,-82,-49,-82,-52,-83,-47,-76,-41,-74,-37,-72,-37,-68,-33,-65,-26,-58,-22,-48,-24,-44,-16,-41,-6,-42,2,-28,6,-24,2,-5,0,-2,-1,0,-1,1,0,-1,0,-2,0,-6,-4,-30,-7,-25,-15,-28,-16,-34,-18,-43,-14,-47,-16,-44,-23,-48,-27,-51,-24,-55,-22,-65,-19,-73,-20,-79,-19,-79,-18,-79,-16,-83,-11,-86,-6,-89,-8,-86,-11,-80,-11,-77,-11,-75,-14,-76,-19,-76,-22,-77,-25,-83,-27,-87,-27,-86]"
CSI_DATA,16674,1a:00:00:00:00:00,-1,11,1,0,0,1,1,0,0,0,0,-96,0,6,0,56664351,0,47,1,256,1,"[47,-16,2,0,-91,26,-87,36,-76,51,-75,44,-77,34,-74,37,-74,40,-71,37,-64,43,-63,58,-64,59,-68,54,-76,55,-77,58,-80,59,-75,49,-71,45,-69,42,-61,34,-58,34,-50,32,-41,27,-40,24,-30,21,-27,17,-8,4,0,0,0,0,0,0,0,0,0,0,0,0,0,0,0,0,0,0,-8,2,-28,12,-24,8,-43,2,-65,2,-55,5,-42,7,-47,6,-57,8,-65,13,-70,14,-79,11,-83,7,-80,4,-80,2,-85,3,-90,2,-83,-9,-72,-13,-78,-3,-77,3,-68,2,-65,-1,-64,7,-76,23,-91,30,-97,25,-24,-11,-76,-24,-76,-24,-73,-20,-62,-14,-59,-15,-67,-14,-74,-12,-77,-11,-79,-11,-75,-12,-70,-8,-64,-5,-63,-4,-70,0,-78,3,-85,1,-83,-5,-79,-7,-75,-6,-64,-3,-58,-1,-53,-3,-48,-7,-44,-6,-39,-6,-40,-3,-41,-21,-42,-17,-9,-3,-3,-1,-1,-1,0,1,0,-1,-1,-4,-3,-9,-13,-46,-13,-38,-18,-8,-19,-14,-26,-22,-35,-31,-37,-34,-40,-31,-42,-27,-46,-28,-48,-30,-50,-37,-47,-42,-42,-44,-39,-45,-44,-47,-46,-46,-50,-49,-53,-54,-51,-51,-50,-42,-53,-34,-54,-34,-56,-38,-56,-38,-59,-35,-61,-33,-62,-30]"
CSI_DATA,16675,1a:00:00:00:00:00,0,11,1,0,0,1,1,0,0,0,0,-96,0,6,0,56664565,0,47,1,256,1,"[47,-16,2,0,-70,77,-65,72,-60,58,-62,50,-69,54,-73,58,-67,62,-61,69,-59,76,-52,79,-43,71,-49,59,-62,57,-67,70,-66,91,-65,90,-67,64,-67,44,-64,38,-63,39,-61,37,-49,41,-35,53,-36,45,-45,33,-12,7,0,0,0,0,0,0,0,0,0,0,0,0,0,0,0,0,0,0,-6,6,-16,23,-15,27,-28,40,-33,43,-31,40,-36,49,-35,56,-32,48,-46,48,-57,64,-62,71,-69,64,-67,60,-63,54,-70,44,-79,43,-75,49,-68,52,-67,41,-70,27,-70,30,-69,44,-69,54,-67,61,-64,62,-61,58,-21,-4,-70,0,-68,4,-64,2,-59,-3,-56,-4,-64,-1,-68,5,-63,6,-58,9,-58,10,-55,5,-50,-3,-59,-10,-69,-7,-64,1,-55,5,-56,7,-63,2,-65,-2,-61,-4,-56,-5,-47,-6,-36,-6,-30,-2,-27,-2,-25,-5,-19,-25,-16,-19,-2,-3,-1,0,-1,0,0,0,-1,0,-1,-2,-3,-6,-21,-24,-23,-20,-22,0,-23,-1,-29,2,-32,1,-33,5,-38,14,-43,18,-46,11,-50,5,-50,4,-51,-1,-52,-6,-50,-11,-55,-17,-60,-19,-64,-18,-62,-10,-56,-4,-54,-5,-56,-6,-57,-7,-58,-5,-59,-2,-59,-4,-59,-8,-57,-8]"
CSI_DATA,16676,1a:00:00:00:00:00,-1,11,1,0,0,1,1,0,0,0,0,-96,0,6,0,56664744,0,47,1,256,1,"[47,-16,2,0,91,11,99,7,101,6,96,8,94,8,95,4,90,1,77,1,77,1,91,-4,93,-7,93,-2,97,4,100,1,100,-5,93,-4,93,1,87,5,74,4,72,4,65,3,53,2,45,0,41,-2,40,0,10,0,0,0,0,0,0,0,0,0,0,0,0,0,0,0,0,0,0,0,9,0,33,-3,29,-4,43,10,55,16,46,7,45,0,52,-1,56,2,65,8,72,14,77,22,82,27,81,26,81,29,86,35,89,41,77,40,65,34,72,34,78,30,75,22,68,20,69,19,89,18,100,20,93,24,27,3,88,8,90,6,89,3,81,-1,73,-2,76,-2,81,-3,82,-5,81,-9,83,-12,84,-13,81,-14,82,-12,85,-10,81,-12,77,-13,80,-9,84,-4,80,0,70,-3,67,-3,59,1,50,2,48,1,46,3,44,7,35,8,29,12,6,2,1,1,-1,-1,-2,-1,0,0,2,0,7,0,39,-3,32,-8,30,-9,35,-6,45,3,51,13,50,11,51,6,52,5,54,6,63,8,69,12,72,15,73,17,73,17,78,23,78,30,78,36,77,36,71,31,68,28,70,25,71,21,71,18,73,16,83,14,87,14,85,14]"
CSI_DATA,16677,1a:00:00:00:00:00,-1,11,1,0,0,1,1,0,0,0,0,-96,0,6,0,56725016,0,47,1,256,1,"[47,-16,2,0,-64,83,-48,83,-28,82,-34,81,-44,78,-42,75,-41,78,-41,84,-39,89,-31,90,-26,77,-30,70,-33,78,-30,87,-37,97,-50,96,-48,83,-40,71,-36,61,-37,59,-33,55,-30,56,-32,61,-23,45,-18,31,-5,7,0,0,0,0,0,0,0,0,0,0,0,0,0,0,0,0,0,0,-5,9,-15,36,-19,30,-35,36,-45,51,-42,49,-35,43,-31,49,-27,57,-29,64,-44,67,-62,65,-72,58,-70,51,-64,50,-62,55,-68,59,-72,49,-67,44,-62,52,-55,49,-52,43,-59,48,-60,54,-58,64,-56,73,-57,75,-22,19,-68,63,-68,63,-63,61,-57,59,-59,60,-59,60,-56,61,-55,64,-55,68,-57,70,-54,69,-48,60,-50,56,-52,64,-52,74,-57,80,-60,76,-60,68,-57,61,-54,49,-50,43,-45,40,-42,40,-41,42,-36,35,-28,29,-26,24,-17,24,-2,5,0,1,0,0,1,-1,-1,-1,-3,1,-7,4,-37,22,-30,20,-17,21,-20,20,-31,22,-42,30,-46,35,-47,39,-47,39,-48,41,-52,41,-60,42,-70,39,-72,36,-72,30,-74,30,-75,31,-78,35,-83,36,-77,35,-71,34,-65,33,-65,31,-69,35,-72,39,-72,44,-72,48,-69,49]"
CSI_DATA,16678,1a:00:00:00:00:00,0,11,1,0,0,1,1,0,0,0,0,-96,0,6,0,56740998,0,47,1,256,1,"[47,-16,2,0,82,-62,84,-58,82,-45,83,-45,84,-53,80,-55,73,-57,64,-56,66,-54,73,-57,70,-55,72,-52,80,-52,86,-60,86,-79,78,-76,78,-54,78,-41,70,-37,67,-40,60,-34,46,-35,38,-42,43,-34,53,-27,14,-7,0,0,0,0,0,0,0,0,0,0,0,0,0,0,0,0,0,0,8,-3,28,-11,27,-19,37,-26,40,-25,36,-27,47,-41,48,-51,40,-44,52,-38,69,-43,82,-44,90,-38,87,-36,82,-35,86,-27,94,-22,88,-31,76,-40,74,-31,75,-22,74,-23,73,-30,75,-34,84,-38,89,-43,86,-48,33,-8,82,-29,72,-28,58,-25,53,-22,56,-25,68,-29,75,-31,83,-32,74,-33,78,-35,79,-35,77,-31,83,-30,90,-32,90,-37,89,-43,80,-39,78,-33,76,-29,74,-26,69,-23,60,-16,48,-14,45,-17,41,-11,39,-2,24,9,17,9,2,2,0,0,-1,-1,-2,-1,0,0,1,0,5,1,29,2,27,-2,29,-10,31,-10,40,-11,43,-9,41,-12,47,-20,52,-24,54,-21,63,-16,71,-13,79,-12,79,-10,80,-7,84,-4,88,0,89,2,86,-2,78,-7,74,-6,72,-5,74,-5,77,-10,81,-13,86,-14,89,-15,86,-18]"
CSI_DATA,16679,1a:00:00:00:00:00,0,11,1,0,0,1,1,0,0,0,0,-96,0,6,0,56741806,0,47,1,256,1,"[47,-16,2,0,-8,-104,-15,-98,-23,-83,-19,-86,-5,-93,1,-90,-2,-90,-10,-84,-25,-77,-39,-75,-42,-71,-38,-77,-32,-84,-32,-85,-42,-97,-33,-101,-12,-90,-2,-80,2,-74,0,-72,-5,-62,-18,-54,-29,-53,-20,-42,-9,-35,-2,-10,0,0,0,0,0,0,0,0,0,0,0,0,0,0,0,0,0,0,-1,-9,-4,-35,-5,-40,1,-50,7,-50,10,-46,11,-56,11,-64,10,-61,7,-61,-2,-69,-3,-83,5,-89,5,-83,6,-80,16,-80,20,-89,15,-91,15,-78,22,-69,28,-62,32,-60,24,-67,8,-71,-7,-80,-16,-90,-15,-96,-1,-27,0,-82,3,-80,5,-84,3,-86,1,-88,-1,-88,-5,-84,-8,-81,-11,-81,-13,-84,-13,-81,-9,-76,-6,-79,-10,-86,-18,-92,-24,-100,-22,-96,-13,-90,-10,-84,-5,-77,-3,-70,0,-59,-2,-52,-6,-53,-2,-46,3,-37,1,-27,0,-22,-1,-4,-1,-1,-1,0,-1,1,0,-1,-1,-3,0,-5,4,-26,3,-21,1,-24,2,-26,7,-34,9,-43,6,-48,4,-56,5,-59,8,-60,15,-60,20,-64,27,-72,29,-74,30,-70,31,-73,35,-74,34,-78,31,-82,26,-78,24,-73,21,-68,22,-68,22,-75,22,-81,21,-84,20,-88,17,-88]"
CSI_DATA,16680,1a:00:00:00:00:00,0,11,1,0,0,1,1,0,0,0,0,-96,0,6,0,56742086,0,47,1,256,1,"[47,-16,2,0,-97,-21,-92,-24,-87,-32,-87,-28,-93,-17,-94,-11,-89,-2,-89,-2,-94,-16,-93,-21,-83,-21,-76,-21,-82,-18,-96,-10,-109,2,-105,5,-86,-5,-76,-7,-75,-4,-72,-2,-63,-4,-56,-5,-52,-1,-43,-7,-40,-15,-11,-5,0,0,0,0,0,0,0,0,0,0,0,0,0,0,0,0,0,0,-5,-5,-18,-16,-24,-15,-36,-24,-40,-29,-42,-24,-53,-22,-59,-21,-53,-17,-55,-25,-63,-45,-62,-65,-58,-72,-57,-65,-54,-54,-55,-55,-62,-66,-66,-60,-68,-46,-63,-45,-59,-45,-60,-35,-64,-33,-69,-47,-75,-58,-77,-57,-76,-54,-24,-7,-85,-21,-91,-24,-90,-25,-90,-26,-92,-23,-91,-17,-93,-11,-77,-8,-64,-9,-55,-11,-49,-12,-50,-11,-69,-12,-86,-8,-95,-3,-86,1,-87,-1,-87,-4,-83,-6,-78,-4,-69,-6,-53,-8,-47,-8,-45,-6,-38,-11,-36,-18,-24,-14,-20,-14,-3,-4,-1,-1,0,0,1,1,-1,-1,-2,-2,-5,-6,-30,-25,-25,-18,-26,-13,-30,-17,-39,-24,-42,-27,-45,-21,-51,-19,-54,-20,-52,-25,-56,-33,-57,-44,-61,-52,-60,-54,-59,-52,-62,-51,-61,-52,-62,-57,-66,-56,-65,-52,-63,-50,-62,-47,-64,-42,-69,-41,-71,-44,-75,-46,-78,-45,-80,-43]"
CSI_DATA,16681,1a:00:00:00:00:00,-1,11,1,0,0,1,1,0,0,0,0,-96,0,6,0,56759161,0,47,1,256,1,"[47,-16,2,0,-22,99,-9,105,6,107,4,93,-4,83,-9,88,-18,88,-17,86,1,91,17,96,16,91,12,87,7,94,-1,104,-15,102,-23,90,-21,86,-22,83,-21,72,-19,69,-13,69,-10,62,-15,50,-9,33,-4,23,-2,5,0,0,0,0,0,0,0,0,0,0,0,0,0,0,0,0,0,0,1,12,10,39,7,30,-8,49,-15,68,-12,56,-6,41,-2,53,1,69,4,80,-1,87,-9,90,-10,88,-9,82,-8,77,-10,83,-22,90,-34,74,-34,61,-25,72,-21,75,-30,68,-36,66,-23,77,-5,94,2,99,-3,92,-24,5,-63,32,-60,36,-52,36,-46,35,-45,34,-48,33,-48,33,-52,35,-50,42,-44,48,-41,52,-40,49,-42,46,-45,49,-47,53,-53,51,-56,42,-54,37,-54,34,-47,28,-42,26,-38,25,-34,23,-30,23,-26,17,-25,16,-32,-3,-29,-1,-6,0,-2,0,0,0,1,0,0,-1,-3,-1,-6,1,-32,3,-30,8,-8,21,-13,17,-23,17,-30,19,-33,16,-35,14,-34,15,-36,20,-36,25,-39,30,-43,31,-44,28,-44,21,-50,17,-51,16,-57,18,-61,15,-57,13,-48,12,-43,14,-45,15,-52,19,-51,27,-48,38,-48,43,-50,42]"
CSI_DATA,16682,1a:00:00:00:00:00,0,11,1,0,0,1,1,0,0,0,0,-96,0,6,0,56787655,0,47,1,256,1,"[47,-16,2,0,-85,68,-74,65,-62,56,-69,58,-74,62,-68,60,-65,65,-64,70,-67,70,-64,70,-56,63,-54,56,-58,61,-62,72,-67,93,-69,91,-68,67,-63,52,-58,47,-57,49,-50,42,-41,43,-40,53,-39,41,-43,31,-12,8,0,0,0,0,0,0,0,0,0,0,0,0,0,0,0,0,0,0,-6,2,-24,11,-30,16,-45,24,-50,28,-49,29,-54,33,-56,39,-48,41,-53,40,-68,43,-85,40,-94,28,-89,25,-82,27,-81,26,-87,25,-88,29,-82,35,-78,31,-72,21,-68,21,-73,30,-78,34,-80,37,-82,44,-83,49,-24,13,-82,44,-85,43,-82,39,-79,35,-81,38,-79,40,-74,41,-70,43,-70,46,-74,49,-73,48,-69,43,-73,42,-78,48,-79,56,-80,64,-76,59,-74,51,-70,45,-68,39,-64,34,-55,28,-48,26,-46,31,-42,23,-37,15,-25,8,-16,8,-2,1,1,0,0,0,1,-1,-1,0,-3,1,-7,1,-38,8,-33,5,-27,5,-30,6,-39,8,-45,12,-46,18,-51,25,-55,26,-57,24,-63,20,-70,16,-81,13,-83,12,-82,8,-85,8,-86,6,-88,6,-89,10,-82,14,-77,13,-72,11,-72,11,-78,17,-83,21,-86,23,-88,24,-86,27]"
CSI_DATA,16685,1a:00:00:00:00:00,-1,11,1,0,0,1,1,0,0,0,0,-96,0,6,0,56801830,0,47,1,256,1,"[47,-16,2,0,-10,-98,-15,-44,-19,15,-19,-33,-20,-90,-21,-96,-18,-93,-16,-81,-24,-82,-33,-91,-32,-90,-29,-89,-30,-97,-29,-104,-26,-99,-22,-89,-22,-87,-17,-83,-13,-75,-14,-74,-18,-68,-14,-54,-8,-45,-9,-38,-10,-34,-2,-8,0,0,0,0,0,0,0,0,0,0,0,0,0,0,0,0,0,0,2,-12,0,-40,-6,-33,5,-47,13,-56,4,-43,-7,-43,-7,-54,-3,-61,0,-74,5,-80,9,-84,9,-90,10,-88,11,-85,12,-92,18,-100,20,-87,15,-73,16,-78,16,-85,12,-80,12,-70,7,-74,-2,-93,-3,-102,3,-95,8,-28,18,-90,16,-92,12,-77,7,-55,4,-62,2,-82,2,-86,3,-85,2,-86,-3,-88,-6,-89,-7,-85,-8,-84,-9,-88,-10,-91,-8,-94,-2,-89,1,-85,4,-83,1,-73,0,-69,1,-63,2,-55,3,-51,5,-47,8,-45,25,-36,28,-34,6,-7,2,-3,-1,0,-1,1,0,0,1,-2,3,-6,16,-34,11,-31,-1,-34,2,-39,11,-47,21,-52,20,-50,14,-53,13,-56,16,-58,19,-65,26,-70,29,-71,28,-70,30,-68,33,-72,35,-74,40,-77,42,-76,39,-71,34,-68,30,-69,27,-70,25,-71,23,-72,20,-81,19,-87,19,-86]"
CSI_DATA,16687,1a:00:00:00:00:00,-1,11,1,0,0,1,1,0,0,0,0,-96,0,6,0,56802230,0,47,1,256,1,"[47,-16,2,0,-56,70,-48,76,-39,84,-43,80,-51,73,-53,74,-52,70,-49,71,-46,83,-40,89,-34,75,-37,59,-42,63,-40,81,-48,92,-61,89,-60,74,-55,60,-53,50,-51,47,-47,45,-46,47,-42,49,-27,36,-20,23,-5,5,0,0,0,0,0,0,0,0,0,0,0,0,0,0,0,0,0,0,-4,10,-8,38,-7,34,-21,44,-30,52,-27,45,-25,46,-27,55,-28,56,-36,60,-51,68,-62,72,-62,69,-54,61,-47,51,-50,54,-62,64,-66,60,-64,52,-61,51,-57,48,-55,44,-58,46,-60,56,-56,68,-51,70,-56,61,7,16,11,52,13,56,17,56,16,59,13,58,12,55,12,51,14,49,15,49,15,52,19,50,21,43,20,43,21,43,23,46,23,53,18,52,18,50,16,52,7,47,2,39,1,34,4,31,4,33,2,33,2,27,21,21,16,13,2,0,0,-1,0,-1,-1,-2,-1,0,1,2,4,3,24,27,24,21,6,19,6,21,-1,24,-1,30,6,34,11,39,7,41,8,40,6,43,-1,48,-4,54,2,55,5,56,7,60,3,58,0,56,1,56,1,52,-1,50,-4,51,-6,53,-6,52,-2,51,3,53,5,55,4,51]"
CSI_DATA,16688,1a:00:00:00:00:00,0,11,1,0,0,1,1,0,0,0,0,-96,0,6,0,56802462,0,47,1,256,1,"[47,-16,2,0,99,-22,94,-13,89,2,86,3,89,-9,92,-18,87,-28,88,-33,96,-28,92,-25,80,-21,77,-11,83,-6,96,-17,104,-37,100,-41,86,-25,76,-12,72,-12,72,-13,68,-7,60,-11,50,-22,43,-15,44,-3,11,-1,0,0,0,0,0,0,0,0,0,0,0,0,0,0,0,0,0,0,7,1,25,2,26,-3,41,-6,46,-6,45,-9,54,-16,57,-20,52,-16,62,-8,80,-3,87,5,89,13,90,13,84,13,83,22,90,30,88,21,81,5,75,8,74,17,75,10,80,1,91,2,99,6,96,8,87,6,15,14,57,43,56,43,51,43,51,45,56,45,60,42,59,32,57,30,56,27,60,27,59,32,53,37,56,46,61,47,66,42,66,35,60,29,56,32,55,36,50,32,44,29,35,26,28,23,28,18,25,19,23,24,9,31,6,24,0,2,0,0,0,-1,-1,-2,-1,0,-1,2,-1,6,3,38,8,33,20,18,19,20,23,23,23,27,27,24,36,21,42,21,41,26,40,33,40,37,42,42,42,47,40,48,37,57,36,60,37,61,38,55,37,46,37,42,40,41,40,40,43,41,48,42,50,47,50,51,49,51]"
CSI_DATA,16689,1a:00:00:00:00:00,-1,11,1,0,0,1,1,0,0,0,0,-96,0,6,0,56802660,0,47,1,256,1,"[47,-16,2,0,-21,-96,-30,-95,-40,-89,-35,-80,-29,-78,-29,-81,-29,-83,-29,-80,-42,-74,-60,-74,-57,-72,-50,-72,-50,-81,-49,-89,-43,-90,-36,-80,-36,-77,-31,-78,-27,-69,-28,-67,-29,-60,-27,-50,-21,-43,-19,-30,-20,-26,-5,-8,0,0,0,0,0,0,0,0,0,0,0,0,0,0,0,0,0,0,-3,-9,-13,-29,-13,-24,-7,-44,-3,-64,-2,-52,-4,-41,-4,-49,-5,-61,-12,-71,-18,-75,-18,-81,-15,-84,-12,-80,-8,-81,-5,-90,1,-98,12,-88,12,-73,4,-78,0,-78,2,-71,5,-68,-7,-70,-27,-82,-33,-93,-26,-96,0,-28,-3,-89,-5,-91,-11,-90,-18,-81,-18,-74,-19,-77,-21,-81,-21,-82,-20,-85,-20,-83,-21,-81,-19,-75,-18,-72,-24,-76,-29,-83,-32,-88,-28,-85,-24,-83,-22,-81,-22,-70,-21,-63,-17,-59,-13,-55,-11,-52,-9,-48,-10,-47,3,-47,2,-44,0,-9,0,-3,0,0,-1,1,-1,0,1,-2,4,-7,20,-37,16,-33,-2,-28,-2,-33,3,-43,9,-56,10,-56,5,-54,3,-55,4,-59,8,-64,14,-70,22,-73,25,-71,27,-67,26,-72,24,-75,24,-80,26,-83,23,-77,16,-74,11,-73,11,-73,13,-74,12,-74,9,-78,8,-82,9,-81]"
CSI_DATA,16690,1a:00:00:00:00:00,0,11,1,0,0,1,1,0,0,0,0,-96,0,6,0,56832271,0,47,1,256,1,"[47,-16,2,0,-2,102,-7,45,-15,-18,-13,29,-8,86,-8,92,-5,90,1,83,7,86,12,92,11,90,6,90,-1,101,0,107,8,101,13,90,8,80,-2,74,-6,73,-6,76,-3,78,5,65,9,44,4,35,-2,37,-2,9,0,0,0,0,0,0,0,0,0,0,0,0,0,0,0,0,0,0,-4,8,-6,28,4,25,0,35,-10,40,-5,37,1,44,-6,51,-11,56,-13,72,-14,82,-18,81,-23,86,-23,88,-23,83,-33,89,-42,96,-32,87,-19,75,-23,72,-32,73,-28,72,-22,69,-18,78,-14,97,-16,102,-17,92,-20,3,-58,25,-59,28,-62,13,-65,1,-60,19,-54,37,-47,41,-49,39,-48,36,-45,36,-46,32,-51,27,-57,27,-58,34,-54,40,-50,39,-42,34,-42,32,-47,29,-46,31,-42,31,-37,23,-32,13,-29,9,-27,9,-26,10,-22,-19,-10,-22,-1,-5,0,-2,0,0,1,0,-1,-1,-3,-2,-7,-5,-38,-18,-31,-11,-17,13,-19,10,-25,11,-33,10,-34,11,-33,17,-37,23,-41,21,-46,22,-47,18,-48,14,-47,10,-49,10,-59,9,-63,12,-63,12,-59,10,-51,9,-47,12,-49,18,-51,23,-53,22,-51,24,-52,25,-55,22,-57,16]"
CSI_DATA,16691,1a:00:00:00:00:00,0,11,1,0,0,1,1,0,0,0,0,-96,0,6,0,56832530,0,47,1,256,1,"[47,-16,2,0,90,3,100,-1,102,-4,93,-5,93,-9,96,-11,91,-9,74,-9,69,-20,81,-35,84,-38,88,-35,94,-28,98,-24,95,-20,86,-18,93,-24,90,-20,73,-14,71,-17,63,-16,48,-15,45,-20,40,-28,32,-23,7,-4,0,0,0,0,0,0,0,0,0,0,0,0,0,0,0,0,0,0,8,4,33,11,31,8,41,22,52,31,42,22,42,12,50,12,56,19,63,24,66,22,75,21,88,20,87,17,85,22,87,33,86,48,71,51,57,41,69,38,82,34,78,29,63,27,64,13,90,-1,101,-3,92,2,8,15,38,47,38,51,42,51,46,47,48,43,47,39,45,37,43,39,40,43,42,39,45,33,48,31,52,30,56,31,55,30,51,33,43,32,42,31,40,31,40,31,41,28,33,28,24,25,24,20,20,13,19,13,-12,31,-17,28,-4,5,-3,1,-1,-1,0,-2,-1,0,-1,1,-2,4,-3,29,3,28,18,17,18,24,21,33,18,40,14,38,17,35,25,36,26,42,25,48,23,53,26,54,25,48,21,49,24,55,26,59,23,61,19,62,16,55,21,49,28,45,29,48,27,51,26,49,33,46,40,46,41,45]"
CSI_DATA,16692,1a:00:00:00:00:00,-1,11,1,0,0,1,1,0,0,0,0,-96,0,6,0,56832830,0,47,1,256,1,"[47,-16,2,0,-101,18,-96,28,-83,40,-81,36,-80,29,-78,28,-79,29,-77,32,-78,38,-78,45,-69,42,-66,40,-73,42,-79,45,-89,48,-93,37,-86,26,-76,23,-67,20,-67,22,-61,24,-55,26,-55,26,-43,17,-34,8,-9,1,0,0,0,0,0,0,0,0,0,0,0,0,0,0,0,0,0,0,-9,3,-32,13,-33,11,-47,6,-58,4,-55,2,-53,2,-57,8,-60,15,-65,20,-77,19,-90,9,-91,1,-84,-2,-78,-2,-79,0,-88,-1,-87,-6,-78,-8,-76,-3,-71,-1,-68,-5,-74,-4,-77,4,-83,12,-90,19,-92,20,-28,6,-92,15,-94,14,-90,15,-80,19,-75,19,-78,17,-80,18,-79,19,-79,24,-81,30,-78,35,-70,33,-70,31,-76,34,-82,38,-88,39,-88,34,-86,27,-82,21,-75,14,-68,11,-62,12,-56,14,-54,15,-46,12,-38,11,-28,11,-18,12,-2,2,1,1,0,0,1,-1,-1,-1,-4,1,-8,3,-42,12,-35,12,-26,10,-26,7,-34,0,-47,-2,-53,0,-59,4,-63,4,-65,3,-69,2,-75,1,-81,-1,-79,-1,-76,-6,-79,-9,-81,-11,-84,-11,-87,-12,-81,-10,-76,-9,-72,-8,-73,-9,-77,-7,-81,-2,-83,4,-86,8,-84,12]"
CSI_DATA,16693,1a:00:00:00:00:00,-1,11,1,0,0,1,1,0,0,0,0,-96,0,6,0,56832999,0,47,1,256,1,"[47,-16,2,0,-85,-47,-96,-45,-101,-36,-88,-29,-84,-26,-92,-28,-90,-30,-79,-29,-77,-34,-83,-39,-76,-41,-74,-44,-84,-43,-94,-38,-90,-41,-82,-50,-85,-51,-79,-41,-68,-34,-69,-35,-66,-33,-52,-37,-43,-43,-38,-31,-28,-19,-6,-5,0,0,0,0,0,0,0,0,0,0,0,0,0,0,0,0,0,0,-12,-6,-46,-13,-41,-7,-45,-20,-53,-28,-47,-17,-48,-9,-56,-9,-63,-14,-70,-21,-67,-38,-65,-59,-65,-67,-60,-65,-61,-62,-73,-57,-76,-58,-64,-58,-55,-51,-64,-49,-72,-42,-70,-38,-60,-42,-52,-45,-64,-53,-74,-61,-69,-66,-26,-16,-80,-44,-82,-43,-83,-40,-81,-35,-75,-35,-72,-35,-76,-38,-79,-40,-82,-36,-84,-34,-85,-32,-78,-27,-79,-27,-74,-27,-68,-27,-54,-31,-44,-39,-44,-45,-50,-47,-53,-44,-63,-39,-54,-36,-48,-33,-44,-31,-41,-26,-39,-24,-40,-20,-41,-16,-8,-3,-4,-1,-1,0,1,0,0,-1,-2,-2,-7,-4,-35,-20,-36,-13,-37,-6,-39,-6,-43,-16,-49,-26,-50,-26,-53,-24,-54,-26,-58,-30,-61,-34,-63,-42,-65,-49,-63,-49,-56,-51,-58,-55,-60,-56,-63,-58,-63,-61,-58,-56,-55,-52,-55,-51,-56,-52,-58,-52,-62,-51,-69,-50,-72,-48,-70,-45]"
CSI_DATA,16695,1a:00:00:00:00:00,0,11,1,0,0,1,1,0,0,0,0,-96,0,6,0,56864937,0,47,1,256,1,"[47,-16,2,0,99,9,49,5,-12,10,38,12,95,13,97,20,91,21,79,14,82,-1,94,-9,90,-8,86,-6,94,-5,103,-7,101,-10,93,-10,94,-4,88,6,77,12,73,11,65,5,53,-2,43,-6,38,-6,34,0,8,1,0,0,0,0,0,0,0,0,0,0,0,0,0,0,0,0,0,0,8,5,29,15,26,6,36,14,46,22,44,12,46,7,51,13,52,18,64,26,74,33,79,34,84,34,82,33,79,29,85,34,90,43,77,37,69,26,74,31,75,42,69,42,63,38,73,34,95,27,103,22,93,23,25,10,86,28,89,29,73,28,50,26,58,22,79,20,88,19,75,20,62,14,53,7,52,3,61,1,66,1,70,4,70,5,58,6,55,8,65,10,77,12,82,9,72,10,59,10,50,7,47,5,42,8,40,12,28,16,23,14,4,3,0,0,-1,-1,-1,-2,-1,0,1,2,4,5,28,27,24,15,28,10,29,12,36,22,39,31,41,28,45,26,49,27,50,31,57,36,60,41,65,41,65,42,62,42,65,49,65,53,64,61,61,62,57,56,58,51,59,50,58,45,62,42,66,38,75,37,82,35,83,35]"
CSI_DATA,16696,1a:00:00:00:00:00,0,11,1,0,0,1,1,0,0,0,0,-96,0,6,0,56865124,0,47,1,256,1,"[47,-16,2,0,-61,-89,-61,-99,-47,-98,-41,-83,-44,-83,-45,-88,-45,-83,-43,-70,-49,-62,-62,-61,-68,-59,-68,-69,-67,-84,-67,-87,-71,-79,-69,-69,-57,-69,-43,-70,-36,-69,-39,-69,-40,-59,-43,-35,-46,-20,-42,-31,-33,-46,-8,-13,0,0,0,0,0,0,0,0,0,0,0,0,0,0,0,0,0,0,0,-13,0,-43,-11,-32,-16,-37,-10,-42,-11,-41,-24,-50,-28,-54,-20,-53,-20,-66,-30,-74,-35,-79,-35,-89,-34,-89,-33,-86,-24,-94,-15,-101,-20,-88,-26,-74,-17,-75,-5,-81,-8,-81,-17,-74,-25,-70,-39,-80,-48,-88,-52,-87,0,-26,-7,-86,-11,-89,-12,-91,-9,-86,-9,-77,-11,-81,-12,-81,-12,-78,-13,-74,-16,-75,-15,-75,-13,-74,-15,-82,-19,-88,-25,-88,-27,-87,-23,-81,-19,-78,-13,-78,-12,-72,-11,-67,-5,-55,-2,-43,-6,-40,-5,-42,1,-42,17,-26,17,-18,4,-2,1,-1,-1,-1,-2,1,0,-1,2,-2,5,-5,26,-29,18,-26,1,-35,1,-36,2,-42,7,-45,4,-46,-2,-53,-3,-56,2,-57,8,-64,14,-66,16,-70,17,-70,16,-70,20,-78,22,-80,24,-79,20,-75,16,-70,17,-70,20,-72,18,-74,13,-75,8,-73,5,-79,6,-83,8,-81]"
CSI_DATA,16697,1a:00:00:00:00:00,-1,11,1,0,0,1,1,0,0,0,0,-96,0,6,0,56891854,0,47,1,256,1,"[47,-16,2,0,-38,95,-28,91,-25,81,-33,91,-32,94,-28,82,-26,81,-22,80,-23,80,-24,87,-22,78,-21,70,-19,76,-14,24,-8,-19,-12,46,-23,93,-28,77,-28,65,-26,65,-18,57,-10,55,-8,63,-17,52,-24,47,-7,13,0,0,0,0,0,0,0,0,0,0,0,0,0,0,0,0,0,0,-4,5,-12,22,-14,30,-24,42,-29,44,-27,42,-32,51,-35,59,-26,55,-23,55,-34,65,-54,74,-68,69,-65,61,-58,59,-54,62,-55,65,-55,68,-50,71,-51,70,-52,55,-47,46,-46,53,-48,57,-50,64,-50,74,-51,79,-21,19,-68,66,-65,68,-60,66,-60,62,-61,63,-61,61,-56,55,-54,57,-48,60,-46,66,-44,70,-42,66,-48,69,-50,74,-45,53,-44,35,-46,52,-49,69,-52,65,-51,58,-48,52,-39,44,-31,41,-27,46,-26,40,-23,31,-19,17,-11,9,-1,-1,1,-1,0,0,1,-1,-1,-1,-3,0,-7,1,-39,11,-35,10,-23,16,-27,17,-37,19,-42,21,-40,25,-43,33,-47,35,-47,32,-51,33,-57,37,-69,42,-70,44,-70,42,-76,41,-77,37,-78,35,-75,36,-67,37,-65,34,-64,29,-64,27,-64,34,-62,42,-64,50,-66,56,-64,59]"
CSI_DATA,16698,1a:00:00:00:00:00,-1,11,1,0,0,1,1,0,0,0,0,-96,0,6,0,56907154,0,47,1,256,1,"[47,-16,2,0,-47,84,-43,94,-26,98,-23,90,-22,85,-16,85,-17,86,-22,81,-32,83,-34,93,-31,80,-34,67,-36,76,-33,86,-43,85,-55,80,-48,87,-34,86,-27,72,-29,67,-29,62,-36,53,-45,47,-33,34,-24,20,-7,3,0,0,0,0,0,0,0,0,0,0,0,0,0,0,0,0,0,0,-1,10,2,36,-2,28,-17,40,-23,59,-18,54,-9,49,-1,57,-1,65,-7,73,-26,77,-47,78,-55,75,-53,64,-47,62,-42,73,-49,78,-58,66,-58,58,-53,72,-36,76,-25,66,-33,59,-41,59,-46,72,-48,81,-53,79,-20,25,-56,78,-56,77,-50,76,-42,73,-38,72,-36,74,-33,76,-35,77,-37,76,-43,76,-44,77,-42,68,-44,65,-43,72,-41,79,-44,84,-46,79,-45,76,-42,74,-36,61,-36,54,-34,48,-35,42,-37,40,-35,32,-30,28,-32,22,-27,22,-5,5,-1,1,-1,0,1,-2,-1,-1,-3,2,-4,5,-26,29,-21,25,-5,25,-9,25,-19,30,-28,41,-30,46,-28,50,-26,51,-26,53,-31,55,-42,59,-51,57,-54,53,-57,48,-63,51,-62,53,-65,56,-69,55,-63,53,-55,54,-46,56,-43,55,-47,55,-50,55,-54,62,-57,66,-55,66]"
CSI_DATA,16699,1a:00:00:00:00:00,0,11,1,0,0,1,1,0,0,0,0,-96,0,6,0,56907314,0,47,1,256,1,"[47,-16,2,0,-88,-50,-81,-47,-72,-43,-68,-44,-76,-49,-82,-49,-80,-43,-83,-40,-92,-42,-91,-35,-78,-28,-64,-35,-67,-43,-82,-40,-96,-40,-96,-46,-78,-46,-64,-45,-59,-42,-59,-39,-54,-37,-56,-31,-62,-22,-48,-22,-33,-31,-8,-9,0,0,0,0,0,0,0,0,0,0,0,0,0,0,0,0,0,0,-8,-4,-26,-13,-26,-13,-40,-20,-45,-25,-45,-28,-54,-27,-60,-22,-53,-19,-55,-29,-73,-46,-78,-57,-71,-62,-65,-58,-55,-51,-51,-55,-55,-66,-58,-64,-59,-56,-53,-55,-45,-58,-46,-55,-58,-53,-69,-60,-74,-59,-73,-51,-69,-48,-24,0,-79,-10,-82,-14,-80,-15,-77,-15,-75,-15,-77,-13,-75,-9,-72,-5,-74,-8,-80,-13,-80,-11,-74,-10,-73,-13,-79,-12,-87,-6,-91,-5,-85,-8,-77,-7,-70,-8,-66,-12,-61,-15,-51,-15,-45,-15,-49,-13,-43,-16,-31,-19,-32,0,-26,0,-4,0,-1,0,0,0,1,-1,-1,0,-3,0,-6,0,-37,3,-32,3,-27,-4,-28,-5,-34,-10,-41,-9,-43,-5,-49,-2,-51,-2,-50,-2,-54,-11,-62,-25,-70,-35,-70,-33,-68,-32,-69,-32,-67,-32,-65,-33,-67,-31,-65,-27,-62,-26,-57,-26,-59,-27,-66,-28,-72,-31,-74,-32,-77,-31,-76,-29]"
CSI_DATA,16700,1a:00:00:00:00:00,0,11,1,0,0,1,1,0,0,0,0,-96,0,6,0,56907509,0,47,1,256,1,"[47,-16,2,0,-91,-35,-98,-39,-97,-41,-87,-37,-85,-35,-90,-33,-87,-30,-76,-22,-75,-21,-83,-26,-83,-28,-83,-33,-87,-38,-97,-36,-99,-27,-90,-25,-86,-30,-78,-30,-69,-28,-69,-29,-63,-26,-52,-19,-45,-14,-40,-15,-35,-17,-8,-5,0,0,0,0,0,0,0,0,0,0,0,0,0,0,0,0,0,0,-8,-8,-27,-23,-27,-14,-35,-21,-38,-26,-35,-15,-46,-8,-54,-7,-52,-12,-57,-25,-63,-40,-66,-49,-70,-54,-70,-52,-65,-50,-65,-55,-69,-62,-67,-54,-61,-44,-61,-47,-65,-51,-66,-47,-60,-41,-62,-43,-78,-51,-82,-52,-75,-46,-33,-10,-80,-29,-72,-30,-61,-30,-57,-27,-56,-27,-67,-28,-77,-29,-87,-27,-81,-25,-84,-21,-82,-20,-83,-17,-86,-16,-89,-15,-85,-12,-82,-10,-80,-13,-82,-21,-78,-27,-71,-23,-65,-23,-57,-21,-51,-17,-49,-14,-42,-16,-36,-20,-25,-15,-19,-14,-4,-4,-1,-2,0,0,0,0,-1,-1,-2,-2,-4,-5,-27,-23,-25,-16,-29,-13,-35,-15,-43,-19,-46,-23,-45,-20,-52,-16,-54,-16,-53,-24,-58,-35,-61,-46,-65,-48,-65,-49,-64,-49,-67,-49,-68,-49,-69,-52,-70,-50,-64,-48,-62,-47,-62,-48,-64,-47,-64,-44,-65,-43,-71,-45,-78,-46,-78,-44]"
CSI_DATA,16701,1a:00:00:00:00:00,-1,11,1,0,0,1,1,0,0,0,0,-96,0,6,0,56907665,0,47,1,256,1,"[47,-16,2,0,-31,-95,-37,-100,-38,-101,-36,-85,-35,-80,-35,-88,-32,-85,-32,-77,-33,-82,-29,-88,-23,-84,-21,-83,-31,-89,-44,-92,-46,-89,-36,-88,-25,-84,-24,-77,-27,-73,-26,-73,-26,-70,-23,-59,-12,-47,-6,-43,-6,-44,-2,-11,0,0,0,0,0,0,0,0,0,0,0,0,0,0,0,0,0,0,0,-13,-5,-42,-14,-30,-11,-37,-5,-46,-9,-40,-18,-45,-24,-54,-26,-56,-26,-69,-15,-86,3,-94,10,-95,8,-88,2,-80,-4,-86,-6,-93,-10,-83,-12,-74,-7,-73,-6,-75,-7,-75,-7,-76,-5,-84,-5,-94,-6,-97,-7,-92,-17,-7,-51,-28,-57,-30,-59,-30,-56,-26,-53,-19,-48,-13,-45,-10,-47,-9,-53,-13,-56,-21,-54,-26,-51,-24,-48,-24,-49,-23,-47,-21,-44,-20,-46,-20,-51,-18,-51,-16,-47,-8,-40,-6,-38,-10,-36,-14,-35,-15,-29,-20,-23,-28,-41,-12,-39,-18,-8,-4,-3,-2,0,-1,1,0,-1,-1,-3,-1,-8,-4,-42,-14,-38,-9,-23,-11,-28,-10,-29,-14,-29,-17,-32,-16,-36,-15,-34,-15,-38,-16,-42,-23,-41,-36,-39,-47,-35,-50,-35,-47,-38,-44,-38,-45,-38,-48,-45,-44,-45,-39,-40,-32,-36,-29,-38,-29,-39,-32,-40,-36,-42,-42,-44,-46,-41,-45]"
CSI_DATA,16702,1a:00:00:00:00:00,0,11,1,0,0,1,1,0,0,0,0,-96,0,6,0,56935835,0,47,1,256,1,"[47,-16,2,0,-79,63,-80,72,-70,78,-53,68,-45,69,-50,76,-51,70,-47,66,-51,71,-58,74,-58,65,-55,62,-58,75,-61,84,-58,76,-58,64,-54,59,-45,58,-40,57,-42,57,-43,59,-41,49,-40,32,-30,25,-17,24,-4,5,0,0,0,0,0,0,0,0,0,0,0,0,0,0,0,0,0,0,-12,8,-34,32,-19,28,-34,24,-48,21,-41,17,-34,21,-35,31,-40,41,-51,50,-65,45,-76,37,-80,37,-76,33,-69,33,-75,44,-88,45,-80,36,-64,29,-60,32,-59,43,-60,46,-63,37,-67,39,-74,49,-78,52,-77,48,-20,19,-61,66,-65,69,-63,71,-55,74,-47,73,-41,72,-39,74,-41,73,-44,73,-49,74,-52,71,-48,66,-43,65,-41,71,-42,76,-45,82,-47,78,-48,74,-44,71,-34,67,-31,61,-33,56,-32,48,-33,42,-32,36,-31,36,-35,33,-39,36,-8,7,-4,2,-1,-1,1,-1,-1,-1,-3,0,-8,2,-42,16,-35,17,-23,26,-23,31,-34,32,-47,32,-46,30,-42,35,-39,41,-43,45,-51,48,-64,45,-71,39,-70,35,-67,31,-68,33,-69,36,-75,38,-77,39,-71,38,-64,40,-60,46,-60,50,-62,48,-64,46,-68,49,-70,52,-64,52]"
CSI_DATA,16703,1a:00:00:00:00:00,0,11,1,0,0,1,1,0,0,0,0,-96,0,6,0,56936013,0,47,1,256,1,"[47,-16,2,0,72,-76,59,-78,40,-80,51,-78,68,-67,69,-59,65,-64,56,-70,45,-78,34,-90,26,-84,30,-73,37,-77,32,-87,37,-103,54,-100,59,-80,57,-61,54,-50,52,-51,45,-49,35,-55,29,-63,21,-44,20,-32,5,-9,0,0,0,0,0,0,0,0,0,0,0,0,0,0,0,0,0,0,6,-8,24,-32,26,-30,40,-31,48,-34,45,-31,48,-31,54,-33,54,-35,53,-39,59,-48,73,-54,81,-49,75,-45,73,-44,77,-43,81,-45,80,-46,74,-43,74,-38,71,-25,67,-17,68,-28,62,-42,58,-59,62,-70,69,-68,25,-15,78,-48,75,-47,70,-45,65,-44,69,-46,72,-47,70,-49,66,-53,63,-54,65,-52,63,-49,57,-40,61,-37,65,-47,63,-60,66,-70,67,-67,67,-59,64,-53,58,-42,54,-37,49,-32,42,-30,37,-31,32,-23,28,-18,30,-9,27,-12,4,-4,0,-2,0,-1,-2,0,0,-1,2,-1,5,-1,30,-3,25,-4,20,-14,24,-12,34,-12,44,-15,47,-21,52,-29,55,-29,58,-27,59,-20,64,-16,71,-10,74,-6,73,-3,78,-6,80,-8,83,-12,85,-17,79,-20,73,-18,69,-18,71,-15,74,-19,76,-21,78,-22,81,-22,79,-21]"
CSI_DATA,16706,1a:00:00:00:00:00,0,11,1,0,0,1,1,0,0,0,0,-96,0,6,0,57013039,0,47,1,256,1,"[47,-16,2,0,-47,-88,-48,-97,-40,-102,-37,-90,-43,-86,-45,-89,-44,-83,-41,-72,-44,-72,-50,-78,-50,-78,-48,-81,-51,-86,-56,-91,-61,-87,-59,-78,-48,-79,-39,-78,-36,-71,-38,-70,-36,-62,-33,-46,-32,-36,-29,-36,-23,-39,-5,-10,0,0,0,0,0,0,0,0,0,0,0,0,0,0,0,0,0,0,0,-11,-4,-37,-12,-32,-11,-43,-6,-47,-10,-40,-22,-47,-27,-55,-22,-55,-19,-66,-17,-77,-15,-86,-12,-94,-12,-92,-12,-86,-8,-91,-3,-100,-8,-92,-14,-79,-9,-79,-5,-84,-8,-81,-10,-73,-16,-75,-24,-92,-26,-99,-26,-95,-6,-27,-24,-86,-26,-89,-27,-92,-29,-85,-30,-75,-32,-76,-31,-78,-30,-77,-33,-77,-39,-78,-40,-79,-39,-76,-39,-79,-41,-82,-42,-82,-44,-84,-39,-79,-35,-77,-31,-76,-30,-69,-28,-66,-22,-59,-19,-50,-20,-46,-14,-44,-6,-45,5,-34,9,-30,2,-6,1,-2,-1,0,0,1,-1,-1,0,-2,0,-6,-7,-33,-8,-26,-12,-29,-12,-36,-10,-47,-4,-52,-6,-50,-12,-53,-14,-55,-11,-59,-8,-68,-5,-76,-5,-81,-5,-81,-4,-81,-2,-84,3,-86,9,-89,8,-88,6,-82,4,-78,2,-77,-2,-77,-6,-76,-9,-77,-12,-84,-14,-90,-14,-89]"
CSI_DATA,16707,1a:00:00:00:00:00,0,11,1,0,0,1,1,0,0,0,0,-96,0,6,0,57058137,0,47,1,256,1,"[47,-16,2,0,-19,-96,-22,-42,-18,17,-17,-33,-21,-91,-23,-95,-22,-90,-20,-79,-24,-80,-29,-88,-28,-88,-27,-89,-29,-96,-31,-103,-33,-99,-30,-89,-24,-88,-18,-82,-16,-75,-17,-74,-18,-66,-16,-51,-14,-43,-13,-40,-8,-39,-2,-10,0,0,0,0,0,0,0,0,0,0,0,0,0,0,0,0,0,0,2,-12,2,-41,-6,-35,0,-46,7,-51,-1,-41,-12,-47,-13,-55,-8,-57,-4,-69,2,-79,7,-85,7,-92,7,-90,9,-85,12,-91,17,-99,13,-89,6,-75,10,-78,13,-85,9,-82,7,-72,4,-76,-2,-95,-3,-102,-1,-96,3,-28,3,-91,1,-94,-2,-80,-6,-57,-8,-64,-10,-83,-9,-85,-8,-84,-10,-84,-15,-87,-16,-88,-17,-86,-18,-88,-19,-91,-21,-93,-21,-94,-15,-88,-11,-85,-8,-82,-10,-74,-9,-72,-5,-64,-3,-55,-3,-51,1,-48,7,-46,17,-34,20,-31,4,-6,1,-2,-1,0,-1,1,0,-1,1,-2,2,-7,7,-36,2,-31,-6,-34,-4,-40,3,-50,12,-53,10,-51,4,-54,2,-57,6,-60,10,-69,17,-75,18,-78,18,-77,18,-76,21,-79,25,-81,31,-83,31,-82,28,-76,25,-74,22,-74,19,-74,16,-75,13,-77,11,-85,10,-90,9,-89]"
CSI_DATA,16708,1a:00:00:00:00:00,-1,11,1,0,0,1,1,0,0,0,0,-96,0,6,0,57075822,0,47,1,256,1,"[47,-16,2,0,95,-10,106,-16,110,-20,98,-19,93,-17,98,-18,92,-16,77,-15,77,-21,90,-26,92,-24,92,-22,98,-22,102,-25,96,-24,87,-19,91,-19,86,-16,74,-12,73,-11,67,-10,56,-7,48,-5,40,-8,32,-7,7,-2,0,0,0,0,0,0,0,0,0,0,0,0,0,0,0,0,0,0,10,0,34,-5,29,-9,44,2,56,7,44,-2,41,-10,49,-9,57,-7,71,-3,78,5,83,11,89,9,87,7,85,7,94,10,100,17,86,20,72,16,79,14,86,11,82,7,71,8,73,5,95,-2,103,-4,92,1,24,12,82,28,84,26,86,23,82,17,73,16,76,14,79,14,78,15,79,14,82,9,85,8,83,6,83,6,86,5,88,4,89,7,84,12,81,14,78,17,69,12,65,10,58,12,50,13,48,12,43,13,40,15,26,31,19,30,3,6,0,1,-1,-1,-2,-2,-1,0,1,2,5,5,30,26,27,17,31,1,34,6,42,15,46,24,44,23,46,18,50,17,53,19,60,23,64,31,66,34,65,34,62,35,66,39,68,42,69,48,65,50,60,47,59,41,63,35,64,32,65,31,66,29,75,29,81,29,80,29]"
CSI_DATA,16709,1a:00:00:00:00:00,-1,11,1,0,0,1,1,0,0,0,0,-96,0,6,0,57086254,0,47,1,256,1,"[47,-16,2,0,-6,96,3,105,15,109,14,93,11,86,10,92,7,90,5,81,11,85,19,94,16,89,12,87,14,95,17,103,9,100,0,94,1,96,2,87,1,72,0,72,3,69,1,58,-4,49,2,38,3,28,0,6,0,0,0,0,0,0,0,0,0,0,0,0,0,0,0,0,0,0,1,12,10,41,9,33,-5,48,-12,62,-6,51,1,44,5,52,5,63,4,75,-6,82,-17,86,-19,88,-18,83,-16,80,-14,88,-20,95,-28,82,-27,68,-21,76,-14,83,-14,77,-20,69,-16,73,-6,92,-5,102,-12,97,-8,27,-18,89,-16,91,-11,93,-4,87,-3,78,-2,80,0,86,-2,87,-2,88,-1,89,0,89,0,83,0,79,3,82,6,89,3,95,-3,91,-6,89,-7,85,-3,73,-2,66,-4,62,-6,55,-7,51,-7,46,-7,45,-16,42,-17,43,-4,8,-2,3,0,-1,1,-2,-1,-1,-2,1,-5,6,-24,38,-19,36,1,34,-2,37,-11,45,-19,53,-18,52,-13,53,-9,55,-9,58,-12,65,-22,73,-30,74,-33,71,-35,66,-36,69,-35,71,-40,74,-43,75,-39,70,-33,69,-27,71,-26,72,-28,72,-27,73,-24,80,-23,85,-21,83]"
CSI_DATA,16710,1a:00:00:00:00:00,0,11,1,0,0,1,1,0,0,0,0,-96,0,6,0,57086450,0,47,1,256,1,"[47,-16,2,0,80,73,72,64,64,51,63,55,66,61,71,59,77,54,82,55,82,57,79,50,73,43,69,49,71,56,79,52,93,51,90,53,69,50,58,46,55,46,55,47,51,43,53,36,57,31,41,27,29,32,7,9,0,0,0,0,0,0,0,0,0,0,0,0,0,0,0,0,0,0,5,6,20,23,21,23,29,33,36,42,37,43,40,44,45,44,45,40,45,47,51,63,49,78,40,85,39,81,39,74,36,76,34,86,36,84,38,74,37,69,31,64,33,62,43,66,48,71,53,73,59,72,61,71,22,2,73,20,75,25,72,23,71,20,71,17,71,14,68,10,69,8,69,10,72,13,71,9,69,7,74,10,78,12,76,9,72,9,72,11,71,8,68,6,63,10,56,13,46,14,45,13,48,11,39,11,28,14,29,-4,18,-3,1,-1,-1,0,-1,-1,-2,-1,-1,-1,2,0,7,1,39,3,36,2,26,9,27,12,31,20,36,23,39,18,42,13,42,12,43,12,48,18,51,29,55,36,54,34,54,32,58,34,57,37,54,43,55,44,51,37,48,33,46,28,50,28,57,30,61,31,64,31,66,31,65,29]"
CSI_DATA,16711,1a:00:00:00:00:00,0,11,1,0,0,1,1,0,0,0,0,-96,0,6,0,57086656,0,47,1,256,1,"[47,-16,2,0,47,97,47,83,42,68,44,80,49,87,46,77,51,73,53,72,46,72,45,74,44,72,43,73,47,74,52,74,67,84,64,84,45,73,35,63,30,57,30,58,28,51,33,43,39,45,24,39,14,42,4,12,0,0,0,0,0,0,0,0,0,0,0,0,0,0,0,0,0,0,1,5,7,21,13,26,21,38,23,48,22,51,22,57,26,57,31,50,29,50,27,61,20,80,7,92,2,88,9,82,14,84,10,93,10,93,16,83,18,78,11,68,8,62,14,68,14,73,16,80,24,89,29,97,8,24,26,83,26,88,25,85,22,80,23,85,27,84,29,79,33,75,38,78,39,81,36,78,32,73,27,73,33,76,42,78,51,85,50,81,42,77,34,72,27,70,21,65,17,59,17,52,20,51,14,42,8,35,8,23,10,17,2,3,1,-1,0,-2,0,-2,-1,0,0,3,0,7,1,37,5,29,5,18,6,22,7,32,9,44,13,49,16,54,16,57,12,60,5,64,0,70,-4,79,-9,78,-14,75,-11,76,-9,80,-7,83,-4,88,-1,82,0,77,1,71,1,72,5,77,4,84,3,85,2,87,4,85]"
CSI_DATA,16712,1a:00:00:00:00:00,-1,11,1,0,0,1,1,0,0,0,0,-96,0,6,0,57086872,0,47,1,256,1,"[47,-16,2,0,0,103,10,49,16,-14,15,32,13,87,8,92,1,90,1,82,19,82,35,89,31,87,27,85,27,93,21,103,11,96,8,85,9,83,4,82,1,74,0,72,7,70,11,59,3,44,3,29,7,21,1,5,0,0,0,0,0,0,0,0,0,0,0,0,0,0,0,0,0,0,-1,11,2,35,7,27,-2,42,-12,56,-8,46,-2,39,-4,51,-5,64,0,77,1,85,-3,87,-2,87,-1,84,-1,82,-4,29,-15,-26,-20,20,-16,68,-14,76,-15,84,-19,78,-23,70,-13,78,7,97,15,103,10,94,-19,8,-53,41,-52,45,-52,30,-52,15,-46,33,-39,51,-34,53,-38,54,-41,53,-39,50,-38,45,-40,39,-39,38,-35,45,-35,50,-43,50,-46,44,-46,45,-46,49,-41,49,-37,46,-34,36,-32,25,-31,21,-28,16,-27,14,-41,-12,-41,-15,-8,-4,-4,-2,0,-1,1,0,-1,-1,-3,-2,-9,-3,-50,-11,-41,-7,-15,18,-20,14,-28,16,-36,18,-36,19,-35,25,-36,34,-37,39,-38,41,-44,36,-46,28,-45,20,-43,17,-49,19,-53,6,-60,-10,-61,4,-56,19,-51,25,-48,33,-49,37,-52,36,-48,35,-43,37,-43,37,-44,34]"
CSI_DATA,16713,1a:00:00:00:00:00,0,11,1,0,0,1,1,0,0,0,0,-96,0,6,0,57087019,0,47,1,256,1,"[47,-16,2,0,-96,55,-79,51,-62,46,-69,47,-79,51,-78,51,-76,56,-80,63,-81,63,-72,62,-64,55,-64,50,-66,55,-70,65,-80,82,-82,79,-72,54,-65,41,-60,38,-58,38,-54,32,-48,36,-45,47,-38,34,-37,23,-11,6,0,0,0,0,0,0,0,0,0,0,0,0,0,0,0,0,0,0,-6,3,-23,14,-34,13,-51,18,-58,23,-57,24,-57,27,-56,32,-52,34,-58,32,-72,31,-86,24,-92,12,-89,11,-83,16,-81,16,-88,13,-92,13,-84,20,-77,19,-69,11,-67,11,-78,21,-85,24,-87,28,-88,36,-89,39,-25,12,-84,38,-86,36,-83,33,-79,30,-79,32,-79,36,-74,39,-71,41,-75,44,-81,44,-77,40,-72,33,-76,32,-80,40,-81,50,-86,59,-82,54,-76,44,-73,39,-68,31,-62,27,-54,21,-48,20,-45,22,-41,16,-35,10,-29,7,-23,9,-3,2,0,1,-1,0,1,-1,-1,0,-3,1,-7,1,-35,6,-32,5,-27,8,-31,6,-41,6,-48,11,-50,18,-55,24,-56,25,-56,24,-61,18,-70,12,-80,4,-81,1,-80,-1,-84,-1,-84,-1,-86,2,-89,6,-83,10,-78,8,-72,6,-73,5,-78,9,-83,11,-87,12,-91,14,-90,15]"
CSI_DATA,16714,1a:00:00:00:00:00,0,11,1,0,0,1,1,0,0,0,0,-96,0,6,0,57087197,0,47,1,256,1,"[47,-16,2,0,87,-59,91,-56,90,-51,79,-45,74,-44,76,-50,72,-53,67,-54,70,-58,76,-58,75,-52,75,-47,84,-51,87,-61,75,-65,65,-60,62,-52,61,-46,63,-41,66,-40,66,-40,56,-37,39,-29,33,-19,38,-15,10,-4,0,0,0,0,0,0,0,0,0,0,0,0,0,0,0,0,0,0,10,-4,33,-14,21,-18,32,-20,42,-19,35,-23,33,-29,41,-29,47,-28,65,-34,82,-36,86,-29,88,-27,84,-29,77,-29,86,-27,94,-24,82,-27,72,-30,69,-25,71,-22,71,-27,70,-30,78,-32,88,-37,93,-38,88,-34,23,-15,75,-50,77,-52,76,-52,75,-50,70,-47,68,-46,67,-44,65,-47,61,-54,59,-63,55,-64,49,-60,53,-61,60,-63,63,-67,65,-68,63,-59,60,-52,62,-48,58,-42,57,-40,51,-33,43,-28,37,-28,35,-22,37,-14,28,-19,23,-16,5,-3,0,-1,-1,-1,-2,0,0,0,2,-1,6,-2,32,-14,23,-14,25,-21,29,-21,40,-20,47,-17,46,-20,46,-24,47,-24,50,-24,59,-30,68,-31,69,-33,68,-33,66,-33,73,-32,78,-24,85,-20,83,-20,78,-20,72,-17,70,-16,67,-19,66,-26,65,-32,70,-40,75,-44,75,-43]"
CSI_DATA,16715,1a:00:00:00:00:00,-1,11,1,0,0,1,1,0,0,0,0,-96,0,6,0,57087447,0,47,1,256,1,"[47,-16,2,0,-43,-90,-53,-79,-62,-64,-56,-63,-54,-68,-57,-72,-51,-74,-48,-72,-58,-70,-64,-67,-57,-60,-55,-56,-60,-59,-65,-64,-65,-76,-57,-88,-53,-79,-50,-67,-42,-59,-42,-58,-44,-53,-44,-49,-39,-51,-29,-37,-19,-26,-4,-7,0,0,0,0,0,0,0,0,0,0,0,0,0,0,0,0,0,0,-6,-11,-22,-36,-17,-28,-16,-43,-24,-65,-21,-62,-16,-45,-27,-44,-37,-54,-39,-64,-37,-78,-31,-91,-22,-89,-15,-76,-17,-62,-28,-66,-29,-82,-11,-81,-4,-73,-15,-72,-21,-69,-13,-67,-10,-72,-21,-78,-36,-81,-42,-77,-38,-74,15,-15,33,-53,29,-55,26,-50,25,-40,26,-37,25,-45,20,-52,21,-55,19,-55,18,-54,18,-52,17,-46,18,-44,16,-49,15,-55,19,-61,25,-63,27,-58,25,-53,18,-46,15,-43,13,-37,15,-33,14,-34,14,-30,12,-27,39,-14,30,-9,5,-3,0,-1,-1,0,-2,-1,-1,0,3,0,7,-2,40,-4,32,-7,3,-16,8,-18,14,-24,18,-31,22,-34,25,-34,23,-34,22,-37,23,-38,26,-42,31,-41,38,-35,43,-27,46,-26,40,-27,41,-33,46,-38,45,-38,37,-36,30,-38,30,-39,33,-42,32,-44,30,-44,29,-43,30,-43]"
CSI_DATA,16717,1a:00:00:00:00:00,0,11,1,0,0,1,1,0,0,0,0,-96,0,6,0,57087782,0,47,1,256,1,"[47,-16,2,0,-49,89,-46,88,-50,80,-50,76,-48,78,-48,78,-44,77,-39,79,-42,83,-42,84,-36,71,-37,59,-41,68,-38,85,-33,98,-35,99,-38,83,-40,66,-42,58,-42,58,-36,57,-30,57,-26,56,-26,41,-30,33,-8,8,0,0,0,0,0,0,0,0,0,0,0,0,0,0,0,0,0,0,-7,5,-21,18,-16,22,-21,32,-29,38,-26,40,-26,46,-30,49,-30,47,-36,54,-53,61,-69,59,-77,55,-73,51,-65,49,-64,52,-69,54,-64,54,-53,60,-53,58,-57,48,-53,45,-52,53,-62,59,-67,64,-66,65,-64,62,-2,21,-8,74,-8,79,-7,80,-7,76,-7,72,-8,71,-8,69,-4,67,3,69,10,71,15,65,19,56,19,59,14,67,13,67,12,67,6,70,4,69,2,66,2,62,0,60,-3,52,-1,45,1,42,-3,35,-9,26,8,31,5,32,-1,6,-1,2,0,-1,0,-2,-1,-1,-1,1,-1,6,0,36,4,32,-1,27,-4,33,-12,41,-16,45,-14,45,-11,49,-11,49,-12,50,-14,57,-21,61,-21,63,-18,59,-14,59,-17,63,-25,62,-34,63,-34,64,-31,65,-31,63,-32,58,-28,58,-22,60,-18,60,-14,64,-13,68,-12,67]"
CSI_DATA,16718,1a:00:00:00:00:00,0,11,1,0,0,1,1,0,0,0,0,-96,0,6,0,57110738,0,47,1,256,1,"[47,-16,2,0,-15,95,-21,99,-32,95,-30,83,-26,84,-27,90,-21,86,-12,80,-7,87,-1,94,1,84,-8,78,-17,88,-13,101,-2,101,3,94,-6,90,-18,84,-22,74,-20,71,-16,70,-4,62,6,53,1,46,-7,43,-2,10,0,0,0,0,0,0,0,0,0,0,0,0,0,0,0,0,0,0,-5,6,-12,22,-5,24,-8,39,-12,42,-8,39,-8,51,-14,57,-18,52,-25,61,-29,77,-31,83,-35,83,-33,78,-33,72,-44,74,-54,80,-44,76,-31,71,-36,67,-46,64,-40,62,-32,64,-30,76,-28,91,-27,93,-25,85,-19,11,-57,46,-57,47,-59,49,-62,53,-59,54,-57,58,-50,59,-48,57,-45,57,-45,60,-45,55,-47,46,-55,45,-56,51,-50,58,-48,59,-44,52,-45,53,-49,55,-46,52,-42,47,-38,37,-33,29,-28,26,-24,22,-24,14,-27,-11,-21,-15,-4,-4,-2,-2,0,0,1,0,-1,-1,-3,-1,-7,-2,-36,-4,-32,1,-22,17,-25,16,-31,21,-36,20,-35,23,-33,33,-36,39,-40,36,-48,36,-52,34,-56,34,-56,31,-57,27,-64,25,-67,26,-70,27,-65,26,-57,27,-57,30,-58,33,-56,36,-55,37,-52,40,-57,41,-63,40,-63,38]"
CSI_DATA,16719,1a:00:00:00:00:00,0,11,1,0,0,1,1,0,0,0,0,-96,0,6,0,57110894,0,47,1,256,1,"[47,-16,2,0,-13,-98,-7,-39,-2,21,-9,-31,-19,-90,-23,-94,-24,-87,-26,-81,-27,-87,-27,-92,-23,-89,-18,-90,-15,-99,-16,-105,-24,-99,-27,-89,-18,-82,-15,-79,-17,-76,-16,-77,-14,-77,-14,-63,-11,-45,-8,-38,-9,-39,-3,-10,0,0,0,0,0,0,0,0,0,0,0,0,0,0,0,0,0,0,0,-11,-3,-35,-10,-32,-6,-43,2,-46,-1,-39,-9,-47,-11,-58,-9,-62,-8,-74,-5,-83,3,-85,8,-88,8,-87,10,-84,20,-91,27,-99,19,-91,9,-77,11,-73,10,-77,4,-78,3,-74,0,-82,-2,-97,-1,-102,1,-95,14,-20,39,-69,38,-68,39,-48,41,-27,33,-38,25,-62,17,-68,18,-68,16,-68,14,-73,17,-75,21,-70,27,-73,28,-76,26,-70,24,-61,22,-62,21,-68,23,-67,17,-63,17,-61,17,-51,16,-42,15,-37,17,-33,20,-29,33,-9,31,-4,6,0,1,0,-1,-1,-2,0,0,0,2,-1,6,-2,37,-15,26,-15,7,-25,10,-24,18,-30,27,-30,27,-31,22,-36,22,-44,24,-47,28,-51,33,-51,36,-53,38,-51,39,-50,50,-52,55,-51,57,-48,53,-44,46,-40,43,-41,40,-47,36,-51,36,-55,32,-58,35,-65,41,-66,42,-62]"
CSI_DATA,16720,1a:00:00:00:00:00,0,11,1,0,0,1,1,0,0,0,0,-96,0,6,0,57111099,0,47,1,256,1,"[47,-16,2,0,-69,-73,-70,-83,-59,-84,-53,-74,-58,-75,-59,-78,-57,-70,-51,-58,-60,-51,-77,-45,-79,-38,-78,-47,-77,-63,-81,-67,-80,-60,-74,-50,-71,-57,-61,-66,-51,-64,-52,-59,-51,-47,-48,-26,-50,-14,-49,-18,-40,-28,-9,-8,0,0,0,0,0,0,0,0,0,0,0,0,0,0,0,0,0,0,-2,-10,-8,-32,-15,-25,-24,-34,-22,-42,-19,-40,-28,-47,-31,-52,-21,-54,-22,-63,-40,-67,-53,-73,-53,-77,-48,-73,-42,-72,-33,-82,-26,-93,-28,-84,-31,-70,-26,-76,-18,-83,-18,-78,-22,-67,-37,-62,-58,-69,-66,-72,-64,-68,5,-19,9,-65,10,-66,11,-68,12,-66,11,-60,6,-66,-1,-69,-2,-65,0,-61,-2,-60,0,-55,8,-51,9,-57,3,-66,-5,-60,-4,-52,-5,-52,-7,-60,-6,-62,-3,-60,-2,-57,3,-47,6,-34,3,-28,1,-24,3,-23,23,-2,16,4,2,1,0,1,-1,0,-1,0,0,-1,1,-1,4,-2,24,-14,21,-16,6,-23,7,-22,7,-28,13,-31,13,-31,6,-37,5,-45,11,-51,18,-51,19,-47,20,-46,20,-42,25,-41,30,-48,34,-55,33,-58,30,-55,22,-49,19,-51,17,-55,18,-58,19,-57,17,-56,16,-56,18,-56,17,-50]"
CSI_DATA,16721,1a:00:00:00:00:00,-1,11,1,0,0,1,1,0,0,0,0,-96,0,6,0,57111246,0,47,1,256,1,"[47,-16,2,0,93,21,91,10,91,0,84,3,84,4,92,2,90,1,91,-1,98,-1,95,-1,82,6,74,11,82,0,94,-15,103,-17,104,-7,93,0,80,0,71,0,70,-2,67,-3,64,2,62,2,48,-2,39,1,9,1,0,0,0,0,0,0,0,0,0,0,0,0,0,0,0,0,0,0,10,4,37,9,33,9,42,24,54,30,52,21,49,14,54,13,59,12,67,19,73,39,70,59,65,68,61,65,60,53,66,43,72,45,66,49,64,45,68,40,68,36,66,33,67,37,71,43,79,44,83,43,79,46,9,-11,40,-28,42,-30,42,-34,39,-38,34,-42,39,-38,43,-36,40,-36,40,-40,42,-42,40,-41,33,-37,31,-41,33,-34,35,-28,36,-20,32,-12,32,-15,36,-25,38,-35,37,-40,32,-30,26,-27,25,-30,21,-28,16,-20,-9,-31,-15,-24,-4,-4,-3,-1,-1,0,-2,1,0,-1,2,-4,5,-8,27,-36,19,-31,19,-10,16,-9,18,-4,27,-8,31,-15,31,-21,33,-19,37,-19,44,-15,50,-9,52,-8,46,-9,46,-6,47,-7,51,-9,50,-9,50,-13,47,-14,47,-13,47,-11,49,-15,49,-17,50,-17,52,-17,54,-19,50,-18]"
CSI_DATA,16722,1a:00:00:00:00:00,-1,11,1,0,0,1,1,0,0,0,0,-96,0,6,0,57175776,0,47,1,256,1,"[47,-16,2,0,91,-20,94,-28,102,-37,93,-34,85,-28,89,-28,87,-23,81,-21,86,-29,90,-34,81,-31,78,-24,85,-26,94,-37,97,-36,91,-24,85,-17,80,-13,73,-11,70,-11,63,-14,54,-10,47,-3,36,-2,30,0,7,0,0,0,0,0,0,0,0,0,0,0,0,0,0,0,0,0,0,0,10,-4,34,-17,28,-16,46,-9,59,-5,46,-11,41,-19,50,-21,54,-21,63,-23,77,-16,89,-6,91,-3,83,-2,75,-2,79,-5,90,-8,83,-3,73,2,76,1,76,0,72,1,70,1,79,-3,93,-9,96,-11,91,-8,22,-15,71,-44,72,-49,70,-54,68,-56,64,-54,60,-53,59,-52,58,-51,58,-54,60,-57,59,-57,53,-54,52,-51,55,-53,57,-58,62,-60,63,-53,61,-48,61,-46,51,-41,45,-36,44,-33,40,-30,39,-27,38,-20,39,-14,35,-21,36,-18,7,-4,2,-2,-1,0,-1,0,0,0,1,-2,4,-6,21,-30,15,-28,18,-23,23,-26,34,-25,45,-24,46,-27,44,-32,42,-32,45,-33,52,-37,63,-35,69,-30,67,-26,65,-24,67,-25,70,-25,76,-24,77,-26,73,-26,69,-23,67,-23,66,-24,65,-27,66,-29,71,-36,74,-39,71,-38]"
CSI_DATA,16723,1a:00:00:00:00:00,-1,11,1,0,0,1,1,0,0,0,0,-96,0,6,0,57175936,0,47,1,256,1,"[47,-16,2,0,97,-32,84,-37,69,-44,73,-42,81,-35,80,-33,80,-37,80,-40,76,-45,70,-54,63,-52,67,-42,73,-41,70,-52,79,-64,87,-55,76,-38,66,-29,61,-24,61,-25,57,-25,54,-29,53,-34,37,-24,29,-14,8,-4,0,0,0,0,0,0,0,0,0,0,0,0,0,0,0,0,0,0,7,-5,28,-18,28,-15,41,-13,54,-13,53,-12,52,-13,55,-13,57,-15,60,-18,67,-18,79,-13,86,-4,82,-1,80,-3,84,-5,88,-4,86,0,79,0,77,-1,68,4,61,3,69,-3,72,-5,78,-15,87,-25,91,-24,26,-11,88,-29,91,-25,86,-22,72,-22,66,-23,70,-25,75,-31,76,-36,77,-40,80,-41,78,-43,74,-39,75,-31,82,-34,81,-43,82,-48,78,-43,73,-39,67,-33,64,-26,60,-22,54,-20,51,-20,51,-21,42,-16,34,-13,26,-13,17,-15,1,-3,-2,-2,-1,-1,-2,0,0,-1,3,-2,7,-4,40,-16,34,-9,25,-5,27,-3,36,-1,47,-4,50,-11,52,-16,55,-14,60,-12,65,-7,71,-3,78,-1,78,-1,78,2,81,4,84,7,83,9,85,10,77,7,73,5,69,2,71,-1,77,-5,82,-9,83,-12,84,-15,81,-16]"
CSI_DATA,16724,1a:00:00:00:00:00,0,11,1,0,0,1,1,0,0,0,0,-96,0,6,0,57176114,0,47,1,256,1,"[47,-16,2,0,-83,-60,-84,-65,-70,-64,-57,-55,-60,-59,-64,-64,-64,-61,-66,-53,-75,-44,-84,-34,-82,-28,-79,-37,-81,-52,-83,-57,-86,-52,-84,-50,-73,-53,-57,-56,-50,-56,-53,-56,-52,-49,-50,-30,-54,-16,-50,-20,-39,-32,-9,-10,0,0,0,0,0,0,0,0,0,0,0,0,0,0,0,0,0,0,-7,-11,-23,-32,-25,-20,-34,-23,-34,-31,-33,-33,-43,-34,-47,-34,-40,-38,-45,-50,-62,-54,-72,-55,-74,-60,-69,-58,-62,-57,-55,-69,-51,-81,-50,-73,-50,-59,-43,-61,-35,-69,-35,-68,-41,-61,-52,-56,-69,-54,-77,-52,-73,-50,-19,-18,-64,-59,-71,-59,-76,-60,-76,-56,-71,-50,-67,-51,-64,-54,-62,-52,-67,-48,-77,-42,-78,-37,-74,-33,-76,-36,-77,-42,-69,-43,-64,-45,-64,-47,-65,-50,-60,-52,-57,-49,-54,-48,-49,-46,-43,-37,-43,-29,-34,-27,-21,-30,-11,-28,-9,-31,-2,-7,-1,-3,0,0,0,0,-1,-1,-2,-1,-4,-3,-24,-11,-20,-7,-21,-14,-28,-20,-37,-28,-39,-36,-38,-33,-44,-31,-46,-32,-46,-38,-50,-47,-56,-55,-62,-56,-59,-52,-59,-49,-58,-52,-53,-60,-49,-66,-50,-66,-50,-62,-47,-62,-41,-62,-43,-63,-49,-60,-55,-57,-65,-57,-70,-57,-66,-52]"
CSI_DATA,16725,1a:00:00:00:00:00,0,11,1,0,0,1,1,0,0,0,0,-96,0,6,0,57176337,0,47,1,256,1,"[47,-16,2,0,12,-106,10,-98,7,-85,6,-92,2,-96,-1,-89,-3,-90,-3,-84,1,-77,7,-82,12,-84,12,-88,8,-93,5,-33,0,18,3,-42,12,-89,9,-78,4,-71,6,-71,7,-60,2,-52,0,-54,10,-49,19,-51,5,-15,0,0,0,0,0,0,0,0,0,0,0,0,0,0,0,0,0,0,2,-8,8,-31,3,-34,6,-43,10,-50,6,-49,1,-56,-5,-61,-11,-57,-6,-59,5,-67,22,-80,36,-87,35,-85,31,-85,29,-86,33,-83,30,-81,20,-77,17,-75,18,-69,20,-67,19,-71,20,-67,26,-73,27,-88,24,-96,-4,-35,-6,-86,-5,-74,-5,-57,-6,-41,-7,-40,-7,-58,-10,-75,-12,-85,-15,-78,-17,-78,-18,-75,-16,-73,-14,-79,-15,-88,-22,-73,-26,-57,-16,-66,-9,-74,-8,-70,-10,-70,-6,-69,-3,-60,-7,-52,-9,-51,-1,-45,10,-38,-2,-23,4,-14,1,-2,1,0,-1,0,0,1,0,-1,-2,-2,-2,-7,-10,-36,-10,-31,-4,-28,-4,-32,-1,-39,2,-43,0,-43,0,-50,0,-56,-1,-60,-1,-65,3,-70,4,-76,3,-82,3,-71,7,-62,11,-51,17,-44,18,-48,13,-57,11,-67,11,-75,10,-67,5,-73,1,-76,2,-77,3,-79,1,-79]"
CSI_DATA,16729,1a:00:00:00:00:00,0,11,1,0,0,1,1,0,0,0,0,-96,0,6,0,57217274,0,47,1,256,1,"[47,-16,2,0,-26,-104,-24,-100,-21,-83,-20,-84,-16,-92,-12,-88,-18,-85,-26,-83,-32,-80,-41,-78,-45,-72,-41,-74,-36,-82,-37,-85,-52,-97,-51,-101,-28,-92,-15,-84,-13,-77,-15,-74,-15,-64,-26,-52,-40,-47,-27,-44,-12,-43,-3,-12,0,0,0,0,0,0,0,0,0,0,0,0,0,0,0,0,0,0,-1,-8,-4,-31,-8,-35,-11,-47,-6,-48,-2,-51,-2,-65,-4,-69,-4,-62,-1,-63,-10,-73,-11,-87,0,-93,1,-88,1,-84,11,-84,18,-91,8,-97,2,-88,10,-79,21,-71,23,-68,12,-74,2,-77,-8,-82,-18,-90,-20,-97,8,-21,26,-72,33,-75,37,-72,38,-68,36,-71,31,-75,24,-74,21,-71,21,-70,24,-71,25,-65,29,-58,32,-61,31,-65,24,-65,17,-79,13,-84,19,-80,20,-75,20,-69,19,-63,19,-50,15,-38,11,-35,13,-31,19,-26,18,-11,12,-12,1,-3,-1,-1,-1,0,-2,0,0,-1,1,-1,4,-2,24,-12,19,-11,9,-20,12,-21,15,-28,19,-32,20,-38,18,-49,20,-51,26,-48,35,-44,39,-41,44,-44,47,-43,50,-39,52,-42,58,-45,58,-51,54,-56,47,-55,44,-54,41,-53,43,-53,44,-57,47,-57,49,-54,48,-55,44,-57]"
CSI_DATA,16730,1a:00:00:00:00:00,0,11,1,0,0,1,1,0,0,0,0,-96,0,6,0,57244801,0,47,1,256,1,"[47,-16,2,0,34,-96,29,-85,24,-74,26,-83,17,-91,7,-86,1,-87,3,-91,14,-93,21,-93,25,-79,24,-70,14,-80,9,-95,6,-109,3,-108,3,-94,3,-82,3,-72,2,-70,0,-58,-2,-53,0,-60,8,-52,17,-51,5,-15,0,0,0,0,0,0,0,0,0,0,0,0,0,0,0,0,0,0,3,-6,14,-19,20,-21,31,-36,35,-51,31,-52,29,-50,23,-55,12,-54,15,-54,36,-66,61,-68,73,-59,71,-51,61,-51,53,-59,60,-61,65,-57,55,-63,47,-70,40,-62,33,-57,37,-64,49,-66,58,-67,56,-71,51,-75,16,-19,55,-67,59,-69,57,-64,55,-58,54,-63,47,-64,40,-63,38,-64,38,-69,39,-76,37,-77,37,-71,40,-69,41,-75,38,-81,38,-86,35,-80,34,-75,34,-67,36,-62,36,-57,33,-50,27,-47,22,-50,21,-41,20,-31,18,-7,12,1,1,1,-1,1,-1,0,-2,0,0,0,2,-2,5,-4,32,-15,26,-13,17,-12,20,-13,29,-20,36,-26,36,-29,38,-31,41,-31,44,-31,50,-33,60,-40,69,-47,77,-45,65,-40,51,-38,38,-37,35,-36,42,-37,49,-38,57,-38,64,-36,55,-36,57,-44,63,-52,64,-57,63,-60,60,-61]"
CSI_DATA,16731,1a:00:00:00:00:00,-1,11,1,0,0,1,1,0,0,0,0,-96,0,6,0,57244979,0,47,1,256,1,"[47,-16,2,0,-94,-6,-105,-3,-105,-8,-95,-7,-95,-5,-99,-10,-92,-13,-76,-8,-75,2,-87,11,-91,12,-93,10,-98,9,-103,6,-101,5,-93,4,-95,-1,-90,-8,-77,-9,-75,-8,-69,-2,-54,5,-47,8,-47,11,-46,13,-12,3,0,0,0,0,0,0,0,0,0,0,0,0,0,0,0,0,0,0,-10,-6,-36,-13,-33,-5,-45,-14,-52,-21,-44,-14,-46,-9,-55,-8,-58,-10,-66,-17,-72,-21,-79,-24,-87,-26,-87,-25,-87,-25,-89,-31,-88,-41,-76,-37,-66,-27,-71,-30,-77,-33,-76,-34,-68,-33,-71,-24,-91,-15,-98,-11,-89,-12,-26,-4,-86,-9,-92,-7,-96,-3,-88,0,-77,4,-78,6,-82,5,-81,5,-84,7,-85,10,-83,13,-81,17,-81,17,-83,17,-85,16,-90,13,-85,7,-77,4,-67,3,-67,8,-70,8,-64,6,-53,6,-50,5,-46,1,-46,-3,-33,-14,-34,-18,-8,-4,-3,-3,0,-1,1,0,-1,-1,-2,-1,-6,-1,-34,-2,-31,3,-33,-1,-40,-2,-49,-8,-54,-16,-52,-15,-54,-11,-55,-8,-60,-9,-68,-13,-74,-18,-79,-20,-76,-20,-74,-23,-75,-26,-76,-30,-76,-35,-76,-33,-72,-28,-69,-27,-70,-26,-75,-25,-74,-23,-76,-20,-84,-17,-89,-13,-85,-10]"
CSI_DATA,16732,1a:00:00:00:00:00,-1,11,1,0,0,1,1,0,0,0,0,-96,0,6,0,57245139,0,47,1,256,1,"[47,-16,2,0,72,-71,58,-82,44,-90,49,-78,59,-62,65,-59,68,-59,63,-61,50,-73,38,-87,34,-83,39,-74,46,-76,50,-84,59,-87,65,-77,62,-63,60,-50,57,-38,57,-37,47,-39,40,-43,40,-42,25,-29,15,-23,4,-6,0,0,0,0,0,0,0,0,0,0,0,0,0,0,0,0,0,0,5,-10,18,-36,19,-32,35,-37,46,-45,38,-39,32,-33,39,-36,44,-42,46,-50,53,-57,65,-60,67,-58,64,-56,60,-53,63,-55,73,-59,73,-47,65,-37,64,-41,63,-39,63,-29,67,-29,63,-44,58,-68,59,-77,64,-68,20,9,67,15,65,11,58,7,46,4,45,4,57,4,66,2,69,2,66,2,58,4,52,5,46,7,47,7,55,3,61,-3,68,-4,69,0,68,5,67,7,61,3,55,1,46,4,40,8,38,8,30,11,28,8,28,34,27,30,5,4,1,1,0,0,-1,-2,-1,0,0,3,3,7,17,42,16,33,11,-1,16,5,25,9,32,14,33,15,35,12,39,6,42,7,43,9,44,14,40,19,33,26,29,29,34,31,35,28,39,29,45,32,45,29,44,22,48,17,51,18,52,21,49,20,45,17,43,16,43,16]"
CSI_DATA,16733,1a:00:00:00:00:00,0,11,1,0,0,1,1,0,0,0,0,-96,0,6,0,57245317,0,47,1,256,1,"[47,-16,2,0,-34,92,-31,88,-27,77,-29,72,-33,78,-32,80,-28,80,-23,84,-22,91,-18,91,-14,77,-18,67,-22,76,-19,88,-16,101,-20,103,-26,91,-29,76,-30,66,-26,65,-21,61,-15,58,-9,62,-13,54,-22,45,-7,11,0,0,0,0,0,0,0,0,0,0,0,0,0,0,0,0,0,0,-4,9,-12,30,-12,28,-20,40,-23,50,-19,50,-20,53,-19,55,-14,51,-20,56,-32,74,-45,83,-55,77,-53,68,-45,62,-45,63,-53,66,-53,66,-48,66,-46,63,-47,54,-44,51,-43,60,-46,69,-46,74,-40,75,-35,74,-7,26,-27,84,-31,85,-30,81,-30,76,-29,75,-26,79,-20,78,-19,76,-19,76,-23,80,-21,80,-19,72,-23,74,-25,84,-22,91,-22,95,-24,90,-25,84,-26,77,-28,68,-27,62,-24,53,-21,49,-19,52,-20,45,-21,33,-12,26,-6,18,0,1,0,-1,0,0,0,-2,0,0,-1,1,-3,5,-13,33,-12,31,-13,28,-13,28,-20,34,-22,40,-17,44,-15,50,-16,53,-17,53,-23,57,-32,61,-41,66,-42,66,-43,63,-45,66,-48,66,-51,66,-51,66,-45,64,-42,60,-38,57,-38,56,-38,62,-40,67,-40,69,-38,71,-33,72]"
CSI_DATA,16734,1a:00:00:00:00:00,0,11,1,0,0,1,1,0,0,0,0,-96,0,6,0,57245495,0,47,1,256,1,"[47,-16,2,0,90,19,100,22,103,21,98,16,98,13,99,14,89,10,74,5,74,12,83,24,82,28,82,30,89,28,100,20,103,12,93,16,89,27,85,26,76,20,72,20,62,17,47,15,42,17,43,19,42,17,10,3,0,0,0,0,0,0,0,0,0,0,0,0,0,0,0,0,0,0,9,2,35,5,33,0,42,9,43,12,37,3,51,-4,57,-11,54,-11,62,1,71,19,78,37,81,44,75,39,74,36,82,37,87,41,79,31,69,21,68,27,74,26,76,21,69,21,69,27,83,38,90,40,84,35,24,5,81,14,85,11,88,10,82,7,75,4,76,5,81,8,80,7,81,2,83,-1,80,0,75,-1,74,0,80,0,87,-1,92,2,87,9,84,15,77,16,69,12,66,13,58,14,46,10,43,9,40,16,37,20,27,14,27,16,6,3,2,1,-1,-1,-2,0,0,0,1,0,5,-2,30,-10,26,-13,29,-9,37,-7,46,-2,50,2,47,-1,50,-4,52,-3,57,-2,64,2,71,9,76,13,75,15,70,16,71,19,73,26,67,32,62,28,65,23,67,23,66,24,69,22,72,19,76,18,81,18,82,15,79,10]"
CSI_DATA,16736,1a:00:00:00:00:00,-1,11,1,0,0,1,1,0,0,0,0,-96,0,6,0,57262355,0,47,1,256,1,"[47,-16,2,0,52,84,53,76,53,71,51,74,51,75,54,72,57,66,61,65,64,73,64,70,53,59,40,60,47,68,67,68,81,69,75,73,58,69,49,64,45,59,43,56,39,53,39,49,41,44,29,35,21,31,5,8,0,0,0,0,0,0,0,0,0,0,0,0,0,0,0,0,0,0,4,6,17,20,15,22,18,38,24,48,29,46,34,46,37,48,36,43,37,51,32,72,22,85,12,88,8,84,9,78,14,79,18,85,20,82,24,76,25,76,18,74,18,69,26,73,27,81,27,88,30,89,33,86,3,-8,14,-12,17,-12,22,-16,25,-16,23,-15,22,-14,20,-17,18,-18,16,-24,13,-27,13,-24,12,-24,13,-22,15,-21,19,-19,21,-21,14,-19,12,-23,17,-20,20,-21,20,-17,16,-15,11,-12,14,-12,15,-9,11,-5,4,-21,-3,-14,-1,-2,-2,0,-1,0,-1,1,0,-1,0,-4,2,-8,16,-37,13,-28,8,-5,6,-2,5,4,8,0,12,-6,16,-9,17,-7,19,-10,22,-9,23,-5,22,-7,16,-12,18,-13,21,-11,22,-10,19,-6,23,-8,25,-7,24,-5,21,-4,25,-9,24,-10,22,-11,19,-10,22,-8,21,-5]"
